column_id,group_id,demand_source,voyage_id,flow,port,size,height,area_no,bay_no,six_bay_block_id,quantity,stack_units,intrinsic_cost
C0000001,453388_S070,document,453388,OF,CAVAN,45,HQ,4A,61,,1,1,7.0
C0000002,453388_S070,document,453388,OF,CAVAN,45,HQ,4A,61,,3,1,7.0
C0000003,453388_S070,document,453388,OF,CAVAN,45,HQ,69,01,69-SB01,1,1,1.0
C0000004,453388_S070,document,453388,OF,CAVAN,45,HQ,69,01,69-SB01,3,1,1.0
C0000005,453388_S070,document,453388,OF,CAVAN,45,HQ,69,01,69-SB01,6,2,1.0
C0000006,453356_F034,forecast_fallback,453356,OF,USSAV,45,HQ,38,05,38-SB01,1,1,1.0
C0000007,453356_F034,forecast_fallback,453356,OF,USSAV,45,HQ,38,05,38-SB01,3,1,1.0
C0000008,453388_S071,document,453388,OF,CAVAN,45,HQ,4A,61,,1,1,7.0
C0000009,453388_S071,document,453388,OF,CAVAN,45,HQ,4A,61,,2,1,7.0
C0000010,453388_S071,document,453388,OF,CAVAN,45,HQ,69,01,69-SB01,1,1,1.0
C0000011,453388_S071,document,453388,OF,CAVAN,45,HQ,69,01,69-SB01,2,1,1.0
C0000012,453356_F020,forecast_fallback,453356,OF,MXLZC,45,HQ,38,05,38-SB01,1,1,1.0
C0000013,453356_F020,forecast_fallback,453356,OF,MXLZC,45,HQ,39,61,,1,1,10.0
C0000014,453356_F024,forecast_fallback,453356,OF,USCHS,45,HQ,38,05,38-SB01,1,1,1.0
C0000015,453356_F025,forecast_fallback,453356,OF,USNW2,45,HQ,38,05,38-SB01,1,1,1.0
C0000016,453388_S072,document,453388,OF,CAVAN,45,HQ,4A,61,,1,1,7.0
C0000017,453388_S072,document,453388,OF,CAVAN,45,HQ,69,01,69-SB01,1,1,1.0
C0000018,453388_S009,document,453388,OF,CAVA3,20,PQ,4A,55,4A-SB05,1,1,0.0
C0000019,453388_S009,document,453388,OF,CAVA3,20,PQ,4A,55,4A-SB05,3,3,0.0
C0000020,453388_S009,document,453388,OF,CAVA3,20,PQ,19,15,19-SB01,1,1,1.0
C0000021,453388_S009,document,453388,OF,CAVA3,20,PQ,19,15,19-SB01,12,3,1.0
C0000022,453388_S009,document,453388,OF,CAVA3,20,PQ,19,15,19-SB01,13,3,1.0
C0000023,453388_S009,document,453388,OF,CAVA3,20,PQ,19,15,19-SB01,26,6,1.0
C0000024,453416_F041,forecast_fallback,453416,OF,EGPSD,20,PQ,59,55,59-SB05,1,1,1.0
C0000025,453416_F041,forecast_fallback,453416,OF,EGPSD,20,PQ,59,55,59-SB05,8,2,1.0
C0000026,453416_F041,forecast_fallback,453416,OF,EGPSD,20,PQ,59,55,59-SB05,13,3,1.0
C0000027,453416_F041,forecast_fallback,453416,OF,EGPSD,20,PQ,59,55,59-SB05,26,6,1.0
C0000028,453416_F041,forecast_fallback,453416,OF,EGPSD,20,PQ,5A,05,5A-SB01,1,1,1.0
C0000029,453416_F041,forecast_fallback,453416,OF,EGPSD,20,PQ,5A,05,5A-SB01,8,2,1.0
C0000030,453416_F041,forecast_fallback,453416,OF,EGPSD,20,PQ,5A,05,5A-SB01,13,3,1.0
C0000031,453416_F041,forecast_fallback,453416,OF,EGPSD,20,PQ,5A,05,5A-SB01,26,6,1.0
C0000032,453356_F031,forecast_fallback,453356,OF,USSAV,20,PQ,29,05,29-SB01,1,1,0.0
C0000033,453356_F031,forecast_fallback,453356,OF,USSAV,20,PQ,29,05,29-SB01,3,1,0.0
C0000034,453356_F031,forecast_fallback,453356,OF,USSAV,20,PQ,19,15,19-SB01,1,1,1.0
C0000035,453356_F031,forecast_fallback,453356,OF,USSAV,20,PQ,19,15,19-SB01,11,3,1.0
C0000036,453356_F031,forecast_fallback,453356,OF,USSAV,20,PQ,19,15,19-SB01,13,3,1.0
C0000037,453356_F031,forecast_fallback,453356,OF,USSAV,20,PQ,19,15,19-SB01,26,6,1.0
C0000038,453356_F021,forecast_fallback,453356,OF,USCHS,20,PQ,19,15,19-SB01,1,1,1.0
C0000039,453356_F021,forecast_fallback,453356,OF,USCHS,20,PQ,19,15,19-SB01,8,2,1.0
C0000040,453356_F021,forecast_fallback,453356,OF,USCHS,20,PQ,19,15,19-SB01,13,3,1.0
C0000041,453356_F021,forecast_fallback,453356,OF,USCHS,20,PQ,19,15,19-SB01,26,6,1.0
C0000042,453356_F021,forecast_fallback,453356,OF,USCHS,20,PQ,19,37,19-SB02,1,1,1.0
C0000043,453356_F021,forecast_fallback,453356,OF,USCHS,20,PQ,19,37,19-SB02,8,2,1.0
C0000044,453356_F021,forecast_fallback,453356,OF,USCHS,20,PQ,19,37,19-SB02,13,3,1.0
C0000045,453356_F021,forecast_fallback,453356,OF,USCHS,20,PQ,19,37,19-SB02,26,6,1.0
C0000046,453416_S009,document,453416,OF,HRRJK,20,PQ,59,55,59-SB05,1,1,1.0
C0000047,453416_S009,document,453416,OF,HRRJK,20,PQ,59,55,59-SB05,10,2,1.0
C0000048,453416_S009,document,453416,OF,HRRJK,20,PQ,59,55,59-SB05,13,3,1.0
C0000049,453416_S009,document,453416,OF,HRRJK,20,PQ,59,55,59-SB05,26,6,1.0
C0000050,453416_S009,document,453416,OF,HRRJK,20,PQ,5A,05,5A-SB01,1,1,1.0
C0000051,453416_S009,document,453416,OF,HRRJK,20,PQ,5A,05,5A-SB01,10,2,1.0
C0000052,453416_S009,document,453416,OF,HRRJK,20,PQ,5A,05,5A-SB01,13,3,1.0
C0000053,453416_S009,document,453416,OF,HRRJK,20,PQ,5A,05,5A-SB01,26,6,1.0
C0000054,454585_F052,forecast_fallback,454585,OF,DEHAM,20,PQ,59,55,59-SB05,1,1,1.0
C0000055,454585_F052,forecast_fallback,454585,OF,DEHAM,20,PQ,59,55,59-SB05,9,2,1.0
C0000056,454585_F052,forecast_fallback,454585,OF,DEHAM,20,PQ,59,55,59-SB05,13,3,1.0
C0000057,454585_F052,forecast_fallback,454585,OF,DEHAM,20,PQ,59,55,59-SB05,26,6,1.0
C0000058,454585_F052,forecast_fallback,454585,OF,DEHAM,20,PQ,5A,05,5A-SB01,1,1,1.0
C0000059,454585_F052,forecast_fallback,454585,OF,DEHAM,20,PQ,5A,05,5A-SB01,9,2,1.0
C0000060,454585_F052,forecast_fallback,454585,OF,DEHAM,20,PQ,5A,05,5A-SB01,13,3,1.0
C0000061,454585_F052,forecast_fallback,454585,OF,DEHAM,20,PQ,5A,05,5A-SB01,26,6,1.0
C0000062,453388_S014,document,453388,OF,CAVAN,20,PQ,4A,53,4A-SB05,1,1,0.0
C0000063,453388_S014,document,453388,OF,CAVAN,20,PQ,4A,53,4A-SB05,3,1,0.0
C0000064,453388_S014,document,453388,OF,CAVAN,20,PQ,4A,53,4A-SB05,4,2,0.0
C0000065,453388_S014,document,453388,OF,CAVAN,20,PQ,4A,53,4A-SB05,6,2,0.0
C0000066,453388_S014,document,453388,OF,CAVAN,20,PQ,19,15,19-SB01,1,1,1.0
C0000067,453388_S014,document,453388,OF,CAVAN,20,PQ,19,15,19-SB01,8,2,1.0
C0000068,453388_S014,document,453388,OF,CAVAN,20,PQ,19,15,19-SB01,13,3,1.0
C0000069,453388_S014,document,453388,OF,CAVAN,20,PQ,19,15,19-SB01,26,6,1.0
C0000070,453356_F017,forecast_fallback,453356,OF,MXLZC,20,PQ,19,15,19-SB01,1,1,1.0
C0000071,453356_F017,forecast_fallback,453356,OF,MXLZC,20,PQ,19,15,19-SB01,7,2,1.0
C0000072,453356_F017,forecast_fallback,453356,OF,MXLZC,20,PQ,19,15,19-SB01,13,3,1.0
C0000073,453356_F017,forecast_fallback,453356,OF,MXLZC,20,PQ,19,15,19-SB01,26,6,1.0
C0000074,453356_F017,forecast_fallback,453356,OF,MXLZC,20,PQ,19,37,19-SB02,1,1,1.0
C0000075,453356_F017,forecast_fallback,453356,OF,MXLZC,20,PQ,19,37,19-SB02,7,2,1.0
C0000076,453356_F017,forecast_fallback,453356,OF,MXLZC,20,PQ,19,37,19-SB02,13,3,1.0
C0000077,453356_F017,forecast_fallback,453356,OF,MXLZC,20,PQ,19,37,19-SB02,26,6,1.0
C0000078,453352_F015,forecast_fallback,453352,OF,JPUKB,20,PQ,89,51,89-SB04,1,1,1.0
C0000079,453352_F015,forecast_fallback,453352,OF,JPUKB,20,PQ,89,51,89-SB04,4,1,1.0
C0000080,453352_F015,forecast_fallback,453352,OF,JPUKB,20,PQ,89,51,89-SB04,13,3,1.0
C0000081,453352_F015,forecast_fallback,453352,OF,JPUKB,20,PQ,89,51,89-SB04,26,6,1.0
C0000082,453352_F015,forecast_fallback,453352,OF,JPUKB,20,PQ,8A,05,8A-SB01,1,1,1.0
C0000083,453352_F015,forecast_fallback,453352,OF,JPUKB,20,PQ,8A,05,8A-SB01,5,1,1.0
C0000084,453352_F015,forecast_fallback,453352,OF,JPUKB,20,PQ,8A,05,8A-SB01,12,3,1.0
C0000085,453352_F015,forecast_fallback,453352,OF,JPUKB,20,PQ,8A,05,8A-SB01,25,5,1.0
C0000086,453308_S007,document,453308,OF,ESVLC,20,PQ,29,27,29-SB03,1,1,1.0
C0000087,453308_S007,document,453308,OF,ESVLC,20,PQ,29,27,29-SB03,13,3,1.0
C0000088,453308_S007,document,453308,OF,ESVLC,20,PQ,29,27,29-SB03,26,6,1.0
C0000089,453308_S007,document,453308,OF,ESVLC,20,PQ,29,29,29-SB03,1,1,1.0
C0000090,453308_S007,document,453308,OF,ESVLC,20,PQ,29,29,29-SB03,13,3,1.0
C0000091,453308_S007,document,453308,OF,ESVLC,20,PQ,29,29,29-SB03,26,6,1.0
C0000092,453356_F026,forecast_fallback,453356,OF,USNYC,20,PQ,28,23,28-SB01,1,1,1.0
C0000093,453356_F026,forecast_fallback,453356,OF,USNYC,20,PQ,28,23,28-SB01,13,3,1.0
C0000094,453356_F026,forecast_fallback,453356,OF,USNYC,20,PQ,28,23,28-SB01,26,6,1.0
C0000095,453356_F026,forecast_fallback,453356,OF,USNYC,20,PQ,28,47,28-SB02,1,1,1.0
C0000096,453356_F026,forecast_fallback,453356,OF,USNYC,20,PQ,28,47,28-SB02,13,3,1.0
C0000097,453356_F026,forecast_fallback,453356,OF,USNYC,20,PQ,28,47,28-SB02,26,6,1.0
C0000098,453250_S003,document,453250,OF,KRPUS,20,PQ,29,27,29-SB03,1,1,1.0
C0000099,453250_S003,document,453250,OF,KRPUS,20,PQ,29,27,29-SB03,9,2,1.0
C0000100,453250_S003,document,453250,OF,KRPUS,20,PQ,29,27,29-SB03,19,4,1.0
C0000101,453250_S003,document,453250,OF,KRPUS,20,PQ,29,29,29-SB03,1,1,1.0
C0000102,453250_S003,document,453250,OF,KRPUS,20,PQ,29,29,29-SB03,9,2,1.0
C0000103,453250_S003,document,453250,OF,KRPUS,20,PQ,29,29,29-SB03,19,4,1.0
C0000104,454585_F055,forecast_fallback,454585,OF,FRLEH,20,PQ,5A,05,5A-SB01,1,1,1.0
C0000105,454585_F055,forecast_fallback,454585,OF,FRLEH,20,PQ,5A,05,5A-SB01,9,2,1.0
C0000106,454585_F055,forecast_fallback,454585,OF,FRLEH,20,PQ,5A,05,5A-SB01,19,4,1.0
C0000107,454585_F055,forecast_fallback,454585,OF,FRLEH,20,PQ,5A,07,5A-SB01,1,1,1.0
C0000108,454585_F055,forecast_fallback,454585,OF,FRLEH,20,PQ,5A,07,5A-SB01,9,2,1.0
C0000109,454585_F055,forecast_fallback,454585,OF,FRLEH,20,PQ,5A,07,5A-SB01,19,4,1.0
C0000110,453388_S004,document,453388,OF,CAVA3,20,HQ,19,15,19-SB01,1,1,1.0
C0000111,453388_S004,document,453388,OF,CAVA3,20,HQ,19,15,19-SB01,9,2,1.0
C0000112,453388_S004,document,453388,OF,CAVA3,20,HQ,19,15,19-SB01,18,4,1.0
C0000113,453388_S004,document,453388,OF,CAVA3,20,HQ,19,37,19-SB02,1,1,1.0
C0000114,453388_S004,document,453388,OF,CAVA3,20,HQ,19,37,19-SB02,9,2,1.0
C0000115,453388_S004,document,453388,OF,CAVA3,20,HQ,19,37,19-SB02,18,4,1.0
C0000116,453388_S010,document,453388,OF,CAVA3,20,PQ,4A,55,4A-SB05,1,1,0.0
C0000117,453388_S010,document,453388,OF,CAVA3,20,PQ,4A,55,4A-SB05,3,3,0.0
C0000118,453388_S010,document,453388,OF,CAVA3,20,PQ,19,15,19-SB01,1,1,1.0
C0000119,453388_S010,document,453388,OF,CAVA3,20,PQ,19,15,19-SB01,9,2,1.0
C0000120,453388_S010,document,453388,OF,CAVA3,20,PQ,19,15,19-SB01,18,4,1.0
C0000121,453352_F012,forecast_fallback,453352,OF,JPNGO,20,PQ,89,51,89-SB04,1,1,1.0
C0000122,453352_F012,forecast_fallback,453352,OF,JPNGO,20,PQ,89,51,89-SB04,8,2,1.0
C0000123,453352_F012,forecast_fallback,453352,OF,JPNGO,20,PQ,89,51,89-SB04,16,4,1.0
C0000124,453352_F012,forecast_fallback,453352,OF,JPNGO,20,PQ,8A,05,8A-SB01,1,1,1.0
C0000125,453352_F012,forecast_fallback,453352,OF,JPNGO,20,PQ,8A,05,8A-SB01,8,2,1.0
C0000126,453352_F012,forecast_fallback,453352,OF,JPNGO,20,PQ,8A,05,8A-SB01,16,4,1.0
C0000127,453308_S017,document,453308,OF,MYTPP,20,PQ,89,23,89-SB01,1,1,0.0
C0000128,453308_S017,document,453308,OF,MYTPP,20,PQ,89,23,89-SB01,2,1,0.0
C0000129,453308_S017,document,453308,OF,MYTPP,20,PQ,89,23,89-SB01,3,1,0.0
C0000130,453308_S017,document,453308,OF,MYTPP,20,PQ,89,51,89-SB04,1,1,1.0
C0000131,453308_S017,document,453308,OF,MYTPP,20,PQ,89,51,89-SB04,7,2,1.0
C0000132,453308_S017,document,453308,OF,MYTPP,20,PQ,89,51,89-SB04,14,3,1.0
C0000133,453356_F029,forecast_fallback,453356,OF,USSA3,20,PQ,28,23,28-SB01,1,1,1.0
C0000134,453356_F029,forecast_fallback,453356,OF,USSA3,20,PQ,28,23,28-SB01,6,2,1.0
C0000135,453356_F029,forecast_fallback,453356,OF,USSA3,20,PQ,28,23,28-SB01,13,3,1.0
C0000136,453356_F029,forecast_fallback,453356,OF,USSA3,20,PQ,28,47,28-SB02,1,1,1.0
C0000137,453356_F029,forecast_fallback,453356,OF,USSA3,20,PQ,28,47,28-SB02,6,2,1.0
C0000138,453356_F029,forecast_fallback,453356,OF,USSA3,20,PQ,28,47,28-SB02,13,3,1.0
C0000139,454585_F058,forecast_fallback,454585,OF,PTSIE,20,PQ,5A,05,5A-SB01,1,1,1.0
C0000140,454585_F058,forecast_fallback,454585,OF,PTSIE,20,PQ,5A,05,5A-SB01,6,2,1.0
C0000141,454585_F058,forecast_fallback,454585,OF,PTSIE,20,PQ,5A,05,5A-SB01,12,3,1.0
C0000142,454585_F058,forecast_fallback,454585,OF,PTSIE,20,PQ,5A,07,5A-SB01,1,1,1.0
C0000143,454585_F058,forecast_fallback,454585,OF,PTSIE,20,PQ,5A,07,5A-SB01,6,2,1.0
C0000144,454585_F058,forecast_fallback,454585,OF,PTSIE,20,PQ,5A,07,5A-SB01,12,3,1.0
C0000145,454710_S014,document,454710,OF,SGSIN,20,PQ,8A,05,8A-SB01,1,1,1.0
C0000146,454710_S014,document,454710,OF,SGSIN,20,PQ,8A,05,8A-SB01,6,2,1.0
C0000147,454710_S014,document,454710,OF,SGSIN,20,PQ,8A,05,8A-SB01,12,3,1.0
C0000148,454710_S014,document,454710,OF,SGSIN,20,PQ,8A,33,8A-SB03,1,1,1.0
C0000149,454710_S014,document,454710,OF,SGSIN,20,PQ,8A,33,8A-SB03,6,2,1.0
C0000150,454710_S014,document,454710,OF,SGSIN,20,PQ,8A,33,8A-SB03,12,3,1.0
C0000151,453308_S003,document,453308,OF,ESBCN,20,PQ,89,23,89-SB01,1,1,0.0
C0000152,453308_S003,document,453308,OF,ESBCN,20,PQ,89,23,89-SB01,5,2,0.0
C0000153,453308_S003,document,453308,OF,ESBCN,20,PQ,89,23,89-SB01,11,3,0.0
C0000154,453308_S003,document,453308,OF,ESBCN,20,PQ,89,49,89-SB04,1,1,0.0
C0000155,453416_S002,document,453416,OF,EGPSD,20,PQ,59,13,59-SB02,1,1,1.0
C0000156,453416_S002,document,453416,OF,EGPSD,20,PQ,59,13,59-SB02,5,1,1.0
C0000157,453416_S002,document,453416,OF,EGPSD,20,PQ,59,13,59-SB02,11,3,1.0
C0000158,453416_S002,document,453416,OF,EGPSD,20,PQ,59,55,59-SB05,1,1,1.0
C0000159,453416_S002,document,453416,OF,EGPSD,20,PQ,59,55,59-SB05,5,1,1.0
C0000160,453416_S002,document,453416,OF,EGPSD,20,PQ,59,55,59-SB05,11,3,1.0
C0000161,454585_F059,forecast_fallback,454585,OF,PTVSI,20,PQ,5A,05,5A-SB01,1,1,1.0
C0000162,454585_F059,forecast_fallback,454585,OF,PTVSI,20,PQ,5A,05,5A-SB01,5,1,1.0
C0000163,454585_F059,forecast_fallback,454585,OF,PTVSI,20,PQ,5A,05,5A-SB01,10,2,1.0
C0000164,454585_F059,forecast_fallback,454585,OF,PTVSI,20,PQ,5A,07,5A-SB01,1,1,1.0
C0000165,454585_F059,forecast_fallback,454585,OF,PTVSI,20,PQ,5A,07,5A-SB01,5,1,1.0
C0000166,454585_F059,forecast_fallback,454585,OF,PTVSI,20,PQ,5A,07,5A-SB01,10,2,1.0
C0000167,453388_S001,document,453388,OF,CAVA2,20,PQ,69,35,69-SB03,1,1,1.0
C0000168,453388_S001,document,453388,OF,CAVA2,20,PQ,69,35,69-SB03,4,1,1.0
C0000169,453388_S001,document,453388,OF,CAVA2,20,PQ,69,35,69-SB03,9,2,1.0
C0000170,453388_S001,document,453388,OF,CAVA2,20,PQ,69,43,69-SB04,1,1,1.0
C0000171,453388_S001,document,453388,OF,CAVA2,20,PQ,69,43,69-SB04,4,1,1.0
C0000172,453388_S001,document,453388,OF,CAVA2,20,PQ,69,43,69-SB04,9,2,1.0
C0000173,453388_S002,document,453388,OF,CAVA2,20,PQ,69,35,69-SB03,1,1,1.0
C0000174,453388_S002,document,453388,OF,CAVA2,20,PQ,69,35,69-SB03,4,1,1.0
C0000175,453388_S002,document,453388,OF,CAVA2,20,PQ,69,35,69-SB03,9,2,1.0
C0000176,453388_S002,document,453388,OF,CAVA2,20,PQ,69,43,69-SB04,1,1,1.0
C0000177,453388_S002,document,453388,OF,CAVA2,20,PQ,69,43,69-SB04,4,1,1.0
C0000178,453388_S002,document,453388,OF,CAVA2,20,PQ,69,43,69-SB04,9,2,1.0
C0000179,453388_S022,document,453388,OF,USTW2,20,PQ,69,35,69-SB03,1,1,1.0
C0000180,453388_S022,document,453388,OF,USTW2,20,PQ,69,35,69-SB03,4,1,1.0
C0000181,453388_S022,document,453388,OF,USTW2,20,PQ,69,35,69-SB03,8,2,1.0
C0000182,453388_S022,document,453388,OF,USTW2,20,PQ,69,43,69-SB04,1,1,1.0
C0000183,453388_S022,document,453388,OF,USTW2,20,PQ,69,43,69-SB04,4,1,1.0
C0000184,453388_S022,document,453388,OF,USTW2,20,PQ,69,43,69-SB04,8,2,1.0
C0000185,454710_S006,document,454710,OF,ITGOA,20,PQ,8A,05,8A-SB01,1,1,1.0
C0000186,454710_S006,document,454710,OF,ITGOA,20,PQ,8A,05,8A-SB01,4,1,1.0
C0000187,454710_S006,document,454710,OF,ITGOA,20,PQ,8A,05,8A-SB01,8,2,1.0
C0000188,454710_S006,document,454710,OF,ITGOA,20,PQ,8A,33,8A-SB03,1,1,1.0
C0000189,454710_S006,document,454710,OF,ITGOA,20,PQ,8A,33,8A-SB03,4,1,1.0
C0000190,454710_S006,document,454710,OF,ITGOA,20,PQ,8A,33,8A-SB03,8,2,1.0
C0000191,453308_S016,document,453308,OF,MYTPP,20,PQ,89,23,89-SB01,1,1,0.0
C0000192,453308_S016,document,453308,OF,MYTPP,20,PQ,89,23,89-SB01,3,1,0.0
C0000193,453308_S016,document,453308,OF,MYTPP,20,PQ,89,51,89-SB04,1,1,1.0
C0000194,453308_S016,document,453308,OF,MYTPP,20,PQ,89,51,89-SB04,3,1,1.0
C0000195,453308_S016,document,453308,OF,MYTPP,20,PQ,89,51,89-SB04,7,2,1.0
C0000196,453388_S013,document,453388,OF,CAVAN,20,PQ,4A,53,4A-SB05,1,1,0.0
C0000197,453388_S013,document,453388,OF,CAVAN,20,PQ,4A,53,4A-SB05,3,1,0.0
C0000198,453388_S013,document,453388,OF,CAVAN,20,PQ,4A,53,4A-SB05,6,2,0.0
C0000199,453388_S013,document,453388,OF,CAVAN,20,PQ,19,15,19-SB01,1,1,1.0
C0000200,453388_S013,document,453388,OF,CAVAN,20,PQ,19,15,19-SB01,3,1,1.0
C0000201,453388_S013,document,453388,OF,CAVAN,20,PQ,19,15,19-SB01,7,2,1.0
C0000202,453412_S001,document,453412,OF,DEHAM,20,PQ,49,07,49-SB01,1,1,1.0
C0000203,453412_S001,document,453412,OF,DEHAM,20,PQ,49,07,49-SB01,3,1,1.0
C0000204,453412_S001,document,453412,OF,DEHAM,20,PQ,49,07,49-SB01,7,2,1.0
C0000205,453412_S001,document,453412,OF,DEHAM,20,PQ,49,09,49-SB01,1,1,1.0
C0000206,453412_S001,document,453412,OF,DEHAM,20,PQ,49,09,49-SB01,3,1,1.0
C0000207,453412_S001,document,453412,OF,DEHAM,20,PQ,49,09,49-SB01,7,2,1.0
C0000208,453416_S003,document,453416,OF,EGPSD,20,PQ,59,13,59-SB02,1,1,1.0
C0000209,453416_S003,document,453416,OF,EGPSD,20,PQ,59,13,59-SB02,3,1,1.0
C0000210,453416_S003,document,453416,OF,EGPSD,20,PQ,59,13,59-SB02,7,2,1.0
C0000211,453416_S003,document,453416,OF,EGPSD,20,PQ,59,55,59-SB05,1,1,1.0
C0000212,453416_S003,document,453416,OF,EGPSD,20,PQ,59,55,59-SB05,3,1,1.0
C0000213,453416_S003,document,453416,OF,EGPSD,20,PQ,59,55,59-SB05,7,2,1.0
C0000214,453416_S016,document,453416,OF,SIKOP,20,PQ,5A,05,5A-SB01,1,1,1.0
C0000215,453416_S016,document,453416,OF,SIKOP,20,PQ,5A,05,5A-SB01,3,1,1.0
C0000216,453416_S016,document,453416,OF,SIKOP,20,PQ,5A,05,5A-SB01,7,2,1.0
C0000217,453416_S016,document,453416,OF,SIKOP,20,PQ,5A,07,5A-SB01,1,1,1.0
C0000218,453416_S016,document,453416,OF,SIKOP,20,PQ,5A,07,5A-SB01,3,1,1.0
C0000219,453416_S016,document,453416,OF,SIKOP,20,PQ,5A,07,5A-SB01,7,2,1.0
C0000220,453388_S023,document,453388,OF,USTW2,20,PQ,69,35,69-SB03,1,1,1.0
C0000221,453388_S023,document,453388,OF,USTW2,20,PQ,69,35,69-SB03,3,1,1.0
C0000222,453388_S023,document,453388,OF,USTW2,20,PQ,69,35,69-SB03,6,2,1.0
C0000223,453388_S023,document,453388,OF,USTW2,20,PQ,69,43,69-SB04,1,1,1.0
C0000224,453388_S023,document,453388,OF,USTW2,20,PQ,69,43,69-SB04,3,1,1.0
C0000225,453388_S023,document,453388,OF,USTW2,20,PQ,69,43,69-SB04,6,2,1.0
C0000226,453308_S002,document,453308,OF,ESBCN,20,PQ,89,23,89-SB01,1,1,0.0
C0000227,453308_S002,document,453308,OF,ESBCN,20,PQ,89,23,89-SB01,2,1,0.0
C0000228,453308_S002,document,453308,OF,ESBCN,20,PQ,89,23,89-SB01,5,2,0.0
C0000229,453308_S002,document,453308,OF,ESBCN,20,PQ,89,49,89-SB04,1,1,0.0
C0000230,453308_S004,document,453308,OF,ESBCN,20,PQ,89,23,89-SB01,1,1,0.0
C0000231,453308_S004,document,453308,OF,ESBCN,20,PQ,89,23,89-SB01,2,1,0.0
C0000232,453308_S004,document,453308,OF,ESBCN,20,PQ,89,23,89-SB01,5,2,0.0
C0000233,453308_S004,document,453308,OF,ESBCN,20,PQ,89,49,89-SB04,1,1,0.0
C0000234,453308_S010,document,453308,OF,ITGOA,20,PQ,89,49,89-SB04,1,1,0.0
C0000235,453308_S010,document,453308,OF,ITGOA,20,PQ,89,49,89-SB04,2,1,0.0
C0000236,453308_S010,document,453308,OF,ITGOA,20,PQ,89,49,89-SB04,5,2,0.0
C0000237,453308_S010,document,453308,OF,ITGOA,20,PQ,89,51,89-SB04,1,1,1.0
C0000238,453308_S010,document,453308,OF,ITGOA,20,PQ,89,51,89-SB04,2,1,1.0
C0000239,453308_S010,document,453308,OF,ITGOA,20,PQ,89,51,89-SB04,5,1,1.0
C0000240,453308_S011,document,453308,OF,ITGOA,20,PQ,89,49,89-SB04,1,1,0.0
C0000241,453308_S011,document,453308,OF,ITGOA,20,PQ,89,49,89-SB04,2,1,0.0
C0000242,453308_S011,document,453308,OF,ITGOA,20,PQ,89,49,89-SB04,5,2,0.0
C0000243,453308_S011,document,453308,OF,ITGOA,20,PQ,89,51,89-SB04,1,1,1.0
C0000244,453308_S011,document,453308,OF,ITGOA,20,PQ,89,51,89-SB04,2,1,1.0
C0000245,453308_S011,document,453308,OF,ITGOA,20,PQ,89,51,89-SB04,5,1,1.0
C0000246,453388_S006,document,453388,OF,CAVA3,20,PQ,4A,55,4A-SB05,1,1,0.0
C0000247,453388_S006,document,453388,OF,CAVA3,20,PQ,4A,55,4A-SB05,2,2,0.0
C0000248,453388_S006,document,453388,OF,CAVA3,20,PQ,4A,55,4A-SB05,3,3,0.0
C0000249,453388_S006,document,453388,OF,CAVA3,20,PQ,19,15,19-SB01,1,1,1.0
C0000250,453388_S006,document,453388,OF,CAVA3,20,PQ,19,15,19-SB01,2,1,1.0
C0000251,453388_S006,document,453388,OF,CAVA3,20,PQ,19,15,19-SB01,5,1,1.0
C0000252,453388_S008,document,453388,OF,CAVA3,20,PQ,4A,55,4A-SB05,1,1,0.0
C0000253,453388_S008,document,453388,OF,CAVA3,20,PQ,4A,55,4A-SB05,2,2,0.0
C0000254,453388_S008,document,453388,OF,CAVA3,20,PQ,4A,55,4A-SB05,3,3,0.0
C0000255,453388_S008,document,453388,OF,CAVA3,20,PQ,19,15,19-SB01,1,1,1.0
C0000256,453388_S008,document,453388,OF,CAVA3,20,PQ,19,15,19-SB01,2,1,1.0
C0000257,453388_S008,document,453388,OF,CAVA3,20,PQ,19,15,19-SB01,5,1,1.0
C0000258,453396_S004,document,453396,OF,DEWVN,20,PQ,89,51,89-SB04,1,1,1.0
C0000259,453396_S004,document,453396,OF,DEWVN,20,PQ,89,51,89-SB04,2,1,1.0
C0000260,453396_S004,document,453396,OF,DEWVN,20,PQ,89,51,89-SB04,5,1,1.0
C0000261,453416_S008,document,453416,OF,HRRJK,20,PQ,59,13,59-SB02,1,1,1.0
C0000262,453416_S008,document,453416,OF,HRRJK,20,PQ,59,13,59-SB02,2,1,1.0
C0000263,453416_S008,document,453416,OF,HRRJK,20,PQ,59,13,59-SB02,5,1,1.0
C0000264,453416_S008,document,453416,OF,HRRJK,20,PQ,59,55,59-SB05,1,1,1.0
C0000265,453416_S008,document,453416,OF,HRRJK,20,PQ,59,55,59-SB05,2,1,1.0
C0000266,453416_S008,document,453416,OF,HRRJK,20,PQ,59,55,59-SB05,5,1,1.0
C0000267,454710_S013,document,454710,OF,ITSPE,20,PQ,8A,05,8A-SB01,1,1,1.0
C0000268,454710_S013,document,454710,OF,ITSPE,20,PQ,8A,05,8A-SB01,2,1,1.0
C0000269,454710_S013,document,454710,OF,ITSPE,20,PQ,8A,05,8A-SB01,5,1,1.0
C0000270,454710_S013,document,454710,OF,ITSPE,20,PQ,8A,33,8A-SB03,1,1,1.0
C0000271,454710_S013,document,454710,OF,ITSPE,20,PQ,8A,33,8A-SB03,2,1,1.0
C0000272,454710_S013,document,454710,OF,ITSPE,20,PQ,8A,33,8A-SB03,5,1,1.0
C0000273,453356_S003,document,453356,OF,USSAV,20,PQ,29,05,29-SB01,1,1,0.0
C0000274,453356_S003,document,453356,OF,USSAV,20,PQ,29,05,29-SB01,3,1,0.0
C0000275,453356_S003,document,453356,OF,USSAV,20,PQ,19,15,19-SB01,1,1,1.0
C0000276,453356_S003,document,453356,OF,USSAV,20,PQ,19,15,19-SB01,2,1,1.0
C0000277,453356_S003,document,453356,OF,USSAV,20,PQ,19,15,19-SB01,4,1,1.0
C0000278,453388_S019,document,453388,OF,USTIW,20,PQ,69,35,69-SB03,1,1,1.0
C0000279,453388_S019,document,453388,OF,USTIW,20,PQ,69,35,69-SB03,2,1,1.0
C0000280,453388_S019,document,453388,OF,USTIW,20,PQ,69,35,69-SB03,4,1,1.0
C0000281,453388_S019,document,453388,OF,USTIW,20,PQ,69,43,69-SB04,1,1,1.0
C0000282,453388_S019,document,453388,OF,USTIW,20,PQ,69,43,69-SB04,2,1,1.0
C0000283,453388_S019,document,453388,OF,USTIW,20,PQ,69,43,69-SB04,4,1,1.0
C0000284,453412_S006,document,453412,OF,MYTPP,20,PQ,49,07,49-SB01,1,1,1.0
C0000285,453412_S006,document,453412,OF,MYTPP,20,PQ,49,07,49-SB01,2,1,1.0
C0000286,453412_S006,document,453412,OF,MYTPP,20,PQ,49,07,49-SB01,4,1,1.0
C0000287,453412_S006,document,453412,OF,MYTPP,20,PQ,49,09,49-SB01,1,1,1.0
C0000288,453412_S006,document,453412,OF,MYTPP,20,PQ,49,09,49-SB01,2,1,1.0
C0000289,453412_S006,document,453412,OF,MYTPP,20,PQ,49,09,49-SB01,4,1,1.0
C0000290,454710_S009,document,454710,OF,ITSPE,20,PQ,8A,05,8A-SB01,1,1,1.0
C0000291,454710_S009,document,454710,OF,ITSPE,20,PQ,8A,05,8A-SB01,2,1,1.0
C0000292,454710_S009,document,454710,OF,ITSPE,20,PQ,8A,05,8A-SB01,4,1,1.0
C0000293,454710_S009,document,454710,OF,ITSPE,20,PQ,8A,33,8A-SB03,1,1,1.0
C0000294,454710_S009,document,454710,OF,ITSPE,20,PQ,8A,33,8A-SB03,2,1,1.0
C0000295,454710_S009,document,454710,OF,ITSPE,20,PQ,8A,33,8A-SB03,4,1,1.0
C0000296,454710_S011,document,454710,OF,ITSPE,20,PQ,8A,05,8A-SB01,1,1,1.0
C0000297,454710_S011,document,454710,OF,ITSPE,20,PQ,8A,05,8A-SB01,2,1,1.0
C0000298,454710_S011,document,454710,OF,ITSPE,20,PQ,8A,05,8A-SB01,4,1,1.0
C0000299,454710_S011,document,454710,OF,ITSPE,20,PQ,8A,33,8A-SB03,1,1,1.0
C0000300,454710_S011,document,454710,OF,ITSPE,20,PQ,8A,33,8A-SB03,2,1,1.0
C0000301,454710_S011,document,454710,OF,ITSPE,20,PQ,8A,33,8A-SB03,4,1,1.0
C0000302,453388_S017,document,453388,OF,USTIW,20,PQ,69,35,69-SB03,1,1,1.0
C0000303,453388_S017,document,453388,OF,USTIW,20,PQ,69,35,69-SB03,3,1,1.0
C0000304,453388_S017,document,453388,OF,USTIW,20,PQ,69,43,69-SB04,1,1,1.0
C0000305,453388_S017,document,453388,OF,USTIW,20,PQ,69,43,69-SB04,3,1,1.0
C0000306,453396_S005,document,453396,OF,DEWVN,20,PQ,89,51,89-SB04,1,1,1.0
C0000307,453396_S005,document,453396,OF,DEWVN,20,PQ,89,51,89-SB04,3,1,1.0
C0000308,453396_S007,document,453396,OF,MAPTM,20,PQ,89,51,89-SB04,1,1,1.0
C0000309,453396_S007,document,453396,OF,MAPTM,20,PQ,89,51,89-SB04,3,1,1.0
C0000310,453412_S007,document,453412,OF,NLRTM,20,PQ,49,07,49-SB01,1,1,1.0
C0000311,453412_S007,document,453412,OF,NLRTM,20,PQ,49,07,49-SB01,3,1,1.0
C0000312,453412_S007,document,453412,OF,NLRTM,20,PQ,49,09,49-SB01,1,1,1.0
C0000313,453412_S007,document,453412,OF,NLRTM,20,PQ,49,09,49-SB01,3,1,1.0
C0000314,453416_S001,document,453416,OF,EGPSD,20,PQ,59,13,59-SB02,1,1,1.0
C0000315,453416_S001,document,453416,OF,EGPSD,20,PQ,59,13,59-SB02,3,1,1.0
C0000316,453416_S001,document,453416,OF,EGPSD,20,PQ,59,23,59-SB02,1,1,1.0
C0000317,453416_S001,document,453416,OF,EGPSD,20,PQ,59,23,59-SB02,3,1,1.0
C0000318,453416_S005,document,453416,OF,HRRJK,20,PQ,59,13,59-SB02,1,1,1.0
C0000319,453416_S005,document,453416,OF,HRRJK,20,PQ,59,13,59-SB02,3,1,1.0
C0000320,453416_S005,document,453416,OF,HRRJK,20,PQ,59,23,59-SB02,1,1,1.0
C0000321,453416_S005,document,453416,OF,HRRJK,20,PQ,59,23,59-SB02,3,1,1.0
C0000322,454549_S004,document,454549,OF,SGSIN,20,PQ,69,35,69-SB03,1,1,1.0
C0000323,454549_S004,document,454549,OF,SGSIN,20,PQ,69,35,69-SB03,3,1,1.0
C0000324,454549_S004,document,454549,OF,SGSIN,20,PQ,69,43,69-SB04,1,1,1.0
C0000325,454549_S004,document,454549,OF,SGSIN,20,PQ,69,43,69-SB04,3,1,1.0
C0000326,454710_S007,document,454710,OF,ITNAP,20,PQ,8A,05,8A-SB01,1,1,1.0
C0000327,454710_S007,document,454710,OF,ITNAP,20,PQ,8A,05,8A-SB01,3,1,1.0
C0000328,454710_S007,document,454710,OF,ITNAP,20,PQ,8A,33,8A-SB03,1,1,1.0
C0000329,454710_S007,document,454710,OF,ITNAP,20,PQ,8A,33,8A-SB03,3,1,1.0
C0000330,454710_S012,document,454710,OF,ITSPE,20,PQ,8A,05,8A-SB01,1,1,1.0
C0000331,454710_S012,document,454710,OF,ITSPE,20,PQ,8A,05,8A-SB01,3,1,1.0
C0000332,454710_S012,document,454710,OF,ITSPE,20,PQ,8A,33,8A-SB03,1,1,1.0
C0000333,454710_S012,document,454710,OF,ITSPE,20,PQ,8A,33,8A-SB03,3,1,1.0
C0000334,453250_S001,document,453250,OF,KRPUS,20,PQ,29,27,29-SB03,1,1,1.0
C0000335,453250_S001,document,453250,OF,KRPUS,20,PQ,29,27,29-SB03,2,1,1.0
C0000336,453250_S001,document,453250,OF,KRPUS,20,PQ,29,29,29-SB03,1,1,1.0
C0000337,453250_S001,document,453250,OF,KRPUS,20,PQ,29,29,29-SB03,2,1,1.0
C0000338,453308_S005,document,453308,OF,ESVLC,20,PQ,29,27,29-SB03,1,1,1.0
C0000339,453308_S005,document,453308,OF,ESVLC,20,PQ,29,27,29-SB03,2,1,1.0
C0000340,453308_S005,document,453308,OF,ESVLC,20,PQ,29,29,29-SB03,1,1,1.0
C0000341,453308_S005,document,453308,OF,ESVLC,20,PQ,29,29,29-SB03,2,1,1.0
C0000342,453308_S009,document,453308,OF,ITGOA,20,PQ,89,49,89-SB04,1,1,0.0
C0000343,453308_S009,document,453308,OF,ITGOA,20,PQ,89,49,89-SB04,2,1,0.0
C0000344,453308_S009,document,453308,OF,ITGOA,20,PQ,89,51,89-SB04,1,1,1.0
C0000345,453308_S009,document,453308,OF,ITGOA,20,PQ,89,51,89-SB04,2,1,1.0
C0000346,453308_S013,document,453308,OF,MAMED,20,PQ,89,51,89-SB04,1,1,1.0
C0000347,453308_S013,document,453308,OF,MAMED,20,PQ,89,51,89-SB04,2,1,1.0
C0000348,453308_S013,document,453308,OF,MAMED,20,PQ,29,27,29-SB03,1,1,1.0
C0000349,453308_S013,document,453308,OF,MAMED,20,PQ,29,27,29-SB03,2,1,1.0
C0000350,453308_S014,document,453308,OF,MYTPP,20,PQ,89,23,89-SB01,1,1,0.0
C0000351,453308_S014,document,453308,OF,MYTPP,20,PQ,89,23,89-SB01,2,1,0.0
C0000352,453308_S014,document,453308,OF,MYTPP,20,PQ,89,51,89-SB04,1,1,1.0
C0000353,453308_S014,document,453308,OF,MYTPP,20,PQ,89,51,89-SB04,2,1,1.0
C0000354,453308_S015,document,453308,OF,MYTPP,20,PQ,89,23,89-SB01,1,1,0.0
C0000355,453308_S015,document,453308,OF,MYTPP,20,PQ,89,23,89-SB01,2,1,0.0
C0000356,453308_S015,document,453308,OF,MYTPP,20,PQ,89,51,89-SB04,1,1,1.0
C0000357,453308_S015,document,453308,OF,MYTPP,20,PQ,89,51,89-SB04,2,1,1.0
C0000358,453356_S002,document,453356,OF,USCHS,20,PQ,19,15,19-SB01,1,1,1.0
C0000359,453356_S002,document,453356,OF,USCHS,20,PQ,19,15,19-SB01,2,1,1.0
C0000360,453356_S002,document,453356,OF,USCHS,20,PQ,19,37,19-SB02,1,1,1.0
C0000361,453356_S002,document,453356,OF,USCHS,20,PQ,19,37,19-SB02,2,1,1.0
C0000362,453388_S003,document,453388,OF,CAVA2,20,PQ,69,35,69-SB03,1,1,1.0
C0000363,453388_S003,document,453388,OF,CAVA2,20,PQ,69,35,69-SB03,2,1,1.0
C0000364,453388_S003,document,453388,OF,CAVA2,20,PQ,69,43,69-SB04,1,1,1.0
C0000365,453388_S003,document,453388,OF,CAVA2,20,PQ,69,43,69-SB04,2,1,1.0
C0000366,453388_S005,document,453388,OF,CAVA3,20,HQ,19,15,19-SB01,1,1,1.0
C0000367,453388_S005,document,453388,OF,CAVA3,20,HQ,19,15,19-SB01,2,1,1.0
C0000368,453388_S005,document,453388,OF,CAVA3,20,HQ,19,37,19-SB02,1,1,1.0
C0000369,453388_S005,document,453388,OF,CAVA3,20,HQ,19,37,19-SB02,2,1,1.0
C0000370,453388_S007,document,453388,OF,CAVA3,20,PQ,4A,55,4A-SB05,1,1,0.0
C0000371,453388_S007,document,453388,OF,CAVA3,20,PQ,4A,55,4A-SB05,2,2,0.0
C0000372,453388_S007,document,453388,OF,CAVA3,20,PQ,19,15,19-SB01,1,1,1.0
C0000373,453388_S007,document,453388,OF,CAVA3,20,PQ,19,15,19-SB01,2,1,1.0
C0000374,453388_S011,document,453388,OF,CAVAN,20,PQ,4A,53,4A-SB05,1,1,0.0
C0000375,453388_S011,document,453388,OF,CAVAN,20,PQ,4A,53,4A-SB05,2,1,0.0
C0000376,453388_S011,document,453388,OF,CAVAN,20,PQ,19,15,19-SB01,1,1,1.0
C0000377,453388_S011,document,453388,OF,CAVAN,20,PQ,19,15,19-SB01,2,1,1.0
C0000378,453388_S015,document,453388,OF,CAVAN,20,PQ,4A,53,4A-SB05,1,1,0.0
C0000379,453388_S015,document,453388,OF,CAVAN,20,PQ,4A,53,4A-SB05,2,1,0.0
C0000380,453388_S015,document,453388,OF,CAVAN,20,PQ,19,15,19-SB01,1,1,1.0
C0000381,453388_S015,document,453388,OF,CAVAN,20,PQ,19,15,19-SB01,2,1,1.0
C0000382,453388_S018,document,453388,OF,USTIW,20,PQ,69,35,69-SB03,1,1,1.0
C0000383,453388_S018,document,453388,OF,USTIW,20,PQ,69,35,69-SB03,2,1,1.0
C0000384,453388_S018,document,453388,OF,USTIW,20,PQ,69,43,69-SB04,1,1,1.0
C0000385,453388_S018,document,453388,OF,USTIW,20,PQ,69,43,69-SB04,2,1,1.0
C0000386,453396_S003,document,453396,OF,DEWVN,20,PQ,89,51,89-SB04,1,1,1.0
C0000387,453396_S003,document,453396,OF,DEWVN,20,PQ,89,51,89-SB04,2,1,1.0
C0000388,453416_S006,document,453416,OF,HRRJK,20,PQ,59,13,59-SB02,1,1,1.0
C0000389,453416_S006,document,453416,OF,HRRJK,20,PQ,59,13,59-SB02,2,1,1.0
C0000390,453416_S006,document,453416,OF,HRRJK,20,PQ,59,23,59-SB02,1,1,1.0
C0000391,453416_S006,document,453416,OF,HRRJK,20,PQ,59,23,59-SB02,2,1,1.0
C0000392,453416_S012,document,453416,OF,MYTPP,20,PQ,5A,05,5A-SB01,1,1,1.0
C0000393,453416_S012,document,453416,OF,MYTPP,20,PQ,5A,05,5A-SB01,2,1,1.0
C0000394,453416_S012,document,453416,OF,MYTPP,20,PQ,5A,07,5A-SB01,1,1,1.0
C0000395,453416_S012,document,453416,OF,MYTPP,20,PQ,5A,07,5A-SB01,2,1,1.0
C0000396,453416_S013,document,453416,OF,MYTPP,20,PQ,5A,05,5A-SB01,1,1,1.0
C0000397,453416_S013,document,453416,OF,MYTPP,20,PQ,5A,05,5A-SB01,2,1,1.0
C0000398,453416_S013,document,453416,OF,MYTPP,20,PQ,5A,07,5A-SB01,1,1,1.0
C0000399,453416_S013,document,453416,OF,MYTPP,20,PQ,5A,07,5A-SB01,2,1,1.0
C0000400,453416_S014,document,453416,OF,MYTPP,20,PQ,5A,05,5A-SB01,1,1,1.0
C0000401,453416_S014,document,453416,OF,MYTPP,20,PQ,5A,05,5A-SB01,2,1,1.0
C0000402,453416_S014,document,453416,OF,MYTPP,20,PQ,5A,07,5A-SB01,1,1,1.0
C0000403,453416_S014,document,453416,OF,MYTPP,20,PQ,5A,07,5A-SB01,2,1,1.0
C0000404,453416_S015,document,453416,OF,SIKOP,20,PQ,5A,05,5A-SB01,1,1,1.0
C0000405,453416_S015,document,453416,OF,SIKOP,20,PQ,5A,05,5A-SB01,2,1,1.0
C0000406,453416_S015,document,453416,OF,SIKOP,20,PQ,5A,07,5A-SB01,1,1,1.0
C0000407,453416_S015,document,453416,OF,SIKOP,20,PQ,5A,07,5A-SB01,2,1,1.0
C0000408,453416_S017,document,453416,OF,SIKOP,20,PQ,5A,05,5A-SB01,1,1,1.0
C0000409,453416_S017,document,453416,OF,SIKOP,20,PQ,5A,05,5A-SB01,2,1,1.0
C0000410,453416_S017,document,453416,OF,SIKOP,20,PQ,5A,07,5A-SB01,1,1,1.0
C0000411,453416_S017,document,453416,OF,SIKOP,20,PQ,5A,07,5A-SB01,2,1,1.0
C0000412,454585_S004,document,454585,OF,ESBCN,20,PQ,5A,05,5A-SB01,1,1,1.0
C0000413,454585_S004,document,454585,OF,ESBCN,20,PQ,5A,05,5A-SB01,2,1,1.0
C0000414,454585_S004,document,454585,OF,ESBCN,20,PQ,5A,07,5A-SB01,1,1,1.0
C0000415,454585_S004,document,454585,OF,ESBCN,20,PQ,5A,07,5A-SB01,2,1,1.0
C0000416,454710_S003,document,454710,OF,ITGOA,20,PQ,8A,05,8A-SB01,1,1,1.0
C0000417,454710_S003,document,454710,OF,ITGOA,20,PQ,8A,05,8A-SB01,2,1,1.0
C0000418,454710_S003,document,454710,OF,ITGOA,20,PQ,8A,33,8A-SB03,1,1,1.0
C0000419,454710_S003,document,454710,OF,ITGOA,20,PQ,8A,33,8A-SB03,2,1,1.0
C0000420,454710_S004,document,454710,OF,ITGOA,20,PQ,8A,05,8A-SB01,1,1,1.0
C0000421,454710_S004,document,454710,OF,ITGOA,20,PQ,8A,05,8A-SB01,2,1,1.0
C0000422,454710_S004,document,454710,OF,ITGOA,20,PQ,8A,33,8A-SB03,1,1,1.0
C0000423,454710_S004,document,454710,OF,ITGOA,20,PQ,8A,33,8A-SB03,2,1,1.0
C0000424,454710_S008,document,454710,OF,ITNAP,20,PQ,8A,05,8A-SB01,1,1,1.0
C0000425,454710_S008,document,454710,OF,ITNAP,20,PQ,8A,05,8A-SB01,2,1,1.0
C0000426,454710_S008,document,454710,OF,ITNAP,20,PQ,8A,33,8A-SB03,1,1,1.0
C0000427,454710_S008,document,454710,OF,ITNAP,20,PQ,8A,33,8A-SB03,2,1,1.0
C0000428,454710_S010,document,454710,OF,ITSPE,20,PQ,8A,05,8A-SB01,1,1,1.0
C0000429,454710_S010,document,454710,OF,ITSPE,20,PQ,8A,05,8A-SB01,2,1,1.0
C0000430,454710_S010,document,454710,OF,ITSPE,20,PQ,8A,33,8A-SB03,1,1,1.0
C0000431,454710_S010,document,454710,OF,ITSPE,20,PQ,8A,33,8A-SB03,2,1,1.0
C0000432,453250_S002,document,453250,OF,KRPUS,20,PQ,29,27,29-SB03,1,1,1.0
C0000433,453250_S002,document,453250,OF,KRPUS,20,PQ,29,29,29-SB03,1,1,1.0
C0000434,453250_S004,document,453250,OF,USNYC,20,PQ,29,27,29-SB03,1,1,1.0
C0000435,453250_S004,document,453250,OF,USNYC,20,PQ,29,29,29-SB03,1,1,1.0
C0000436,453250_S005,document,453250,OF,USNYC,20,PQ,29,27,29-SB03,1,1,1.0
C0000437,453250_S005,document,453250,OF,USNYC,20,PQ,29,29,29-SB03,1,1,1.0
C0000438,453250_S006,document,453250,OF,USORF,20,PQ,29,49,29-SB05,1,1,0.0
C0000439,453250_S006,document,453250,OF,USORF,20,PQ,29,27,29-SB03,1,1,1.0
C0000440,453250_S007,document,453250,OF,USORF,20,PQ,29,49,29-SB05,1,1,0.0
C0000441,453250_S007,document,453250,OF,USORF,20,PQ,29,27,29-SB03,1,1,1.0
C0000442,453308_F007,forecast_fallback,453308,OF,MAMED,20,PQ,89,51,89-SB04,1,1,1.0
C0000443,453308_F007,forecast_fallback,453308,OF,MAMED,20,PQ,29,27,29-SB03,1,1,1.0
C0000444,453308_S001,document,453308,OF,ESBCN,20,PQ,89,23,89-SB01,1,1,0.0
C0000445,453308_S001,document,453308,OF,ESBCN,20,PQ,89,49,89-SB04,1,1,0.0
C0000446,453308_S006,document,453308,OF,ESVLC,20,PQ,29,27,29-SB03,1,1,1.0
C0000447,453308_S006,document,453308,OF,ESVLC,20,PQ,29,29,29-SB03,1,1,1.0
C0000448,453308_S008,document,453308,OF,ITGOA,20,PQ,89,49,89-SB04,1,1,0.0
C0000449,453308_S008,document,453308,OF,ITGOA,20,PQ,89,51,89-SB04,1,1,1.0
C0000450,453308_S012,document,453308,OF,ITSPE,20,PQ,89,17,89-SB01,1,1,0.0
C0000451,453308_S012,document,453308,OF,ITSPE,20,PQ,89,51,89-SB04,1,1,1.0
C0000452,453324_S001,document,453324,OF,USLAX,20,PQ,28,45,28-SB02,1,1,0.0
C0000453,453324_S001,document,453324,OF,USLAX,20,PQ,28,21,28-SB01,1,1,1.0
C0000454,453324_S002,document,453324,OF,USLAX,20,PQ,28,45,28-SB02,1,1,0.0
C0000455,453324_S002,document,453324,OF,USLAX,20,PQ,28,21,28-SB01,1,1,1.0
C0000456,453352_F011,forecast_fallback,453352,OF,JPNGO,20,HQ,89,51,89-SB04,1,1,1.0
C0000457,453352_F011,forecast_fallback,453352,OF,JPNGO,20,HQ,8A,05,8A-SB01,1,1,1.0
C0000458,453352_F014,forecast_fallback,453352,OF,JPUKB,20,HQ,89,51,89-SB04,1,1,1.0
C0000459,453352_F014,forecast_fallback,453352,OF,JPUKB,20,HQ,8A,05,8A-SB01,1,1,1.0
C0000460,453356_S001,document,453356,OF,USCHS,20,PQ,19,15,19-SB01,1,1,1.0
C0000461,453356_S001,document,453356,OF,USCHS,20,PQ,19,37,19-SB02,1,1,1.0
C0000462,453388_S012,document,453388,OF,CAVAN,20,PQ,4A,53,4A-SB05,1,1,0.0
C0000463,453388_S012,document,453388,OF,CAVAN,20,PQ,19,15,19-SB01,1,1,1.0
C0000464,453388_S016,document,453388,OF,KRPUS,20,PQ,69,35,69-SB03,1,1,1.0
C0000465,453388_S016,document,453388,OF,KRPUS,20,PQ,69,43,69-SB04,1,1,1.0
C0000466,453388_S020,document,453388,OF,USTW2,20,PQ,69,35,69-SB03,1,1,1.0
C0000467,453388_S020,document,453388,OF,USTW2,20,PQ,69,43,69-SB04,1,1,1.0
C0000468,453388_S021,document,453388,OF,USTW2,20,PQ,69,35,69-SB03,1,1,1.0
C0000469,453388_S021,document,453388,OF,USTW2,20,PQ,69,43,69-SB04,1,1,1.0
C0000470,453396_F036,forecast_fallback,453396,OF,GBLGP,20,PQ,89,51,89-SB04,1,1,1.0
C0000471,453396_S001,document,453396,OF,DEBRV,20,PQ,89,51,89-SB04,1,1,1.0
C0000472,453396_S002,document,453396,OF,DEWVN,20,PQ,89,51,89-SB04,1,1,1.0
C0000473,453396_S006,document,453396,OF,MAPTM,20,PQ,89,51,89-SB04,1,1,1.0
C0000474,453396_S008,document,453396,OF,MYTPP,20,PQ,89,23,89-SB01,1,1,0.0
C0000475,453396_S008,document,453396,OF,MYTPP,20,PQ,89,51,89-SB04,1,1,1.0
C0000476,453396_S009,document,453396,OF,MYTPP,20,PQ,89,23,89-SB01,1,1,0.0
C0000477,453396_S009,document,453396,OF,MYTPP,20,PQ,89,51,89-SB04,1,1,1.0
C0000478,453412_S002,document,453412,OF,DEHAM,20,PQ,49,07,49-SB01,1,1,1.0
C0000479,453412_S002,document,453412,OF,DEHAM,20,PQ,49,09,49-SB01,1,1,1.0
C0000480,453412_S003,document,453412,OF,MYTPP,20,PQ,49,07,49-SB01,1,1,1.0
C0000481,453412_S003,document,453412,OF,MYTPP,20,PQ,49,09,49-SB01,1,1,1.0
C0000482,453412_S004,document,453412,OF,MYTPP,20,PQ,49,07,49-SB01,1,1,1.0
C0000483,453412_S004,document,453412,OF,MYTPP,20,PQ,49,09,49-SB01,1,1,1.0
C0000484,453412_S005,document,453412,OF,MYTPP,20,PQ,49,07,49-SB01,1,1,1.0
C0000485,453412_S005,document,453412,OF,MYTPP,20,PQ,49,09,49-SB01,1,1,1.0
C0000486,453412_S008,document,453412,OF,NLRTM,20,PQ,49,07,49-SB01,1,1,1.0
C0000487,453412_S008,document,453412,OF,NLRTM,20,PQ,49,09,49-SB01,1,1,1.0
C0000488,453412_S009,document,453412,OF,NLRTM,20,PQ,49,07,49-SB01,1,1,1.0
C0000489,453412_S009,document,453412,OF,NLRTM,20,PQ,49,09,49-SB01,1,1,1.0
C0000490,453412_S010,document,453412,OF,NLRTM,20,PQ,49,07,49-SB01,1,1,1.0
C0000491,453412_S010,document,453412,OF,NLRTM,20,PQ,49,09,49-SB01,1,1,1.0
C0000492,453416_F042,forecast_fallback,453416,OF,MYTPP,20,PQ,5A,05,5A-SB01,1,1,1.0
C0000493,453416_F042,forecast_fallback,453416,OF,MYTPP,20,PQ,5A,07,5A-SB01,1,1,1.0
C0000494,453416_S004,document,453416,OF,EGPSD,20,PQ,59,13,59-SB02,1,1,1.0
C0000495,453416_S004,document,453416,OF,EGPSD,20,PQ,59,23,59-SB02,1,1,1.0
C0000496,453416_S007,document,453416,OF,HRRJK,20,PQ,59,13,59-SB02,1,1,1.0
C0000497,453416_S007,document,453416,OF,HRRJK,20,PQ,59,23,59-SB02,1,1,1.0
C0000498,453416_S010,document,453416,OF,MYTPP,20,PQ,5A,05,5A-SB01,1,1,1.0
C0000499,453416_S010,document,453416,OF,MYTPP,20,PQ,5A,07,5A-SB01,1,1,1.0
C0000500,453416_S011,document,453416,OF,MYTPP,20,PQ,5A,05,5A-SB01,1,1,1.0
C0000501,453416_S011,document,453416,OF,MYTPP,20,PQ,5A,07,5A-SB01,1,1,1.0
C0000502,454549_S001,document,454549,OF,ILHFA,20,PQ,69,15,69-SB02,1,1,0.0
C0000503,454549_S001,document,454549,OF,ILHFA,20,PQ,69,35,69-SB03,1,1,1.0
C0000504,454549_S002,document,454549,OF,ILHFA,20,PQ,69,15,69-SB02,1,1,0.0
C0000505,454549_S002,document,454549,OF,ILHFA,20,PQ,69,35,69-SB03,1,1,1.0
C0000506,454549_S003,document,454549,OF,SGSIN,20,PQ,69,35,69-SB03,1,1,1.0
C0000507,454549_S003,document,454549,OF,SGSIN,20,PQ,69,43,69-SB04,1,1,1.0
C0000508,454549_S005,document,454549,OF,SGSIN,20,PQ,69,35,69-SB03,1,1,1.0
C0000509,454549_S005,document,454549,OF,SGSIN,20,PQ,69,43,69-SB04,1,1,1.0
C0000510,454549_S006,document,454549,OF,TRALI,20,PQ,69,35,69-SB03,1,1,1.0
C0000511,454549_S006,document,454549,OF,TRALI,20,PQ,69,43,69-SB04,1,1,1.0
C0000512,454585_S001,document,454585,OF,ESBC1,20,PQ,5A,05,5A-SB01,1,1,1.0
C0000513,454585_S001,document,454585,OF,ESBC1,20,PQ,5A,07,5A-SB01,1,1,1.0
C0000514,454585_S002,document,454585,OF,ESBC1,20,PQ,5A,05,5A-SB01,1,1,1.0
C0000515,454585_S002,document,454585,OF,ESBC1,20,PQ,5A,07,5A-SB01,1,1,1.0
C0000516,454585_S003,document,454585,OF,ESBCN,20,PQ,5A,05,5A-SB01,1,1,1.0
C0000517,454585_S003,document,454585,OF,ESBCN,20,PQ,5A,07,5A-SB01,1,1,1.0
C0000518,454585_S005,document,454585,OF,ESVL3,20,PQ,5A,05,5A-SB01,1,1,1.0
C0000519,454585_S005,document,454585,OF,ESVL3,20,PQ,5A,07,5A-SB01,1,1,1.0
C0000520,454585_S006,document,454585,OF,ESVLC,20,PQ,5A,05,5A-SB01,1,1,1.0
C0000521,454585_S006,document,454585,OF,ESVLC,20,PQ,5A,07,5A-SB01,1,1,1.0
C0000522,454585_S007,document,454585,OF,ESVLC,20,PQ,5A,05,5A-SB01,1,1,1.0
C0000523,454585_S007,document,454585,OF,ESVLC,20,PQ,5A,07,5A-SB01,1,1,1.0
C0000524,454585_S008,document,454585,OF,ITGIT,20,PQ,5A,05,5A-SB01,1,1,1.0
C0000525,454585_S008,document,454585,OF,ITGIT,20,PQ,5A,07,5A-SB01,1,1,1.0
C0000526,454710_S001,document,454710,OF,ESAGP,20,PQ,8A,05,8A-SB01,1,1,1.0
C0000527,454710_S001,document,454710,OF,ESAGP,20,PQ,8A,33,8A-SB03,1,1,1.0
C0000528,454710_S002,document,454710,OF,ESAGP,20,PQ,8A,05,8A-SB01,1,1,1.0
C0000529,454710_S002,document,454710,OF,ESAGP,20,PQ,8A,33,8A-SB03,1,1,1.0
C0000530,454710_S005,document,454710,OF,ITGOA,20,PQ,8A,05,8A-SB01,1,1,1.0
C0000531,454710_S005,document,454710,OF,ITGOA,20,PQ,8A,33,8A-SB03,1,1,1.0
C0000532,453250_F003,forecast_fallback,453250,OF,KRPUS,40,HQ,2A,21,2A-SB02,1,1,0.0
C0000533,453250_F003,forecast_fallback,453250,OF,KRPUS,40,HQ,2A,21,2A-SB02,9,3,0.0
C0000534,453250_F003,forecast_fallback,453250,OF,KRPUS,40,HQ,2A,21,2A-SB02,15,4,0.0
C0000535,453250_F003,forecast_fallback,453250,OF,KRPUS,40,HQ,2A,21,2A-SB02,18,5,0.0
C0000536,453250_F003,forecast_fallback,453250,OF,KRPUS,40,HQ,5B,53,5B-SB04,1,1,0.0
C0000537,453250_F003,forecast_fallback,453250,OF,KRPUS,40,HQ,5B,53,5B-SB04,6,2,0.0
C0000538,453250_F003,forecast_fallback,453250,OF,KRPUS,40,HQ,5B,53,5B-SB04,9,2,0.0
C0000539,453250_F003,forecast_fallback,453250,OF,KRPUS,40,HQ,5B,53,5B-SB04,12,3,0.0
C0000540,453352_F016,forecast_fallback,453352,OF,JPUKB,40,HQ,8A,37,8A-SB04,1,1,1.0
C0000541,453352_F016,forecast_fallback,453352,OF,JPUKB,40,HQ,8A,37,8A-SB04,6,2,1.0
C0000542,453352_F016,forecast_fallback,453352,OF,JPUKB,40,HQ,8A,37,8A-SB04,12,3,1.0
C0000543,453352_F016,forecast_fallback,453352,OF,JPUKB,40,HQ,8A,65,8A-SB06,1,1,1.0
C0000544,453352_F016,forecast_fallback,453352,OF,JPUKB,40,HQ,8A,65,8A-SB06,5,1,1.0
C0000545,453352_F016,forecast_fallback,453352,OF,JPUKB,40,HQ,8A,65,8A-SB06,10,2,1.0
C0000546,454585_F056,forecast_fallback,454585,OF,FRLEH,40,HQ,5A,01,5A-SB01,1,1,1.0
C0000547,454585_F056,forecast_fallback,454585,OF,FRLEH,40,HQ,5A,01,5A-SB01,12,3,1.0
C0000548,454585_F056,forecast_fallback,454585,OF,FRLEH,40,HQ,5A,01,5A-SB01,13,3,1.0
C0000549,454585_F056,forecast_fallback,454585,OF,FRLEH,40,HQ,5A,01,5A-SB01,26,6,1.0
C0000550,454585_F056,forecast_fallback,454585,OF,FRLEH,40,HQ,5A,05,5A-SB01,1,1,1.0
C0000551,454585_F056,forecast_fallback,454585,OF,FRLEH,40,HQ,5A,05,5A-SB01,12,3,1.0
C0000552,454585_F056,forecast_fallback,454585,OF,FRLEH,40,HQ,5A,05,5A-SB01,13,3,1.0
C0000553,454585_F056,forecast_fallback,454585,OF,FRLEH,40,HQ,5A,05,5A-SB01,26,6,1.0
C0000554,454549_F048,forecast_fallback,454549,OF,SGSIN,40,HQ,49,21,49-SB02,1,1,1.0
C0000555,454549_F048,forecast_fallback,454549,OF,SGSIN,40,HQ,49,21,49-SB02,13,3,1.0
C0000556,454549_F048,forecast_fallback,454549,OF,SGSIN,40,HQ,49,21,49-SB02,20,4,1.0
C0000557,454549_F048,forecast_fallback,454549,OF,SGSIN,40,HQ,49,21,49-SB02,26,6,1.0
C0000558,454549_F048,forecast_fallback,454549,OF,SGSIN,40,HQ,49,37,49-SB03,1,1,1.0
C0000559,454549_F048,forecast_fallback,454549,OF,SGSIN,40,HQ,49,37,49-SB03,13,3,1.0
C0000560,454549_F048,forecast_fallback,454549,OF,SGSIN,40,HQ,49,37,49-SB03,20,4,1.0
C0000561,454549_F048,forecast_fallback,454549,OF,SGSIN,40,HQ,49,37,49-SB03,26,6,1.0
C0000562,454585_F053,forecast_fallback,454585,OF,DEHAM,40,HQ,8B,13,8B-SB02,1,1,0.0
C0000563,454585_F053,forecast_fallback,454585,OF,DEHAM,40,HQ,8B,13,8B-SB02,4,2,0.0
C0000564,454585_F053,forecast_fallback,454585,OF,DEHAM,40,HQ,8B,13,8B-SB02,9,3,0.0
C0000565,454585_F053,forecast_fallback,454585,OF,DEHAM,40,HQ,8B,49,8B-SB04,1,1,0.0
C0000566,454585_F053,forecast_fallback,454585,OF,DEHAM,40,HQ,8B,49,8B-SB04,2,1,0.0
C0000567,454585_F053,forecast_fallback,454585,OF,DEHAM,40,HQ,8B,49,8B-SB04,3,1,0.0
C0000568,454585_F053,forecast_fallback,454585,OF,DEHAM,40,HQ,8B,49,8B-SB04,7,1,0.0
C0000569,453416_F043,forecast_fallback,453416,OF,MYTPP,40,HQ,2A,45,2A-SB04,1,1,0.0
C0000570,453416_F043,forecast_fallback,453416,OF,MYTPP,40,HQ,2A,45,2A-SB04,7,2,0.0
C0000571,453416_F043,forecast_fallback,453416,OF,MYTPP,40,HQ,2A,45,2A-SB04,10,2,0.0
C0000572,453416_F043,forecast_fallback,453416,OF,MYTPP,40,HQ,2A,45,2A-SB04,15,3,0.0
C0000573,453416_F043,forecast_fallback,453416,OF,MYTPP,40,HQ,2A,01,2A-SB01,1,1,0.0
C0000574,453416_F043,forecast_fallback,453416,OF,MYTPP,40,HQ,2A,01,2A-SB01,6,2,0.0
C0000575,453416_F043,forecast_fallback,453416,OF,MYTPP,40,HQ,2A,01,2A-SB01,10,2,0.0
C0000576,453416_F043,forecast_fallback,453416,OF,MYTPP,40,HQ,2A,01,2A-SB01,12,3,0.0
C0000577,454549_F046,forecast_fallback,454549,OF,ILHFA,40,HQ,3A,17,3A-SB02,1,1,0.0
C0000578,454549_F046,forecast_fallback,454549,OF,ILHFA,40,HQ,3A,17,3A-SB02,2,1,0.0
C0000579,454549_F046,forecast_fallback,454549,OF,ILHFA,40,HQ,3A,17,3A-SB02,3,1,0.0
C0000580,454549_F046,forecast_fallback,454549,OF,ILHFA,40,HQ,3A,37,3A-SB03,1,1,0.0
C0000581,454549_F047,forecast_fallback,454549,OF,ITTRS,40,HQ,3A,21,3A-SB02,1,1,0.0
C0000582,454549_F047,forecast_fallback,454549,OF,ITTRS,40,HQ,3A,21,3A-SB02,2,1,0.0
C0000583,454549_F047,forecast_fallback,454549,OF,ITTRS,40,HQ,49,21,49-SB02,1,1,1.0
C0000584,454549_F047,forecast_fallback,454549,OF,ITTRS,40,HQ,49,21,49-SB02,12,3,1.0
C0000585,454549_F047,forecast_fallback,454549,OF,ITTRS,40,HQ,49,21,49-SB02,13,3,1.0
C0000586,454549_F047,forecast_fallback,454549,OF,ITTRS,40,HQ,49,21,49-SB02,26,6,1.0
C0000587,453416_S018,document,453416,OF,EGPSD,40,HQ,2A,37,2A-SB04,1,1,0.0
C0000588,453416_S018,document,453416,OF,EGPSD,40,HQ,2A,37,2A-SB04,3,1,0.0
C0000589,453416_S018,document,453416,OF,EGPSD,40,HQ,2A,37,2A-SB04,7,2,0.0
C0000590,453416_S018,document,453416,OF,EGPSD,40,HQ,2A,37,2A-SB04,15,3,0.0
C0000591,453416_S018,document,453416,OF,EGPSD,40,HQ,2A,41,2A-SB04,1,1,0.0
C0000592,453416_S018,document,453416,OF,EGPSD,40,HQ,2A,41,2A-SB04,5,1,0.0
C0000593,453416_S018,document,453416,OF,EGPSD,40,HQ,2A,41,2A-SB04,8,2,0.0
C0000594,453416_S018,document,453416,OF,EGPSD,40,HQ,2A,41,2A-SB04,10,2,0.0
C0000595,453356_F018,forecast_fallback,453356,OF,MXLZC,40,HQ,29,53,29-SB05,1,1,0.0
C0000596,453356_F018,forecast_fallback,453356,OF,MXLZC,40,HQ,29,53,29-SB05,4,1,0.0
C0000597,453356_F018,forecast_fallback,453356,OF,MXLZC,40,HQ,29,53,29-SB05,9,2,0.0
C0000598,453356_F018,forecast_fallback,453356,OF,MXLZC,40,HQ,29,53,29-SB05,18,4,0.0
C0000599,453356_F018,forecast_fallback,453356,OF,MXLZC,40,HQ,2A,45,2A-SB04,1,1,0.0
C0000600,453356_F018,forecast_fallback,453356,OF,MXLZC,40,HQ,2A,45,2A-SB04,6,2,0.0
C0000601,453356_F018,forecast_fallback,453356,OF,MXLZC,40,HQ,2A,45,2A-SB04,8,2,0.0
C0000602,453356_F018,forecast_fallback,453356,OF,MXLZC,40,HQ,2A,45,2A-SB04,17,4,0.0
C0000603,453356_F019,forecast_fallback,453356,OF,MXLZC,40,PQ,2A,09,2A-SB01,1,1,1.0
C0000604,453356_F019,forecast_fallback,453356,OF,MXLZC,40,PQ,2A,09,2A-SB01,13,3,1.0
C0000605,453356_F019,forecast_fallback,453356,OF,MXLZC,40,PQ,2A,09,2A-SB01,26,6,1.0
C0000606,453356_F019,forecast_fallback,453356,OF,MXLZC,40,PQ,2A,61,,1,1,7.0
C0000607,453356_F019,forecast_fallback,453356,OF,MXLZC,40,PQ,2A,61,,11,3,7.0
C0000608,453356_F019,forecast_fallback,453356,OF,MXLZC,40,PQ,2A,61,,17,4,7.0
C0000609,453356_F019,forecast_fallback,453356,OF,MXLZC,40,PQ,2A,61,,22,5,7.0
C0000610,453388_S033,document,453388,OF,CAVA3,40,HQ,4A,37,4A-SB04,1,1,0.0
C0000611,453388_S033,document,453388,OF,CAVA3,40,HQ,4A,37,4A-SB04,10,2,0.0
C0000612,453388_S033,document,453388,OF,CAVA3,40,HQ,4A,37,4A-SB04,18,4,0.0
C0000613,453388_S033,document,453388,OF,CAVA3,40,HQ,4A,37,4A-SB04,21,5,0.0
C0000614,453388_S033,document,453388,OF,CAVA3,40,HQ,4A,05,4A-SB01,1,1,0.0
C0000615,453388_S033,document,453388,OF,CAVA3,40,HQ,4A,05,4A-SB01,10,2,0.0
C0000616,453388_S033,document,453388,OF,CAVA3,40,HQ,4A,05,4A-SB01,19,4,0.0
C0000617,453388_S033,document,453388,OF,CAVA3,40,HQ,4A,05,4A-SB01,20,4,0.0
C0000618,454585_S031,document,454585,OF,ITGIT,40,HQ,69,29,69-SB03,1,1,0.0
C0000619,454585_S031,document,454585,OF,ITGIT,40,HQ,69,29,69-SB03,4,1,0.0
C0000620,454585_S031,document,454585,OF,ITGIT,40,HQ,69,29,69-SB03,8,2,0.0
C0000621,454585_S031,document,454585,OF,ITGIT,40,HQ,69,29,69-SB03,17,4,0.0
C0000622,454585_S031,document,454585,OF,ITGIT,40,HQ,69,69,69-SB06,1,1,0.0
C0000623,454585_S031,document,454585,OF,ITGIT,40,HQ,69,69,69-SB06,4,1,0.0
C0000624,454585_S031,document,454585,OF,ITGIT,40,HQ,69,69,69-SB06,8,2,0.0
C0000625,454585_S031,document,454585,OF,ITGIT,40,HQ,69,69,69-SB06,17,4,0.0
C0000626,453416_S043,document,453416,OF,SIKOP,40,HQ,2A,25,2A-SB03,1,1,0.0
C0000627,453416_S043,document,453416,OF,SIKOP,40,HQ,2A,25,2A-SB03,4,1,0.0
C0000628,453416_S043,document,453416,OF,SIKOP,40,HQ,2A,25,2A-SB03,7,2,0.0
C0000629,453416_S043,document,453416,OF,SIKOP,40,HQ,2A,25,2A-SB03,15,3,0.0
C0000630,453416_S043,document,453416,OF,SIKOP,40,HQ,2A,21,2A-SB02,1,1,0.0
C0000631,453416_S043,document,453416,OF,SIKOP,40,HQ,2A,21,2A-SB02,2,1,0.0
C0000632,453416_S043,document,453416,OF,SIKOP,40,HQ,2A,21,2A-SB02,4,1,0.0
C0000633,453416_S043,document,453416,OF,SIKOP,40,HQ,2A,21,2A-SB02,8,2,0.0
C0000634,453412_F039,forecast_fallback,453412,OF,DEWVN,40,HQ,6B,33,6B-SB03,1,1,0.0
C0000635,453412_F039,forecast_fallback,453412,OF,DEWVN,40,HQ,6B,33,6B-SB03,5,1,0.0
C0000636,453412_F039,forecast_fallback,453412,OF,DEWVN,40,HQ,6B,33,6B-SB03,12,3,0.0
C0000637,453412_F039,forecast_fallback,453412,OF,DEWVN,40,HQ,6B,33,6B-SB03,25,5,0.0
C0000638,453412_F039,forecast_fallback,453412,OF,DEWVN,40,HQ,6B,65,6B-SB04,1,1,0.0
C0000639,453412_F039,forecast_fallback,453412,OF,DEWVN,40,HQ,6B,65,6B-SB04,8,2,0.0
C0000640,453412_F039,forecast_fallback,453412,OF,DEWVN,40,HQ,6B,65,6B-SB04,14,4,0.0
C0000641,453412_F039,forecast_fallback,453412,OF,DEWVN,40,HQ,6B,65,6B-SB04,16,4,0.0
C0000642,453416_S019,document,453416,OF,EGPSD,40,HQ,2A,37,2A-SB04,1,1,0.0
C0000643,453416_S019,document,453416,OF,EGPSD,40,HQ,2A,37,2A-SB04,7,2,0.0
C0000644,453416_S019,document,453416,OF,EGPSD,40,HQ,2A,37,2A-SB04,15,3,0.0
C0000645,453416_S019,document,453416,OF,EGPSD,40,HQ,2A,41,2A-SB04,1,1,0.0
C0000646,453416_S019,document,453416,OF,EGPSD,40,HQ,2A,41,2A-SB04,5,1,0.0
C0000647,453416_S019,document,453416,OF,EGPSD,40,HQ,2A,41,2A-SB04,10,2,0.0
C0000648,453416_S035,document,453416,OF,MYTPP,40,HQ,2A,45,2A-SB04,1,1,0.0
C0000649,453416_S035,document,453416,OF,MYTPP,40,HQ,2A,45,2A-SB04,7,2,0.0
C0000650,453416_S035,document,453416,OF,MYTPP,40,HQ,2A,45,2A-SB04,15,3,0.0
C0000651,453416_S035,document,453416,OF,MYTPP,40,HQ,2A,01,2A-SB01,1,1,0.0
C0000652,453416_S035,document,453416,OF,MYTPP,40,HQ,2A,01,2A-SB01,6,2,0.0
C0000653,453416_S035,document,453416,OF,MYTPP,40,HQ,2A,01,2A-SB01,12,3,0.0
C0000654,453250_F005,forecast_fallback,453250,OF,USNYC,40,HQ,29,25,29-SB03,1,1,0.0
C0000655,453250_F005,forecast_fallback,453250,OF,USNYC,40,HQ,29,25,29-SB03,8,2,0.0
C0000656,453250_F005,forecast_fallback,453250,OF,USNYC,40,HQ,29,25,29-SB03,12,3,0.0
C0000657,453250_F005,forecast_fallback,453250,OF,USNYC,40,HQ,29,25,29-SB03,17,4,0.0
C0000658,453250_F005,forecast_fallback,453250,OF,USNYC,40,HQ,2A,25,2A-SB03,1,1,0.0
C0000659,453250_F005,forecast_fallback,453250,OF,USNYC,40,HQ,2A,25,2A-SB03,7,2,0.0
C0000660,453250_F005,forecast_fallback,453250,OF,USNYC,40,HQ,2A,25,2A-SB03,14,3,0.0
C0000661,453250_F005,forecast_fallback,453250,OF,USNYC,40,HQ,2A,25,2A-SB03,15,3,0.0
C0000662,453388_S036,document,453388,OF,CAVA3,40,HQ,4A,37,4A-SB04,1,1,0.0
C0000663,453388_S036,document,453388,OF,CAVA3,40,HQ,4A,37,4A-SB04,8,2,0.0
C0000664,453388_S036,document,453388,OF,CAVA3,40,HQ,4A,37,4A-SB04,10,2,0.0
C0000665,453388_S036,document,453388,OF,CAVA3,40,HQ,4A,37,4A-SB04,21,5,0.0
C0000666,453388_S036,document,453388,OF,CAVA3,40,HQ,4A,05,4A-SB01,1,1,0.0
C0000667,453388_S036,document,453388,OF,CAVA3,40,HQ,4A,05,4A-SB01,9,2,0.0
C0000668,453388_S036,document,453388,OF,CAVA3,40,HQ,4A,05,4A-SB01,10,2,0.0
C0000669,453388_S036,document,453388,OF,CAVA3,40,HQ,4A,05,4A-SB01,20,4,0.0
C0000670,453396_F037,forecast_fallback,453396,OF,GBLGP,40,HQ,8A,37,8A-SB04,1,1,1.0
C0000671,453396_F037,forecast_fallback,453396,OF,GBLGP,40,HQ,8A,37,8A-SB04,5,2,1.0
C0000672,453396_F037,forecast_fallback,453396,OF,GBLGP,40,HQ,8A,37,8A-SB04,6,2,1.0
C0000673,453396_F037,forecast_fallback,453396,OF,GBLGP,40,HQ,8A,37,8A-SB04,12,3,1.0
C0000674,453396_F037,forecast_fallback,453396,OF,GBLGP,40,HQ,8A,65,8A-SB06,1,1,1.0
C0000675,453396_F037,forecast_fallback,453396,OF,GBLGP,40,HQ,8A,65,8A-SB06,5,1,1.0
C0000676,453396_F037,forecast_fallback,453396,OF,GBLGP,40,HQ,8A,65,8A-SB06,9,2,1.0
C0000677,453396_F037,forecast_fallback,453396,OF,GBLGP,40,HQ,8A,65,8A-SB06,10,2,1.0
C0000678,453416_S044,document,453416,OF,SIKOP,40,HQ,2A,25,2A-SB03,1,1,0.0
C0000679,453416_S044,document,453416,OF,SIKOP,40,HQ,2A,25,2A-SB03,7,2,0.0
C0000680,453416_S044,document,453416,OF,SIKOP,40,HQ,2A,25,2A-SB03,14,3,0.0
C0000681,453416_S044,document,453416,OF,SIKOP,40,HQ,2A,25,2A-SB03,15,3,0.0
C0000682,453416_S044,document,453416,OF,SIKOP,40,HQ,2A,21,2A-SB02,1,1,0.0
C0000683,453416_S044,document,453416,OF,SIKOP,40,HQ,2A,21,2A-SB02,4,1,0.0
C0000684,453416_S044,document,453416,OF,SIKOP,40,HQ,2A,21,2A-SB02,5,2,0.0
C0000685,453416_S044,document,453416,OF,SIKOP,40,HQ,2A,21,2A-SB02,8,2,0.0
C0000686,453416_S022,document,453416,OF,EGPSD,40,HQ,2A,37,2A-SB04,1,1,0.0
C0000687,453416_S022,document,453416,OF,EGPSD,40,HQ,2A,37,2A-SB04,7,2,0.0
C0000688,453416_S022,document,453416,OF,EGPSD,40,HQ,2A,37,2A-SB04,13,3,0.0
C0000689,453416_S022,document,453416,OF,EGPSD,40,HQ,2A,37,2A-SB04,15,3,0.0
C0000690,453416_S022,document,453416,OF,EGPSD,40,HQ,2A,41,2A-SB04,1,1,0.0
C0000691,453416_S022,document,453416,OF,EGPSD,40,HQ,2A,41,2A-SB04,5,1,0.0
C0000692,453416_S022,document,453416,OF,EGPSD,40,HQ,2A,41,2A-SB04,8,2,0.0
C0000693,453416_S022,document,453416,OF,EGPSD,40,HQ,2A,41,2A-SB04,10,2,0.0
C0000694,453250_F006,forecast_fallback,453250,OF,USORF,40,HQ,2A,09,2A-SB01,1,1,1.0
C0000695,453250_F006,forecast_fallback,453250,OF,USORF,40,HQ,2A,09,2A-SB01,13,3,1.0
C0000696,453250_F006,forecast_fallback,453250,OF,USORF,40,HQ,2A,09,2A-SB01,26,6,1.0
C0000697,453250_F006,forecast_fallback,453250,OF,USORF,40,HQ,49,21,49-SB02,1,1,1.0
C0000698,453250_F006,forecast_fallback,453250,OF,USORF,40,HQ,49,21,49-SB02,13,3,1.0
C0000699,453250_F006,forecast_fallback,453250,OF,USORF,40,HQ,49,21,49-SB02,26,6,1.0
C0000700,453388_F035,forecast_fallback,453388,OF,KRPUS,40,HQ,69,09,69-SB01,1,1,0.0
C0000701,453388_F035,forecast_fallback,453388,OF,KRPUS,40,HQ,69,09,69-SB01,2,1,0.0
C0000702,453388_F035,forecast_fallback,453388,OF,KRPUS,40,HQ,69,09,69-SB01,3,1,0.0
C0000703,453388_F035,forecast_fallback,453388,OF,KRPUS,40,HQ,69,09,69-SB01,4,1,0.0
C0000704,453388_F035,forecast_fallback,453388,OF,KRPUS,40,HQ,4B,17,4B-SB02,1,1,1.0
C0000705,453388_F035,forecast_fallback,453388,OF,KRPUS,40,HQ,4B,17,4B-SB02,13,3,1.0
C0000706,453388_F035,forecast_fallback,453388,OF,KRPUS,40,HQ,4B,17,4B-SB02,26,6,1.0
C0000707,453250_F002,forecast_fallback,453250,OF,COCTG,40,HQ,5B,05,5B-SB01,1,1,0.0
C0000708,453250_F002,forecast_fallback,453250,OF,COCTG,40,HQ,5B,05,5B-SB01,3,1,0.0
C0000709,453250_F002,forecast_fallback,453250,OF,COCTG,40,HQ,2A,09,2A-SB01,1,1,1.0
C0000710,453250_F002,forecast_fallback,453250,OF,COCTG,40,HQ,2A,09,2A-SB01,12,3,1.0
C0000711,453250_F002,forecast_fallback,453250,OF,COCTG,40,HQ,2A,09,2A-SB01,24,5,1.0
C0000712,453352_F013,forecast_fallback,453352,OF,JPNGO,40,HQ,8A,37,8A-SB04,1,1,1.0
C0000713,453352_F013,forecast_fallback,453352,OF,JPNGO,40,HQ,8A,37,8A-SB04,6,2,1.0
C0000714,453352_F013,forecast_fallback,453352,OF,JPNGO,40,HQ,8A,37,8A-SB04,12,3,1.0
C0000715,453352_F013,forecast_fallback,453352,OF,JPNGO,40,HQ,8A,65,8A-SB06,1,1,1.0
C0000716,453352_F013,forecast_fallback,453352,OF,JPNGO,40,HQ,8A,65,8A-SB06,4,1,1.0
C0000717,453352_F013,forecast_fallback,453352,OF,JPNGO,40,HQ,8A,65,8A-SB06,5,1,1.0
C0000718,453352_F013,forecast_fallback,453352,OF,JPNGO,40,HQ,8A,65,8A-SB06,10,2,1.0
C0000719,453388_S027,document,453388,OF,CAVA2,40,HQ,4A,29,4A-SB03,1,1,0.0
C0000720,453388_S027,document,453388,OF,CAVA2,40,HQ,4A,29,4A-SB03,12,3,0.0
C0000721,453388_S027,document,453388,OF,CAVA2,40,HQ,4A,29,4A-SB03,24,5,0.0
C0000722,453388_S027,document,453388,OF,CAVA2,40,HQ,4B,01,4B-SB01,1,1,1.0
C0000723,453388_S027,document,453388,OF,CAVA2,40,HQ,4B,01,4B-SB01,12,3,1.0
C0000724,453388_S027,document,453388,OF,CAVA2,40,HQ,4B,01,4B-SB01,24,5,1.0
C0000725,453388_S052,document,453388,OF,USTIW,40,HQ,4A,37,4A-SB04,1,1,0.0
C0000726,453388_S052,document,453388,OF,USTIW,40,HQ,4A,37,4A-SB04,4,1,0.0
C0000727,453388_S052,document,453388,OF,USTIW,40,HQ,4A,37,4A-SB04,10,2,0.0
C0000728,453388_S052,document,453388,OF,USTIW,40,HQ,4A,37,4A-SB04,20,4,0.0
C0000729,453388_S052,document,453388,OF,USTIW,40,HQ,4A,33,4A-SB03,1,1,0.0
C0000730,453388_S052,document,453388,OF,USTIW,40,HQ,4A,33,4A-SB03,7,2,0.0
C0000731,453388_S052,document,453388,OF,USTIW,40,HQ,4A,33,4A-SB03,8,2,0.0
C0000732,453388_S052,document,453388,OF,USTIW,40,HQ,4A,33,4A-SB03,17,4,0.0
C0000733,453388_S064,document,453388,OF,USTW2,40,HQ,4A,21,4A-SB02,1,1,0.0
C0000734,453388_S064,document,453388,OF,USTW2,40,HQ,4A,21,4A-SB02,12,3,0.0
C0000735,453388_S064,document,453388,OF,USTW2,40,HQ,4A,21,4A-SB02,24,6,0.0
C0000736,453388_S064,document,453388,OF,USTW2,40,HQ,4A,41,4A-SB04,1,1,0.0
C0000737,453388_S064,document,453388,OF,USTW2,40,HQ,4A,41,4A-SB04,7,2,0.0
C0000738,453388_S064,document,453388,OF,USTW2,40,HQ,4A,41,4A-SB04,8,2,0.0
C0000739,453388_S064,document,453388,OF,USTW2,40,HQ,4A,41,4A-SB04,17,4,0.0
C0000740,453356_F032,forecast_fallback,453356,OF,USSAV,40,HQ,2A,53,2A-SB05,1,1,0.0
C0000741,453356_F032,forecast_fallback,453356,OF,USSAV,40,HQ,2A,53,2A-SB05,10,2,0.0
C0000742,453356_F032,forecast_fallback,453356,OF,USSAV,40,HQ,2A,53,2A-SB05,20,4,0.0
C0000743,453356_F032,forecast_fallback,453356,OF,USSAV,40,HQ,29,25,29-SB03,1,1,0.0
C0000744,453356_F032,forecast_fallback,453356,OF,USSAV,40,HQ,29,25,29-SB03,3,1,0.0
C0000745,453356_F032,forecast_fallback,453356,OF,USSAV,40,HQ,29,25,29-SB03,8,2,0.0
C0000746,453356_F032,forecast_fallback,453356,OF,USSAV,40,HQ,29,25,29-SB03,17,4,0.0
C0000747,453356_F033,forecast_fallback,453356,OF,USSAV,40,PQ,2A,09,2A-SB01,1,1,1.0
C0000748,453356_F033,forecast_fallback,453356,OF,USSAV,40,PQ,2A,09,2A-SB01,10,2,1.0
C0000749,453356_F033,forecast_fallback,453356,OF,USSAV,40,PQ,2A,09,2A-SB01,20,4,1.0
C0000750,453356_F033,forecast_fallback,453356,OF,USSAV,40,PQ,2A,61,,1,1,7.0
C0000751,453356_F033,forecast_fallback,453356,OF,USSAV,40,PQ,2A,61,,10,2,7.0
C0000752,453356_F033,forecast_fallback,453356,OF,USSAV,40,PQ,2A,61,,20,4,7.0
C0000753,453412_S012,document,453412,OF,BEANR,40,HQ,49,05,49-SB01,1,1,1.0
C0000754,453412_S012,document,453412,OF,BEANR,40,HQ,49,05,49-SB01,10,2,1.0
C0000755,453412_S012,document,453412,OF,BEANR,40,HQ,49,05,49-SB01,20,4,1.0
C0000756,453412_S012,document,453412,OF,BEANR,40,HQ,49,09,49-SB01,1,1,1.0
C0000757,453412_S012,document,453412,OF,BEANR,40,HQ,49,09,49-SB01,10,2,1.0
C0000758,453412_S012,document,453412,OF,BEANR,40,HQ,49,09,49-SB01,20,4,1.0
C0000759,453412_S016,document,453412,OF,DEHAM,40,HQ,49,05,49-SB01,1,1,1.0
C0000760,453412_S016,document,453412,OF,DEHAM,40,HQ,49,05,49-SB01,10,2,1.0
C0000761,453412_S016,document,453412,OF,DEHAM,40,HQ,49,05,49-SB01,20,4,1.0
C0000762,453412_S016,document,453412,OF,DEHAM,40,HQ,49,09,49-SB01,1,1,1.0
C0000763,453412_S016,document,453412,OF,DEHAM,40,HQ,49,09,49-SB01,10,2,1.0
C0000764,453412_S016,document,453412,OF,DEHAM,40,HQ,49,09,49-SB01,20,4,1.0
C0000765,453396_S011,document,453396,OF,DEBRV,40,HQ,8A,37,8A-SB04,1,1,1.0
C0000766,453396_S011,document,453396,OF,DEBRV,40,HQ,8A,37,8A-SB04,6,2,1.0
C0000767,453396_S011,document,453396,OF,DEBRV,40,HQ,8A,37,8A-SB04,7,2,1.0
C0000768,453396_S011,document,453396,OF,DEBRV,40,HQ,8A,37,8A-SB04,12,3,1.0
C0000769,453396_S011,document,453396,OF,DEBRV,40,HQ,8A,65,8A-SB06,1,1,1.0
C0000770,453396_S011,document,453396,OF,DEBRV,40,HQ,8A,65,8A-SB06,5,1,1.0
C0000771,453396_S011,document,453396,OF,DEBRV,40,HQ,8A,65,8A-SB06,9,2,1.0
C0000772,453396_S011,document,453396,OF,DEBRV,40,HQ,8A,65,8A-SB06,10,2,1.0
C0000773,453416_S030,document,453416,OF,HRRJK,40,HQ,2A,01,2A-SB01,1,1,0.0
C0000774,453416_S030,document,453416,OF,HRRJK,40,HQ,2A,01,2A-SB01,6,2,0.0
C0000775,453416_S030,document,453416,OF,HRRJK,40,HQ,2A,01,2A-SB01,7,2,0.0
C0000776,453416_S030,document,453416,OF,HRRJK,40,HQ,2A,01,2A-SB01,12,3,0.0
C0000777,453416_S030,document,453416,OF,HRRJK,40,HQ,38,37,38-SB02,1,1,0.0
C0000778,453416_S030,document,453416,OF,HRRJK,40,HQ,38,37,38-SB02,3,1,0.0
C0000779,453416_S030,document,453416,OF,HRRJK,40,HQ,38,37,38-SB02,4,1,0.0
C0000780,453416_S030,document,453416,OF,HRRJK,40,HQ,38,37,38-SB02,8,2,0.0
C0000781,453416_S047,document,453416,OF,SIKOP,40,HQ,2A,25,2A-SB03,1,1,0.0
C0000782,453416_S047,document,453416,OF,SIKOP,40,HQ,2A,25,2A-SB03,4,1,0.0
C0000783,453416_S047,document,453416,OF,SIKOP,40,HQ,2A,25,2A-SB03,7,2,0.0
C0000784,453416_S047,document,453416,OF,SIKOP,40,HQ,2A,25,2A-SB03,15,3,0.0
C0000785,453416_S047,document,453416,OF,SIKOP,40,HQ,2A,21,2A-SB02,1,1,0.0
C0000786,453416_S047,document,453416,OF,SIKOP,40,HQ,2A,21,2A-SB02,3,1,0.0
C0000787,453416_S047,document,453416,OF,SIKOP,40,HQ,2A,21,2A-SB02,4,1,0.0
C0000788,453416_S047,document,453416,OF,SIKOP,40,HQ,2A,21,2A-SB02,8,2,0.0
C0000789,453388_S035,document,453388,OF,CAVA3,40,HQ,4A,05,4A-SB01,1,1,0.0
C0000790,453388_S035,document,453388,OF,CAVA3,40,HQ,4A,05,4A-SB01,9,2,0.0
C0000791,453388_S035,document,453388,OF,CAVA3,40,HQ,4A,05,4A-SB01,18,4,0.0
C0000792,453388_S035,document,453388,OF,CAVA3,40,HQ,4A,37,4A-SB04,1,1,0.0
C0000793,453388_S035,document,453388,OF,CAVA3,40,HQ,4A,37,4A-SB04,9,2,0.0
C0000794,453388_S035,document,453388,OF,CAVA3,40,HQ,4A,37,4A-SB04,18,4,0.0
C0000795,453388_S053,document,453388,OF,USTIW,40,HQ,4A,37,4A-SB04,1,1,0.0
C0000796,453388_S053,document,453388,OF,USTIW,40,HQ,4A,37,4A-SB04,9,2,0.0
C0000797,453388_S053,document,453388,OF,USTIW,40,HQ,4A,37,4A-SB04,18,4,0.0
C0000798,453388_S053,document,453388,OF,USTIW,40,HQ,4A,33,4A-SB03,1,1,0.0
C0000799,453388_S053,document,453388,OF,USTIW,40,HQ,4A,33,4A-SB03,8,2,0.0
C0000800,453388_S053,document,453388,OF,USTIW,40,HQ,4A,33,4A-SB03,17,4,0.0
C0000801,453388_S034,document,453388,OF,CAVA3,40,HQ,4A,05,4A-SB01,1,1,0.0
C0000802,453388_S034,document,453388,OF,CAVA3,40,HQ,4A,05,4A-SB01,8,2,0.0
C0000803,453388_S034,document,453388,OF,CAVA3,40,HQ,4A,05,4A-SB01,17,4,0.0
C0000804,453388_S034,document,453388,OF,CAVA3,40,HQ,4A,37,4A-SB04,1,1,0.0
C0000805,453388_S034,document,453388,OF,CAVA3,40,HQ,4A,37,4A-SB04,8,2,0.0
C0000806,453388_S034,document,453388,OF,CAVA3,40,HQ,4A,37,4A-SB04,17,4,0.0
C0000807,453388_S041,document,453388,OF,CAVAN,40,HQ,4A,01,4A-SB01,1,1,0.0
C0000808,453388_S041,document,453388,OF,CAVAN,40,HQ,4A,01,4A-SB01,8,2,0.0
C0000809,453388_S041,document,453388,OF,CAVAN,40,HQ,4A,01,4A-SB01,17,4,0.0
C0000810,453388_S041,document,453388,OF,CAVAN,40,HQ,4A,49,4A-SB05,1,1,0.0
C0000811,453388_S041,document,453388,OF,CAVAN,40,HQ,4A,49,4A-SB05,8,2,0.0
C0000812,453388_S041,document,453388,OF,CAVAN,40,HQ,4A,49,4A-SB05,17,4,0.0
C0000813,453416_S036,document,453416,OF,MYTPP,40,HQ,2A,45,2A-SB04,1,1,0.0
C0000814,453416_S036,document,453416,OF,MYTPP,40,HQ,2A,45,2A-SB04,7,2,0.0
C0000815,453416_S036,document,453416,OF,MYTPP,40,HQ,2A,45,2A-SB04,15,3,0.0
C0000816,453416_S036,document,453416,OF,MYTPP,40,HQ,2A,01,2A-SB01,1,1,0.0
C0000817,453416_S036,document,453416,OF,MYTPP,40,HQ,2A,01,2A-SB01,4,1,0.0
C0000818,453416_S036,document,453416,OF,MYTPP,40,HQ,2A,01,2A-SB01,6,2,0.0
C0000819,453416_S036,document,453416,OF,MYTPP,40,HQ,2A,01,2A-SB01,12,3,0.0
C0000820,454710_S018,document,454710,OF,ITGOA,40,HQ,8B,09,8B-SB01,1,1,1.0
C0000821,454710_S018,document,454710,OF,ITGOA,40,HQ,8B,09,8B-SB01,8,2,1.0
C0000822,454710_S018,document,454710,OF,ITGOA,40,HQ,8B,09,8B-SB01,16,4,1.0
C0000823,454710_S018,document,454710,OF,ITGOA,40,HQ,8A,37,8A-SB04,1,1,1.0
C0000824,454710_S018,document,454710,OF,ITGOA,40,HQ,8A,37,8A-SB04,4,1,1.0
C0000825,454710_S018,document,454710,OF,ITGOA,40,HQ,8A,37,8A-SB04,6,2,1.0
C0000826,454710_S018,document,454710,OF,ITGOA,40,HQ,8A,37,8A-SB04,12,3,1.0
C0000827,453388_S042,document,453388,OF,CAVAN,40,HQ,4A,01,4A-SB01,1,1,0.0
C0000828,453388_S042,document,453388,OF,CAVAN,40,HQ,4A,01,4A-SB01,7,2,0.0
C0000829,453388_S042,document,453388,OF,CAVAN,40,HQ,4A,01,4A-SB01,15,3,0.0
C0000830,453388_S042,document,453388,OF,CAVAN,40,HQ,4A,49,4A-SB05,1,1,0.0
C0000831,453388_S042,document,453388,OF,CAVAN,40,HQ,4A,49,4A-SB05,7,2,0.0
C0000832,453388_S042,document,453388,OF,CAVAN,40,HQ,4A,49,4A-SB05,15,3,0.0
C0000833,453388_S054,document,453388,OF,USTIW,40,HQ,4A,33,4A-SB03,1,1,0.0
C0000834,453388_S054,document,453388,OF,USTIW,40,HQ,4A,33,4A-SB03,7,2,0.0
C0000835,453388_S054,document,453388,OF,USTIW,40,HQ,4A,33,4A-SB03,15,3,0.0
C0000836,453388_S054,document,453388,OF,USTIW,40,HQ,4A,37,4A-SB04,1,1,0.0
C0000837,453388_S054,document,453388,OF,USTIW,40,HQ,4A,37,4A-SB04,7,2,0.0
C0000838,453388_S054,document,453388,OF,USTIW,40,HQ,4A,37,4A-SB04,15,3,0.0
C0000839,453388_S065,document,453388,OF,USTW2,40,HQ,4A,21,4A-SB02,1,1,0.0
C0000840,453388_S065,document,453388,OF,USTW2,40,HQ,4A,21,4A-SB02,7,2,0.0
C0000841,453388_S065,document,453388,OF,USTW2,40,HQ,4A,21,4A-SB02,15,4,0.0
C0000842,453388_S065,document,453388,OF,USTW2,40,HQ,4A,41,4A-SB04,1,1,0.0
C0000843,453388_S065,document,453388,OF,USTW2,40,HQ,4A,41,4A-SB04,7,2,0.0
C0000844,453388_S065,document,453388,OF,USTW2,40,HQ,4A,41,4A-SB04,15,3,0.0
C0000845,453388_S067,document,453388,OF,USTW2,40,HQ,4A,21,4A-SB02,1,1,0.0
C0000846,453388_S067,document,453388,OF,USTW2,40,HQ,4A,21,4A-SB02,7,2,0.0
C0000847,453388_S067,document,453388,OF,USTW2,40,HQ,4A,21,4A-SB02,15,4,0.0
C0000848,453388_S067,document,453388,OF,USTW2,40,HQ,4A,41,4A-SB04,1,1,0.0
C0000849,453388_S067,document,453388,OF,USTW2,40,HQ,4A,41,4A-SB04,7,2,0.0
C0000850,453388_S067,document,453388,OF,USTW2,40,HQ,4A,41,4A-SB04,15,3,0.0
C0000851,453412_S033,document,453412,OF,NLRTM,40,HQ,49,17,49-SB02,1,1,0.0
C0000852,453412_S033,document,453412,OF,NLRTM,40,HQ,49,17,49-SB02,7,2,0.0
C0000853,453412_S033,document,453412,OF,NLRTM,40,HQ,49,17,49-SB02,15,3,0.0
C0000854,453412_S033,document,453412,OF,NLRTM,40,HQ,49,53,49-SB05,1,1,0.0
C0000855,453412_S033,document,453412,OF,NLRTM,40,HQ,49,53,49-SB05,7,2,0.0
C0000856,453412_S033,document,453412,OF,NLRTM,40,HQ,49,53,49-SB05,15,3,0.0
C0000857,453416_S020,document,453416,OF,EGPSD,40,HQ,2A,37,2A-SB04,1,1,0.0
C0000858,453416_S020,document,453416,OF,EGPSD,40,HQ,2A,37,2A-SB04,7,2,0.0
C0000859,453416_S020,document,453416,OF,EGPSD,40,HQ,2A,37,2A-SB04,15,3,0.0
C0000860,453416_S020,document,453416,OF,EGPSD,40,HQ,2A,41,2A-SB04,1,1,0.0
C0000861,453416_S020,document,453416,OF,EGPSD,40,HQ,2A,41,2A-SB04,5,1,0.0
C0000862,453416_S020,document,453416,OF,EGPSD,40,HQ,2A,41,2A-SB04,10,2,0.0
C0000863,453416_S028,document,453416,OF,HRRJK,40,HQ,2A,01,2A-SB01,1,1,0.0
C0000864,453416_S028,document,453416,OF,HRRJK,40,HQ,2A,01,2A-SB01,3,1,0.0
C0000865,453416_S028,document,453416,OF,HRRJK,40,HQ,2A,01,2A-SB01,6,2,0.0
C0000866,453416_S028,document,453416,OF,HRRJK,40,HQ,2A,01,2A-SB01,12,3,0.0
C0000867,453416_S028,document,453416,OF,HRRJK,40,HQ,38,37,38-SB02,1,1,0.0
C0000868,453416_S028,document,453416,OF,HRRJK,40,HQ,38,37,38-SB02,4,1,0.0
C0000869,453416_S028,document,453416,OF,HRRJK,40,HQ,38,37,38-SB02,7,2,0.0
C0000870,453416_S028,document,453416,OF,HRRJK,40,HQ,38,37,38-SB02,8,2,0.0
C0000871,454585_S027,document,454585,OF,ESVLC,40,HQ,69,53,69-SB05,1,1,0.0
C0000872,454585_S027,document,454585,OF,ESVLC,40,HQ,69,53,69-SB05,7,2,0.0
C0000873,454585_S027,document,454585,OF,ESVLC,40,HQ,69,53,69-SB05,15,3,0.0
C0000874,454585_S027,document,454585,OF,ESVLC,40,HQ,69,57,69-SB05,1,1,0.0
C0000875,454585_S027,document,454585,OF,ESVLC,40,HQ,69,57,69-SB05,7,2,0.0
C0000876,454585_S027,document,454585,OF,ESVLC,40,HQ,69,57,69-SB05,15,3,0.0
C0000877,453250_F004,forecast_fallback,453250,OF,USNWK,40,HQ,2A,09,2A-SB01,1,1,1.0
C0000878,453250_F004,forecast_fallback,453250,OF,USNWK,40,HQ,2A,09,2A-SB01,7,2,1.0
C0000879,453250_F004,forecast_fallback,453250,OF,USNWK,40,HQ,2A,09,2A-SB01,14,3,1.0
C0000880,453250_F004,forecast_fallback,453250,OF,USNWK,40,HQ,2A,13,2A-SB02,1,1,1.0
C0000881,453250_F004,forecast_fallback,453250,OF,USNWK,40,HQ,2A,13,2A-SB02,7,2,1.0
C0000882,453250_F004,forecast_fallback,453250,OF,USNWK,40,HQ,2A,13,2A-SB02,14,3,1.0
C0000883,453388_S066,document,453388,OF,USTW2,40,HQ,4A,21,4A-SB02,1,1,0.0
C0000884,453388_S066,document,453388,OF,USTW2,40,HQ,4A,21,4A-SB02,7,2,0.0
C0000885,453388_S066,document,453388,OF,USTW2,40,HQ,4A,21,4A-SB02,14,4,0.0
C0000886,453388_S066,document,453388,OF,USTW2,40,HQ,4A,41,4A-SB04,1,1,0.0
C0000887,453388_S066,document,453388,OF,USTW2,40,HQ,4A,41,4A-SB04,7,2,0.0
C0000888,453388_S066,document,453388,OF,USTW2,40,HQ,4A,41,4A-SB04,14,3,0.0
C0000889,453412_S015,document,453412,OF,DEHAM,40,HQ,49,05,49-SB01,1,1,1.0
C0000890,453412_S015,document,453412,OF,DEHAM,40,HQ,49,05,49-SB01,7,2,1.0
C0000891,453412_S015,document,453412,OF,DEHAM,40,HQ,49,05,49-SB01,14,3,1.0
C0000892,453412_S015,document,453412,OF,DEHAM,40,HQ,49,09,49-SB01,1,1,1.0
C0000893,453412_S015,document,453412,OF,DEHAM,40,HQ,49,09,49-SB01,7,2,1.0
C0000894,453412_S015,document,453412,OF,DEHAM,40,HQ,49,09,49-SB01,14,3,1.0
C0000895,453416_S049,document,453416,OF,SIKOP,40,PQ,2A,09,2A-SB01,1,1,1.0
C0000896,453416_S049,document,453416,OF,SIKOP,40,PQ,2A,09,2A-SB01,7,2,1.0
C0000897,453416_S049,document,453416,OF,SIKOP,40,PQ,2A,09,2A-SB01,14,3,1.0
C0000898,453416_S049,document,453416,OF,SIKOP,40,PQ,4A,13,4A-SB02,1,1,1.0
C0000899,453416_S049,document,453416,OF,SIKOP,40,PQ,4A,13,4A-SB02,7,2,1.0
C0000900,453416_S049,document,453416,OF,SIKOP,40,PQ,4A,13,4A-SB02,14,3,1.0
C0000901,453356_F022,forecast_fallback,453356,OF,USCHS,40,HQ,28,53,28-SB02,1,1,0.0
C0000902,453356_F022,forecast_fallback,453356,OF,USCHS,40,HQ,28,61,,1,1,7.0
C0000903,453356_F022,forecast_fallback,453356,OF,USCHS,40,HQ,28,61,,6,2,7.0
C0000904,453356_F022,forecast_fallback,453356,OF,USCHS,40,HQ,28,61,,13,3,7.0
C0000905,453356_F023,forecast_fallback,453356,OF,USCHS,40,PQ,2A,09,2A-SB01,1,1,1.0
C0000906,453356_F023,forecast_fallback,453356,OF,USCHS,40,PQ,2A,09,2A-SB01,6,2,1.0
C0000907,453356_F023,forecast_fallback,453356,OF,USCHS,40,PQ,2A,09,2A-SB01,13,3,1.0
C0000908,453356_F023,forecast_fallback,453356,OF,USCHS,40,PQ,2A,61,,1,1,7.0
C0000909,453356_F023,forecast_fallback,453356,OF,USCHS,40,PQ,2A,61,,6,2,7.0
C0000910,453356_F023,forecast_fallback,453356,OF,USCHS,40,PQ,2A,61,,13,3,7.0
C0000911,453388_S045,document,453388,OF,CAVAN,40,HQ,4A,01,4A-SB01,1,1,0.0
C0000912,453388_S045,document,453388,OF,CAVAN,40,HQ,4A,01,4A-SB01,6,2,0.0
C0000913,453388_S045,document,453388,OF,CAVAN,40,HQ,4A,01,4A-SB01,13,3,0.0
C0000914,453388_S045,document,453388,OF,CAVAN,40,HQ,4A,49,4A-SB05,1,1,0.0
C0000915,453388_S045,document,453388,OF,CAVAN,40,HQ,4A,49,4A-SB05,6,2,0.0
C0000916,453388_S045,document,453388,OF,CAVAN,40,HQ,4A,49,4A-SB05,13,3,0.0
C0000917,453416_S021,document,453416,OF,EGPSD,40,HQ,2A,37,2A-SB04,1,1,0.0
C0000918,453416_S021,document,453416,OF,EGPSD,40,HQ,2A,37,2A-SB04,6,2,0.0
C0000919,453416_S021,document,453416,OF,EGPSD,40,HQ,2A,37,2A-SB04,13,3,0.0
C0000920,453416_S021,document,453416,OF,EGPSD,40,HQ,2A,41,2A-SB04,1,1,0.0
C0000921,453416_S021,document,453416,OF,EGPSD,40,HQ,2A,41,2A-SB04,3,1,0.0
C0000922,453416_S021,document,453416,OF,EGPSD,40,HQ,2A,41,2A-SB04,5,1,0.0
C0000923,453416_S021,document,453416,OF,EGPSD,40,HQ,2A,41,2A-SB04,10,2,0.0
C0000924,453416_S023,document,453416,OF,EGPSD,40,HQ,2A,37,2A-SB04,1,1,0.0
C0000925,453416_S023,document,453416,OF,EGPSD,40,HQ,2A,37,2A-SB04,6,2,0.0
C0000926,453416_S023,document,453416,OF,EGPSD,40,HQ,2A,37,2A-SB04,13,3,0.0
C0000927,453416_S023,document,453416,OF,EGPSD,40,HQ,2A,41,2A-SB04,1,1,0.0
C0000928,453416_S023,document,453416,OF,EGPSD,40,HQ,2A,41,2A-SB04,3,1,0.0
C0000929,453416_S023,document,453416,OF,EGPSD,40,HQ,2A,41,2A-SB04,5,1,0.0
C0000930,453416_S023,document,453416,OF,EGPSD,40,HQ,2A,41,2A-SB04,10,2,0.0
C0000931,453388_S032,document,453388,OF,CAVA3,40,HQ,4A,05,4A-SB01,1,1,0.0
C0000932,453388_S032,document,453388,OF,CAVA3,40,HQ,4A,05,4A-SB01,6,2,0.0
C0000933,453388_S032,document,453388,OF,CAVA3,40,HQ,4A,05,4A-SB01,12,3,0.0
C0000934,453388_S032,document,453388,OF,CAVA3,40,HQ,4A,09,4A-SB01,1,1,0.0
C0000935,453388_S032,document,453388,OF,CAVA3,40,HQ,4A,09,4A-SB01,6,2,0.0
C0000936,453388_S032,document,453388,OF,CAVA3,40,HQ,4A,09,4A-SB01,12,4,0.0
C0000937,453388_S055,document,453388,OF,USTIW,40,HQ,4A,33,4A-SB03,1,1,0.0
C0000938,453388_S055,document,453388,OF,USTIW,40,HQ,4A,33,4A-SB03,6,2,0.0
C0000939,453388_S055,document,453388,OF,USTIW,40,HQ,4A,33,4A-SB03,12,3,0.0
C0000940,453388_S055,document,453388,OF,USTIW,40,HQ,4A,37,4A-SB04,1,1,0.0
C0000941,453388_S055,document,453388,OF,USTIW,40,HQ,4A,37,4A-SB04,6,2,0.0
C0000942,453388_S055,document,453388,OF,USTIW,40,HQ,4A,37,4A-SB04,12,3,0.0
C0000943,453416_S029,document,453416,OF,HRRJK,40,HQ,2A,01,2A-SB01,1,1,0.0
C0000944,453416_S029,document,453416,OF,HRRJK,40,HQ,2A,01,2A-SB01,6,2,0.0
C0000945,453416_S029,document,453416,OF,HRRJK,40,HQ,2A,01,2A-SB01,12,3,0.0
C0000946,453416_S029,document,453416,OF,HRRJK,40,HQ,38,37,38-SB02,1,1,0.0
C0000947,453416_S029,document,453416,OF,HRRJK,40,HQ,38,37,38-SB02,4,1,0.0
C0000948,453416_S029,document,453416,OF,HRRJK,40,HQ,38,37,38-SB02,8,2,0.0
C0000949,453416_S040,document,453416,OF,MYTPP,40,HQ,2A,01,2A-SB01,1,1,0.0
C0000950,453416_S040,document,453416,OF,MYTPP,40,HQ,2A,01,2A-SB01,6,2,0.0
C0000951,453416_S040,document,453416,OF,MYTPP,40,HQ,2A,01,2A-SB01,12,3,0.0
C0000952,453416_S040,document,453416,OF,MYTPP,40,HQ,2A,45,2A-SB04,1,1,0.0
C0000953,453416_S040,document,453416,OF,MYTPP,40,HQ,2A,45,2A-SB04,6,2,0.0
C0000954,453416_S040,document,453416,OF,MYTPP,40,HQ,2A,45,2A-SB04,12,3,0.0
C0000955,453250_S013,document,453250,OF,KRPUS,40,HQ,2A,21,2A-SB02,1,1,0.0
C0000956,453250_S013,document,453250,OF,KRPUS,40,HQ,2A,21,2A-SB02,5,2,0.0
C0000957,453250_S013,document,453250,OF,KRPUS,40,HQ,2A,21,2A-SB02,11,3,0.0
C0000958,453250_S013,document,453250,OF,KRPUS,40,HQ,5B,53,5B-SB04,1,1,0.0
C0000959,453250_S013,document,453250,OF,KRPUS,40,HQ,5B,53,5B-SB04,5,1,0.0
C0000960,453250_S013,document,453250,OF,KRPUS,40,HQ,5B,53,5B-SB04,11,3,0.0
C0000961,453324_F009,forecast_fallback,453324,OF,USOAK,40,HQ,38,37,38-SB02,1,1,1.0
C0000962,453324_F009,forecast_fallback,453324,OF,USOAK,40,HQ,38,37,38-SB02,3,1,1.0
C0000963,453324_F009,forecast_fallback,453324,OF,USOAK,40,HQ,38,37,38-SB02,4,1,1.0
C0000964,453324_F009,forecast_fallback,453324,OF,USOAK,40,HQ,38,37,38-SB02,8,2,1.0
C0000965,453324_F009,forecast_fallback,453324,OF,USOAK,40,HQ,38,17,,1,1,11.0
C0000966,453324_F009,forecast_fallback,453324,OF,USOAK,40,HQ,38,17,,2,1,11.0
C0000967,453388_S026,document,453388,OF,CAVA2,40,HQ,4A,29,4A-SB03,1,1,0.0
C0000968,453388_S026,document,453388,OF,CAVA2,40,HQ,4A,29,4A-SB03,5,1,0.0
C0000969,453388_S026,document,453388,OF,CAVA2,40,HQ,4A,29,4A-SB03,11,3,0.0
C0000970,453388_S026,document,453388,OF,CAVA2,40,HQ,4A,01,4A-SB01,1,1,1.0
C0000971,453388_S026,document,453388,OF,CAVA2,40,HQ,4A,01,4A-SB01,5,1,1.0
C0000972,453388_S026,document,453388,OF,CAVA2,40,HQ,4A,01,4A-SB01,11,3,1.0
C0000973,453388_S051,document,453388,OF,USTIW,40,HQ,4A,33,4A-SB03,1,1,0.0
C0000974,453388_S051,document,453388,OF,USTIW,40,HQ,4A,33,4A-SB03,5,1,0.0
C0000975,453388_S051,document,453388,OF,USTIW,40,HQ,4A,33,4A-SB03,11,3,0.0
C0000976,453388_S051,document,453388,OF,USTIW,40,HQ,4A,37,4A-SB04,1,1,0.0
C0000977,453388_S051,document,453388,OF,USTIW,40,HQ,4A,37,4A-SB04,5,1,0.0
C0000978,453388_S051,document,453388,OF,USTIW,40,HQ,4A,37,4A-SB04,11,3,0.0
C0000979,453412_S034,document,453412,OF,NLRTM,40,HQ,49,17,49-SB02,1,1,0.0
C0000980,453412_S034,document,453412,OF,NLRTM,40,HQ,49,17,49-SB02,5,1,0.0
C0000981,453412_S034,document,453412,OF,NLRTM,40,HQ,49,17,49-SB02,11,3,0.0
C0000982,453412_S034,document,453412,OF,NLRTM,40,HQ,49,53,49-SB05,1,1,0.0
C0000983,453412_S034,document,453412,OF,NLRTM,40,HQ,49,53,49-SB05,5,1,0.0
C0000984,453412_S034,document,453412,OF,NLRTM,40,HQ,49,53,49-SB05,11,3,0.0
C0000985,453412_S035,document,453412,OF,NLRTM,40,HQ,49,17,49-SB02,1,1,0.0
C0000986,453412_S035,document,453412,OF,NLRTM,40,HQ,49,17,49-SB02,5,1,0.0
C0000987,453412_S035,document,453412,OF,NLRTM,40,HQ,49,17,49-SB02,11,3,0.0
C0000988,453412_S035,document,453412,OF,NLRTM,40,HQ,49,53,49-SB05,1,1,0.0
C0000989,453412_S035,document,453412,OF,NLRTM,40,HQ,49,53,49-SB05,5,1,0.0
C0000990,453412_S035,document,453412,OF,NLRTM,40,HQ,49,53,49-SB05,11,3,0.0
C0000991,453412_S037,document,453412,OF,NLRTM,40,HQ,49,17,49-SB02,1,1,0.0
C0000992,453412_S037,document,453412,OF,NLRTM,40,HQ,49,17,49-SB02,5,1,0.0
C0000993,453412_S037,document,453412,OF,NLRTM,40,HQ,49,17,49-SB02,10,2,0.0
C0000994,453412_S037,document,453412,OF,NLRTM,40,HQ,49,53,49-SB05,1,1,0.0
C0000995,453412_S037,document,453412,OF,NLRTM,40,HQ,49,53,49-SB05,5,1,0.0
C0000996,453412_S037,document,453412,OF,NLRTM,40,HQ,49,53,49-SB05,10,2,0.0
C0000997,454585_S021,document,454585,OF,ESVL3,40,HQ,5A,01,5A-SB01,1,1,1.0
C0000998,454585_S021,document,454585,OF,ESVL3,40,HQ,5A,01,5A-SB01,5,1,1.0
C0000999,454585_S021,document,454585,OF,ESVL3,40,HQ,5A,01,5A-SB01,10,2,1.0
C0001000,454585_S021,document,454585,OF,ESVL3,40,HQ,5A,05,5A-SB01,1,1,1.0
C0001001,454585_S021,document,454585,OF,ESVL3,40,HQ,5A,05,5A-SB01,5,1,1.0
C0001002,454585_S021,document,454585,OF,ESVL3,40,HQ,5A,05,5A-SB01,10,2,1.0
C0001003,453412_S027,document,453412,OF,MYTPP,40,HQ,6B,01,6B-SB01,1,1,0.0
C0001004,453412_S027,document,453412,OF,MYTPP,40,HQ,6B,01,6B-SB01,4,1,0.0
C0001005,453412_S027,document,453412,OF,MYTPP,40,HQ,6B,01,6B-SB01,9,2,0.0
C0001006,453412_S027,document,453412,OF,MYTPP,40,HQ,6B,25,6B-SB03,1,1,0.0
C0001007,453416_S027,document,453416,OF,HRRJK,40,HQ,2A,01,2A-SB01,1,1,0.0
C0001008,453416_S027,document,453416,OF,HRRJK,40,HQ,2A,01,2A-SB01,4,1,0.0
C0001009,453416_S027,document,453416,OF,HRRJK,40,HQ,2A,01,2A-SB01,9,2,0.0
C0001010,453416_S027,document,453416,OF,HRRJK,40,HQ,38,37,38-SB02,1,1,0.0
C0001011,453416_S027,document,453416,OF,HRRJK,40,HQ,38,37,38-SB02,4,1,0.0
C0001012,453416_S027,document,453416,OF,HRRJK,40,HQ,38,37,38-SB02,8,2,0.0
C0001013,453416_S031,document,453416,OF,HRRJK,40,HQ,2A,01,2A-SB01,1,1,0.0
C0001014,453416_S031,document,453416,OF,HRRJK,40,HQ,2A,01,2A-SB01,4,1,0.0
C0001015,453416_S031,document,453416,OF,HRRJK,40,HQ,2A,01,2A-SB01,9,2,0.0
C0001016,453416_S031,document,453416,OF,HRRJK,40,HQ,38,37,38-SB02,1,1,0.0
C0001017,453416_S031,document,453416,OF,HRRJK,40,HQ,38,37,38-SB02,4,1,0.0
C0001018,453416_S031,document,453416,OF,HRRJK,40,HQ,38,37,38-SB02,8,2,0.0
C0001019,453416_S039,document,453416,OF,MYTPP,40,HQ,2A,01,2A-SB01,1,1,0.0
C0001020,453416_S039,document,453416,OF,MYTPP,40,HQ,2A,01,2A-SB01,4,1,0.0
C0001021,453416_S039,document,453416,OF,MYTPP,40,HQ,2A,01,2A-SB01,9,2,0.0
C0001022,453416_S039,document,453416,OF,MYTPP,40,HQ,2A,45,2A-SB04,1,1,0.0
C0001023,453416_S039,document,453416,OF,MYTPP,40,HQ,2A,45,2A-SB04,4,1,0.0
C0001024,453416_S039,document,453416,OF,MYTPP,40,HQ,2A,45,2A-SB04,9,2,0.0
C0001025,454549_F051,forecast_fallback,454549,OF,TRISK,40,HQ,69,29,69-SB03,1,1,1.0
C0001026,454549_F051,forecast_fallback,454549,OF,TRISK,40,HQ,69,29,69-SB03,4,1,1.0
C0001027,454549_F051,forecast_fallback,454549,OF,TRISK,40,HQ,69,29,69-SB03,9,2,1.0
C0001028,454549_F051,forecast_fallback,454549,OF,TRISK,40,HQ,69,45,69-SB04,1,1,1.0
C0001029,454549_F051,forecast_fallback,454549,OF,TRISK,40,HQ,69,45,69-SB04,4,1,1.0
C0001030,454549_F051,forecast_fallback,454549,OF,TRISK,40,HQ,69,45,69-SB04,9,2,1.0
C0001031,454710_S017,document,454710,OF,ITGOA,40,HQ,8A,37,8A-SB04,1,1,1.0
C0001032,454710_S017,document,454710,OF,ITGOA,40,HQ,8A,37,8A-SB04,4,1,1.0
C0001033,454710_S017,document,454710,OF,ITGOA,40,HQ,8A,37,8A-SB04,9,3,1.0
C0001034,454710_S017,document,454710,OF,ITGOA,40,HQ,8A,65,8A-SB06,1,1,1.0
C0001035,454710_S017,document,454710,OF,ITGOA,40,HQ,8A,65,8A-SB06,4,1,1.0
C0001036,454710_S017,document,454710,OF,ITGOA,40,HQ,8A,65,8A-SB06,9,2,1.0
C0001037,453388_S025,document,453388,OF,CAVA2,40,HQ,4A,29,4A-SB03,1,1,0.0
C0001038,453388_S025,document,453388,OF,CAVA2,40,HQ,4A,29,4A-SB03,4,1,0.0
C0001039,453388_S025,document,453388,OF,CAVA2,40,HQ,4A,29,4A-SB03,8,2,0.0
C0001040,453388_S025,document,453388,OF,CAVA2,40,HQ,19,37,19-SB02,1,1,1.0
C0001041,453388_S025,document,453388,OF,CAVA2,40,HQ,19,37,19-SB02,4,1,1.0
C0001042,453388_S025,document,453388,OF,CAVA2,40,HQ,19,37,19-SB02,8,2,1.0
C0001043,453388_S047,document,453388,OF,CAVAN,40,PQ,4A,13,4A-SB02,1,1,1.0
C0001044,453388_S047,document,453388,OF,CAVAN,40,PQ,4A,13,4A-SB02,4,1,1.0
C0001045,453388_S047,document,453388,OF,CAVAN,40,PQ,4A,13,4A-SB02,8,2,1.0
C0001046,453388_S047,document,453388,OF,CAVAN,40,PQ,4A,25,4A-SB03,1,1,1.0
C0001047,453388_S047,document,453388,OF,CAVAN,40,PQ,4A,25,4A-SB03,4,1,1.0
C0001048,453388_S047,document,453388,OF,CAVAN,40,PQ,4A,25,4A-SB03,8,2,1.0
C0001049,453388_S059,document,453388,OF,USTW1,40,HQ,69,29,69-SB03,1,1,1.0
C0001050,453388_S059,document,453388,OF,USTW1,40,HQ,69,29,69-SB03,4,1,1.0
C0001051,453388_S059,document,453388,OF,USTW1,40,HQ,69,29,69-SB03,8,2,1.0
C0001052,453388_S059,document,453388,OF,USTW1,40,HQ,69,45,69-SB04,1,1,1.0
C0001053,453388_S059,document,453388,OF,USTW1,40,HQ,69,45,69-SB04,4,1,1.0
C0001054,453388_S059,document,453388,OF,USTW1,40,HQ,69,45,69-SB04,8,2,1.0
C0001055,453416_S045,document,453416,OF,SIKOP,40,HQ,2A,21,2A-SB02,1,1,0.0
C0001056,453416_S045,document,453416,OF,SIKOP,40,HQ,2A,21,2A-SB02,4,1,0.0
C0001057,453416_S045,document,453416,OF,SIKOP,40,HQ,2A,21,2A-SB02,8,2,0.0
C0001058,453416_S045,document,453416,OF,SIKOP,40,HQ,2A,25,2A-SB03,1,1,0.0
C0001059,453416_S045,document,453416,OF,SIKOP,40,HQ,2A,25,2A-SB03,4,1,0.0
C0001060,453416_S045,document,453416,OF,SIKOP,40,HQ,2A,25,2A-SB03,8,2,0.0
C0001061,454585_S035,document,454585,OF,ZZOP1,40,HQ,5A,01,5A-SB01,1,1,1.0
C0001062,454585_S035,document,454585,OF,ZZOP1,40,HQ,5A,01,5A-SB01,4,1,1.0
C0001063,454585_S035,document,454585,OF,ZZOP1,40,HQ,5A,01,5A-SB01,8,2,1.0
C0001064,454585_S035,document,454585,OF,ZZOP1,40,HQ,5A,05,5A-SB01,1,1,1.0
C0001065,454585_S035,document,454585,OF,ZZOP1,40,HQ,5A,05,5A-SB01,4,1,1.0
C0001066,454585_S035,document,454585,OF,ZZOP1,40,HQ,5A,05,5A-SB01,8,2,1.0
C0001067,454585_S038,document,454585,OF,ZZOPT,40,HQ,5A,01,5A-SB01,1,1,1.0
C0001068,454585_S038,document,454585,OF,ZZOPT,40,HQ,5A,01,5A-SB01,4,1,1.0
C0001069,454585_S038,document,454585,OF,ZZOPT,40,HQ,5A,01,5A-SB01,8,2,1.0
C0001070,454585_S038,document,454585,OF,ZZOPT,40,HQ,5A,05,5A-SB01,1,1,1.0
C0001071,454585_S038,document,454585,OF,ZZOPT,40,HQ,5A,05,5A-SB01,4,1,1.0
C0001072,454585_S038,document,454585,OF,ZZOPT,40,HQ,5A,05,5A-SB01,8,2,1.0
C0001073,453388_S044,document,453388,OF,CAVAN,40,HQ,4A,01,4A-SB01,1,1,0.0
C0001074,453388_S044,document,453388,OF,CAVAN,40,HQ,4A,01,4A-SB01,3,1,0.0
C0001075,453388_S044,document,453388,OF,CAVAN,40,HQ,4A,01,4A-SB01,7,2,0.0
C0001076,453388_S044,document,453388,OF,CAVAN,40,HQ,4A,49,4A-SB05,1,1,0.0
C0001077,453388_S044,document,453388,OF,CAVAN,40,HQ,4A,49,4A-SB05,3,1,0.0
C0001078,453388_S044,document,453388,OF,CAVAN,40,HQ,4A,49,4A-SB05,7,2,0.0
C0001079,454549_F045,forecast_fallback,454549,OF,HRRJK,40,HQ,69,29,69-SB03,1,1,1.0
C0001080,454549_F045,forecast_fallback,454549,OF,HRRJK,40,HQ,69,29,69-SB03,3,1,1.0
C0001081,454549_F045,forecast_fallback,454549,OF,HRRJK,40,HQ,69,29,69-SB03,7,2,1.0
C0001082,454549_F045,forecast_fallback,454549,OF,HRRJK,40,HQ,69,37,69-SB04,1,1,1.0
C0001083,454549_F045,forecast_fallback,454549,OF,HRRJK,40,HQ,69,37,69-SB04,3,1,1.0
C0001084,454549_F045,forecast_fallback,454549,OF,HRRJK,40,HQ,69,37,69-SB04,7,2,1.0
C0001085,454585_S023,document,454585,OF,ESVLC,40,HQ,69,53,69-SB05,1,1,0.0
C0001086,454585_S023,document,454585,OF,ESVLC,40,HQ,69,53,69-SB05,3,1,0.0
C0001087,454585_S023,document,454585,OF,ESVLC,40,HQ,69,53,69-SB05,7,2,0.0
C0001088,454585_S023,document,454585,OF,ESVLC,40,HQ,69,57,69-SB05,1,1,0.0
C0001089,454585_S023,document,454585,OF,ESVLC,40,HQ,69,57,69-SB05,3,1,0.0
C0001090,454585_S023,document,454585,OF,ESVLC,40,HQ,69,57,69-SB05,7,2,0.0
C0001091,454710_S026,document,454710,OF,ITNAP,40,HQ,8A,37,8A-SB04,1,1,1.0
C0001092,454710_S026,document,454710,OF,ITNAP,40,HQ,8A,37,8A-SB04,3,1,1.0
C0001093,454710_S026,document,454710,OF,ITNAP,40,HQ,8A,37,8A-SB04,7,2,1.0
C0001094,454710_S026,document,454710,OF,ITNAP,40,HQ,8A,65,8A-SB06,1,1,1.0
C0001095,454710_S026,document,454710,OF,ITNAP,40,HQ,8A,65,8A-SB06,3,1,1.0
C0001096,454710_S026,document,454710,OF,ITNAP,40,HQ,8A,65,8A-SB06,7,2,1.0
C0001097,453250_S012,document,453250,OF,KRPUS,40,HQ,2A,21,2A-SB02,1,1,0.0
C0001098,453250_S012,document,453250,OF,KRPUS,40,HQ,2A,21,2A-SB02,3,1,0.0
C0001099,453250_S012,document,453250,OF,KRPUS,40,HQ,2A,21,2A-SB02,6,2,0.0
C0001100,453250_S012,document,453250,OF,KRPUS,40,HQ,2A,33,2A-SB03,1,1,0.0
C0001101,453250_S012,document,453250,OF,KRPUS,40,HQ,2A,33,2A-SB03,3,1,0.0
C0001102,453250_S012,document,453250,OF,KRPUS,40,HQ,2A,33,2A-SB03,6,2,0.0
C0001103,453308_F008,forecast_fallback,453308,OF,MAMED,40,HQ,29,25,29-SB03,1,1,1.0
C0001104,453308_F008,forecast_fallback,453308,OF,MAMED,40,HQ,29,25,29-SB03,3,1,1.0
C0001105,453308_F008,forecast_fallback,453308,OF,MAMED,40,HQ,29,25,29-SB03,6,2,1.0
C0001106,453308_F008,forecast_fallback,453308,OF,MAMED,40,HQ,29,53,29-SB05,1,1,1.0
C0001107,453308_F008,forecast_fallback,453308,OF,MAMED,40,HQ,29,53,29-SB05,3,1,1.0
C0001108,453308_F008,forecast_fallback,453308,OF,MAMED,40,HQ,29,53,29-SB05,6,2,1.0
C0001109,453356_F027,forecast_fallback,453356,OF,USNYC,40,HQ,28,17,28-SB01,1,1,0.0
C0001110,453356_F027,forecast_fallback,453356,OF,USNYC,40,HQ,28,17,28-SB01,2,1,0.0
C0001111,453356_F027,forecast_fallback,453356,OF,USNYC,40,HQ,28,37,,1,1,6.0
C0001112,453356_F027,forecast_fallback,453356,OF,USNYC,40,HQ,28,37,,3,1,6.0
C0001113,453356_F027,forecast_fallback,453356,OF,USNYC,40,HQ,28,37,,6,2,6.0
C0001114,453356_F030,forecast_fallback,453356,OF,USSA3,40,PQ,2A,09,2A-SB01,1,1,1.0
C0001115,453356_F030,forecast_fallback,453356,OF,USSA3,40,PQ,2A,09,2A-SB01,3,1,1.0
C0001116,453356_F030,forecast_fallback,453356,OF,USSA3,40,PQ,2A,09,2A-SB01,6,2,1.0
C0001117,453356_F030,forecast_fallback,453356,OF,USSA3,40,PQ,2A,61,,1,1,7.0
C0001118,453356_F030,forecast_fallback,453356,OF,USSA3,40,PQ,2A,61,,3,1,7.0
C0001119,453356_F030,forecast_fallback,453356,OF,USSA3,40,PQ,2A,61,,6,2,7.0
C0001120,453412_S017,document,453412,OF,DEHAM,40,HQ,49,05,49-SB01,1,1,1.0
C0001121,453412_S017,document,453412,OF,DEHAM,40,HQ,49,05,49-SB01,3,1,1.0
C0001122,453412_S017,document,453412,OF,DEHAM,40,HQ,49,05,49-SB01,6,2,1.0
C0001123,453412_S017,document,453412,OF,DEHAM,40,HQ,49,09,49-SB01,1,1,1.0
C0001124,453412_S017,document,453412,OF,DEHAM,40,HQ,49,09,49-SB01,3,1,1.0
C0001125,453412_S017,document,453412,OF,DEHAM,40,HQ,49,09,49-SB01,6,2,1.0
C0001126,453412_S019,document,453412,OF,DEHAM,40,HQ,49,05,49-SB01,1,1,1.0
C0001127,453412_S019,document,453412,OF,DEHAM,40,HQ,49,05,49-SB01,3,1,1.0
C0001128,453412_S019,document,453412,OF,DEHAM,40,HQ,49,05,49-SB01,6,2,1.0
C0001129,453412_S019,document,453412,OF,DEHAM,40,HQ,49,09,49-SB01,1,1,1.0
C0001130,453412_S019,document,453412,OF,DEHAM,40,HQ,49,09,49-SB01,3,1,1.0
C0001131,453412_S019,document,453412,OF,DEHAM,40,HQ,49,09,49-SB01,6,2,1.0
C0001132,454585_S017,document,454585,OF,ESBCN,40,HQ,5A,01,5A-SB01,1,1,1.0
C0001133,454585_S017,document,454585,OF,ESBCN,40,HQ,5A,01,5A-SB01,3,1,1.0
C0001134,454585_S017,document,454585,OF,ESBCN,40,HQ,5A,01,5A-SB01,6,2,1.0
C0001135,454585_S017,document,454585,OF,ESBCN,40,HQ,5A,05,5A-SB01,1,1,1.0
C0001136,454585_S017,document,454585,OF,ESBCN,40,HQ,5A,05,5A-SB01,3,1,1.0
C0001137,454585_S017,document,454585,OF,ESBCN,40,HQ,5A,05,5A-SB01,6,2,1.0
C0001138,453250_S010,document,453250,OF,KRPUS,40,HQ,2A,21,2A-SB02,1,1,0.0
C0001139,453250_S010,document,453250,OF,KRPUS,40,HQ,2A,21,2A-SB02,2,1,0.0
C0001140,453250_S010,document,453250,OF,KRPUS,40,HQ,2A,21,2A-SB02,5,2,0.0
C0001141,453250_S010,document,453250,OF,KRPUS,40,HQ,2A,33,2A-SB03,1,1,0.0
C0001142,453250_S010,document,453250,OF,KRPUS,40,HQ,2A,33,2A-SB03,2,1,0.0
C0001143,453250_S010,document,453250,OF,KRPUS,40,HQ,2A,33,2A-SB03,5,2,0.0
C0001144,453388_S046,document,453388,OF,CAVAN,40,HQ,4A,01,4A-SB01,1,1,0.0
C0001145,453388_S046,document,453388,OF,CAVAN,40,HQ,4A,01,4A-SB01,2,1,0.0
C0001146,453388_S046,document,453388,OF,CAVAN,40,HQ,4A,01,4A-SB01,5,1,0.0
C0001147,453388_S046,document,453388,OF,CAVAN,40,HQ,4A,49,4A-SB05,1,1,0.0
C0001148,453388_S046,document,453388,OF,CAVAN,40,HQ,4A,49,4A-SB05,2,1,0.0
C0001149,453388_S046,document,453388,OF,CAVAN,40,HQ,4A,49,4A-SB05,5,1,0.0
C0001150,453388_S060,document,453388,OF,USTW1,40,HQ,69,29,69-SB03,1,1,1.0
C0001151,453388_S060,document,453388,OF,USTW1,40,HQ,69,29,69-SB03,2,1,1.0
C0001152,453388_S060,document,453388,OF,USTW1,40,HQ,69,29,69-SB03,5,1,1.0
C0001153,453388_S060,document,453388,OF,USTW1,40,HQ,69,37,69-SB04,1,1,1.0
C0001154,453388_S060,document,453388,OF,USTW1,40,HQ,69,37,69-SB04,2,1,1.0
C0001155,453388_S060,document,453388,OF,USTW1,40,HQ,69,37,69-SB04,5,2,1.0
C0001156,453396_S020,document,453396,OF,MYTPP,40,HQ,8A,37,8A-SB04,1,1,1.0
C0001157,453396_S020,document,453396,OF,MYTPP,40,HQ,8A,37,8A-SB04,2,1,1.0
C0001158,453396_S020,document,453396,OF,MYTPP,40,HQ,8A,37,8A-SB04,5,2,1.0
C0001159,453396_S020,document,453396,OF,MYTPP,40,HQ,8A,65,8A-SB06,1,1,1.0
C0001160,453396_S020,document,453396,OF,MYTPP,40,HQ,8A,65,8A-SB06,2,1,1.0
C0001161,453396_S020,document,453396,OF,MYTPP,40,HQ,8A,65,8A-SB06,5,1,1.0
C0001162,453412_S018,document,453412,OF,DEHAM,40,HQ,49,05,49-SB01,1,1,1.0
C0001163,453412_S018,document,453412,OF,DEHAM,40,HQ,49,05,49-SB01,2,1,1.0
C0001164,453412_S018,document,453412,OF,DEHAM,40,HQ,49,05,49-SB01,5,1,1.0
C0001165,453412_S018,document,453412,OF,DEHAM,40,HQ,49,09,49-SB01,1,1,1.0
C0001166,453412_S018,document,453412,OF,DEHAM,40,HQ,49,09,49-SB01,2,1,1.0
C0001167,453412_S018,document,453412,OF,DEHAM,40,HQ,49,09,49-SB01,5,1,1.0
C0001168,453412_S023,document,453412,OF,MYTPP,40,HQ,6B,01,6B-SB01,1,1,0.0
C0001169,453412_S023,document,453412,OF,MYTPP,40,HQ,6B,01,6B-SB01,2,1,0.0
C0001170,453412_S023,document,453412,OF,MYTPP,40,HQ,6B,01,6B-SB01,5,1,0.0
C0001171,453412_S023,document,453412,OF,MYTPP,40,HQ,6B,25,6B-SB03,1,1,0.0
C0001172,453412_S026,document,453412,OF,MYTPP,40,HQ,6B,01,6B-SB01,1,1,0.0
C0001173,453412_S026,document,453412,OF,MYTPP,40,HQ,6B,01,6B-SB01,2,1,0.0
C0001174,453412_S026,document,453412,OF,MYTPP,40,HQ,6B,01,6B-SB01,5,1,0.0
C0001175,453412_S026,document,453412,OF,MYTPP,40,HQ,6B,25,6B-SB03,1,1,0.0
C0001176,453416_F044,forecast_fallback,453416,OF,MYTPP,40,PQ,2A,09,2A-SB01,1,1,1.0
C0001177,453416_F044,forecast_fallback,453416,OF,MYTPP,40,PQ,2A,09,2A-SB01,2,1,1.0
C0001178,453416_F044,forecast_fallback,453416,OF,MYTPP,40,PQ,2A,09,2A-SB01,5,1,1.0
C0001179,453416_F044,forecast_fallback,453416,OF,MYTPP,40,PQ,4A,13,4A-SB02,1,1,1.0
C0001180,453416_F044,forecast_fallback,453416,OF,MYTPP,40,PQ,4A,13,4A-SB02,2,1,1.0
C0001181,453416_F044,forecast_fallback,453416,OF,MYTPP,40,PQ,4A,13,4A-SB02,5,1,1.0
C0001182,454585_S014,document,454585,OF,ESBCN,40,HQ,5A,01,5A-SB01,1,1,1.0
C0001183,454585_S014,document,454585,OF,ESBCN,40,HQ,5A,01,5A-SB01,2,1,1.0
C0001184,454585_S014,document,454585,OF,ESBCN,40,HQ,5A,01,5A-SB01,5,1,1.0
C0001185,454585_S014,document,454585,OF,ESBCN,40,HQ,5A,05,5A-SB01,1,1,1.0
C0001186,454585_S014,document,454585,OF,ESBCN,40,HQ,5A,05,5A-SB01,2,1,1.0
C0001187,454585_S014,document,454585,OF,ESBCN,40,HQ,5A,05,5A-SB01,5,1,1.0
C0001188,454585_S036,document,454585,OF,ZZOP1,40,HQ,5A,01,5A-SB01,1,1,1.0
C0001189,454585_S036,document,454585,OF,ZZOP1,40,HQ,5A,01,5A-SB01,2,1,1.0
C0001190,454585_S036,document,454585,OF,ZZOP1,40,HQ,5A,01,5A-SB01,5,1,1.0
C0001191,454585_S036,document,454585,OF,ZZOP1,40,HQ,5A,05,5A-SB01,1,1,1.0
C0001192,454585_S036,document,454585,OF,ZZOP1,40,HQ,5A,05,5A-SB01,2,1,1.0
C0001193,454585_S036,document,454585,OF,ZZOP1,40,HQ,5A,05,5A-SB01,5,1,1.0
C0001194,454710_S019,document,454710,OF,ITGOA,40,HQ,8A,37,8A-SB04,1,1,1.0
C0001195,454710_S019,document,454710,OF,ITGOA,40,HQ,8A,37,8A-SB04,2,1,1.0
C0001196,454710_S019,document,454710,OF,ITGOA,40,HQ,8A,37,8A-SB04,5,2,1.0
C0001197,454710_S019,document,454710,OF,ITGOA,40,HQ,8A,65,8A-SB06,1,1,1.0
C0001198,454710_S019,document,454710,OF,ITGOA,40,HQ,8A,65,8A-SB06,2,1,1.0
C0001199,454710_S019,document,454710,OF,ITGOA,40,HQ,8A,65,8A-SB06,5,1,1.0
C0001200,454710_S020,document,454710,OF,ITGOA,40,HQ,8A,37,8A-SB04,1,1,1.0
C0001201,454710_S020,document,454710,OF,ITGOA,40,HQ,8A,37,8A-SB04,2,1,1.0
C0001202,454710_S020,document,454710,OF,ITGOA,40,HQ,8A,37,8A-SB04,5,2,1.0
C0001203,454710_S020,document,454710,OF,ITGOA,40,HQ,8A,65,8A-SB06,1,1,1.0
C0001204,454710_S020,document,454710,OF,ITGOA,40,HQ,8A,65,8A-SB06,2,1,1.0
C0001205,454710_S020,document,454710,OF,ITGOA,40,HQ,8A,65,8A-SB06,5,1,1.0
C0001206,454710_S021,document,454710,OF,ITGOA,40,HQ,8A,37,8A-SB04,1,1,1.0
C0001207,454710_S021,document,454710,OF,ITGOA,40,HQ,8A,37,8A-SB04,2,1,1.0
C0001208,454710_S021,document,454710,OF,ITGOA,40,HQ,8A,37,8A-SB04,5,2,1.0
C0001209,454710_S021,document,454710,OF,ITGOA,40,HQ,8A,65,8A-SB06,1,1,1.0
C0001210,454710_S021,document,454710,OF,ITGOA,40,HQ,8A,65,8A-SB06,2,1,1.0
C0001211,454710_S021,document,454710,OF,ITGOA,40,HQ,8A,65,8A-SB06,5,1,1.0
C0001212,453250_S011,document,453250,OF,KRPUS,40,HQ,2A,21,2A-SB02,1,1,0.0
C0001213,453250_S011,document,453250,OF,KRPUS,40,HQ,2A,21,2A-SB02,2,1,0.0
C0001214,453250_S011,document,453250,OF,KRPUS,40,HQ,2A,21,2A-SB02,4,1,0.0
C0001215,453250_S011,document,453250,OF,KRPUS,40,HQ,2A,33,2A-SB03,1,1,0.0
C0001216,453250_S011,document,453250,OF,KRPUS,40,HQ,2A,33,2A-SB03,2,1,0.0
C0001217,453250_S011,document,453250,OF,KRPUS,40,HQ,2A,33,2A-SB03,4,1,0.0
C0001218,453250_S018,document,453250,OF,USNWK,40,HQ,2A,01,2A-SB01,1,1,1.0
C0001219,453250_S018,document,453250,OF,USNWK,40,HQ,2A,01,2A-SB01,2,1,1.0
C0001220,453250_S018,document,453250,OF,USNWK,40,HQ,2A,01,2A-SB01,4,1,1.0
C0001221,453250_S018,document,453250,OF,USNWK,40,HQ,2A,09,2A-SB01,1,1,1.0
C0001222,453250_S018,document,453250,OF,USNWK,40,HQ,2A,09,2A-SB01,2,1,1.0
C0001223,453250_S018,document,453250,OF,USNWK,40,HQ,2A,09,2A-SB01,4,1,1.0
C0001224,453250_S021,document,453250,OF,USNYC,40,HQ,29,25,29-SB03,1,1,0.0
C0001225,453250_S021,document,453250,OF,USNYC,40,HQ,29,25,29-SB03,2,1,0.0
C0001226,453250_S021,document,453250,OF,USNYC,40,HQ,29,25,29-SB03,4,1,0.0
C0001227,453250_S021,document,453250,OF,USNYC,40,HQ,2A,25,2A-SB03,1,1,0.0
C0001228,453250_S021,document,453250,OF,USNYC,40,HQ,2A,25,2A-SB03,2,1,0.0
C0001229,453250_S021,document,453250,OF,USNYC,40,HQ,2A,25,2A-SB03,4,1,0.0
C0001230,453308_S018,document,453308,OF,ESBCN,40,HQ,29,21,29-SB02,1,1,1.0
C0001231,453308_S018,document,453308,OF,ESBCN,40,HQ,29,21,29-SB02,2,1,1.0
C0001232,453308_S018,document,453308,OF,ESBCN,40,HQ,29,21,29-SB02,4,1,1.0
C0001233,453308_S018,document,453308,OF,ESBCN,40,HQ,29,25,29-SB03,1,1,1.0
C0001234,453308_S018,document,453308,OF,ESBCN,40,HQ,29,25,29-SB03,2,1,1.0
C0001235,453308_S018,document,453308,OF,ESBCN,40,HQ,29,25,29-SB03,4,1,1.0
C0001236,453352_S003,document,453352,OF,JPNGO,40,HQ,89,45,89-SB03,1,1,1.0
C0001237,453352_S003,document,453352,OF,JPNGO,40,HQ,89,45,89-SB03,2,1,1.0
C0001238,453352_S003,document,453352,OF,JPNGO,40,HQ,89,45,89-SB03,4,1,1.0
C0001239,453352_S003,document,453352,OF,JPNGO,40,HQ,89,65,89-SB05,1,1,1.0
C0001240,453352_S003,document,453352,OF,JPNGO,40,HQ,89,65,89-SB05,2,1,1.0
C0001241,453352_S003,document,453352,OF,JPNGO,40,HQ,89,65,89-SB05,4,1,1.0
C0001242,453388_S024,document,453388,OF,CAVA2,40,HQ,4A,29,4A-SB03,1,1,0.0
C0001243,453388_S024,document,453388,OF,CAVA2,40,HQ,4A,29,4A-SB03,2,1,0.0
C0001244,453388_S024,document,453388,OF,CAVA2,40,HQ,4A,29,4A-SB03,4,1,0.0
C0001245,453388_S024,document,453388,OF,CAVA2,40,HQ,19,37,19-SB02,1,1,1.0
C0001246,453388_S024,document,453388,OF,CAVA2,40,HQ,19,37,19-SB02,2,1,1.0
C0001247,453388_S024,document,453388,OF,CAVA2,40,HQ,19,37,19-SB02,4,1,1.0
C0001248,453388_S028,document,453388,OF,CAVA2,40,HQ,4A,29,4A-SB03,1,1,0.0
C0001249,453388_S028,document,453388,OF,CAVA2,40,HQ,4A,29,4A-SB03,2,1,0.0
C0001250,453388_S028,document,453388,OF,CAVA2,40,HQ,4A,29,4A-SB03,4,1,0.0
C0001251,453388_S028,document,453388,OF,CAVA2,40,HQ,19,37,19-SB02,1,1,1.0
C0001252,453388_S028,document,453388,OF,CAVA2,40,HQ,19,37,19-SB02,2,1,1.0
C0001253,453388_S028,document,453388,OF,CAVA2,40,HQ,19,37,19-SB02,4,1,1.0
C0001254,453388_S030,document,453388,OF,CAVA2,40,PQ,4A,13,4A-SB02,1,1,1.0
C0001255,453388_S030,document,453388,OF,CAVA2,40,PQ,4A,13,4A-SB02,2,1,1.0
C0001256,453388_S030,document,453388,OF,CAVA2,40,PQ,4A,13,4A-SB02,4,1,1.0
C0001257,453388_S030,document,453388,OF,CAVA2,40,PQ,4A,25,4A-SB03,1,1,1.0
C0001258,453388_S030,document,453388,OF,CAVA2,40,PQ,4A,25,4A-SB03,2,1,1.0
C0001259,453388_S030,document,453388,OF,CAVA2,40,PQ,4A,25,4A-SB03,4,1,1.0
C0001260,453388_S043,document,453388,OF,CAVAN,40,HQ,4A,01,4A-SB01,1,1,0.0
C0001261,453388_S043,document,453388,OF,CAVAN,40,HQ,4A,01,4A-SB01,2,1,0.0
C0001262,453388_S043,document,453388,OF,CAVAN,40,HQ,4A,01,4A-SB01,4,1,0.0
C0001263,453388_S043,document,453388,OF,CAVAN,40,HQ,4A,49,4A-SB05,1,1,0.0
C0001264,453388_S043,document,453388,OF,CAVAN,40,HQ,4A,49,4A-SB05,2,1,0.0
C0001265,453388_S043,document,453388,OF,CAVAN,40,HQ,4A,49,4A-SB05,4,1,0.0
C0001266,453396_S013,document,453396,OF,DEWVN,40,HQ,8A,37,8A-SB04,1,1,1.0
C0001267,453396_S013,document,453396,OF,DEWVN,40,HQ,8A,37,8A-SB04,2,1,1.0
C0001268,453396_S013,document,453396,OF,DEWVN,40,HQ,8A,37,8A-SB04,4,1,1.0
C0001269,453396_S013,document,453396,OF,DEWVN,40,HQ,8A,65,8A-SB06,1,1,1.0
C0001270,453396_S013,document,453396,OF,DEWVN,40,HQ,8A,65,8A-SB06,2,1,1.0
C0001271,453396_S013,document,453396,OF,DEWVN,40,HQ,8A,65,8A-SB06,4,1,1.0
C0001272,453396_S018,document,453396,OF,MYTPP,40,HQ,8A,37,8A-SB04,1,1,1.0
C0001273,453396_S018,document,453396,OF,MYTPP,40,HQ,8A,37,8A-SB04,2,1,1.0
C0001274,453396_S018,document,453396,OF,MYTPP,40,HQ,8A,37,8A-SB04,4,1,1.0
C0001275,453396_S018,document,453396,OF,MYTPP,40,HQ,8A,65,8A-SB06,1,1,1.0
C0001276,453396_S018,document,453396,OF,MYTPP,40,HQ,8A,65,8A-SB06,2,1,1.0
C0001277,453396_S018,document,453396,OF,MYTPP,40,HQ,8A,65,8A-SB06,4,1,1.0
C0001278,453412_S024,document,453412,OF,MYTPP,40,HQ,6B,01,6B-SB01,1,1,0.0
C0001279,453412_S024,document,453412,OF,MYTPP,40,HQ,6B,01,6B-SB01,2,1,0.0
C0001280,453412_S024,document,453412,OF,MYTPP,40,HQ,6B,01,6B-SB01,4,1,0.0
C0001281,453412_S024,document,453412,OF,MYTPP,40,HQ,6B,25,6B-SB03,1,1,0.0
C0001282,453412_S028,document,453412,OF,MYTPP,40,HQ,6B,01,6B-SB01,1,1,0.0
C0001283,453412_S028,document,453412,OF,MYTPP,40,HQ,6B,01,6B-SB01,2,1,0.0
C0001284,453412_S028,document,453412,OF,MYTPP,40,HQ,6B,01,6B-SB01,4,1,0.0
C0001285,453412_S028,document,453412,OF,MYTPP,40,HQ,6B,25,6B-SB03,1,1,0.0
C0001286,453416_S041,document,453416,OF,MYTPP,40,PQ,2A,09,2A-SB01,1,1,1.0
C0001287,453416_S041,document,453416,OF,MYTPP,40,PQ,2A,09,2A-SB01,2,1,1.0
C0001288,453416_S041,document,453416,OF,MYTPP,40,PQ,2A,09,2A-SB01,4,1,1.0
C0001289,453416_S041,document,453416,OF,MYTPP,40,PQ,4A,13,4A-SB02,1,1,1.0
C0001290,453416_S041,document,453416,OF,MYTPP,40,PQ,4A,13,4A-SB02,2,1,1.0
C0001291,453416_S041,document,453416,OF,MYTPP,40,PQ,4A,13,4A-SB02,4,1,1.0
C0001292,453416_S046,document,453416,OF,SIKOP,40,HQ,1A,37,1A-SB03,1,1,0.0
C0001293,453416_S046,document,453416,OF,SIKOP,40,HQ,1A,37,1A-SB03,2,1,0.0
C0001294,453416_S046,document,453416,OF,SIKOP,40,HQ,1A,37,1A-SB03,4,1,0.0
C0001295,453416_S046,document,453416,OF,SIKOP,40,HQ,1A,45,1A-SB04,1,1,0.0
C0001296,453416_S046,document,453416,OF,SIKOP,40,HQ,1A,45,1A-SB04,2,1,0.0
C0001297,453416_S046,document,453416,OF,SIKOP,40,HQ,1A,45,1A-SB04,4,2,0.0
C0001298,454585_S024,document,454585,OF,ESVLC,40,HQ,69,53,69-SB05,1,1,0.0
C0001299,454585_S024,document,454585,OF,ESVLC,40,HQ,69,53,69-SB05,2,1,0.0
C0001300,454585_S024,document,454585,OF,ESVLC,40,HQ,69,53,69-SB05,4,1,0.0
C0001301,454585_S024,document,454585,OF,ESVLC,40,HQ,69,57,69-SB05,1,1,0.0
C0001302,454585_S024,document,454585,OF,ESVLC,40,HQ,69,57,69-SB05,2,1,0.0
C0001303,454585_S024,document,454585,OF,ESVLC,40,HQ,69,57,69-SB05,4,1,0.0
C0001304,454585_S032,document,454585,OF,ITGIT,40,HQ,69,29,69-SB03,1,1,0.0
C0001305,454585_S032,document,454585,OF,ITGIT,40,HQ,69,29,69-SB03,2,1,0.0
C0001306,454585_S032,document,454585,OF,ITGIT,40,HQ,69,29,69-SB03,4,1,0.0
C0001307,454585_S032,document,454585,OF,ITGIT,40,HQ,69,69,69-SB06,1,1,0.0
C0001308,454585_S032,document,454585,OF,ITGIT,40,HQ,69,69,69-SB06,2,1,0.0
C0001309,454585_S032,document,454585,OF,ITGIT,40,HQ,69,69,69-SB06,4,1,0.0
C0001310,454710_S027,document,454710,OF,ITNAP,40,HQ,8A,37,8A-SB04,1,1,1.0
C0001311,454710_S027,document,454710,OF,ITNAP,40,HQ,8A,37,8A-SB04,2,1,1.0
C0001312,454710_S027,document,454710,OF,ITNAP,40,HQ,8A,37,8A-SB04,4,1,1.0
C0001313,454710_S027,document,454710,OF,ITNAP,40,HQ,8A,65,8A-SB06,1,1,1.0
C0001314,454710_S027,document,454710,OF,ITNAP,40,HQ,8A,65,8A-SB06,2,1,1.0
C0001315,454710_S027,document,454710,OF,ITNAP,40,HQ,8A,65,8A-SB06,4,1,1.0
C0001316,454710_S028,document,454710,OF,ITNAP,40,HQ,8A,37,8A-SB04,1,1,1.0
C0001317,454710_S028,document,454710,OF,ITNAP,40,HQ,8A,37,8A-SB04,2,1,1.0
C0001318,454710_S028,document,454710,OF,ITNAP,40,HQ,8A,37,8A-SB04,4,1,1.0
C0001319,454710_S028,document,454710,OF,ITNAP,40,HQ,8A,65,8A-SB06,1,1,1.0
C0001320,454710_S028,document,454710,OF,ITNAP,40,HQ,8A,65,8A-SB06,2,1,1.0
C0001321,454710_S028,document,454710,OF,ITNAP,40,HQ,8A,65,8A-SB06,4,1,1.0
C0001322,454710_S030,document,454710,OF,ITNAP,40,HQ,8A,37,8A-SB04,1,1,1.0
C0001323,454710_S030,document,454710,OF,ITNAP,40,HQ,8A,37,8A-SB04,2,1,1.0
C0001324,454710_S030,document,454710,OF,ITNAP,40,HQ,8A,37,8A-SB04,4,1,1.0
C0001325,454710_S030,document,454710,OF,ITNAP,40,HQ,8A,65,8A-SB06,1,1,1.0
C0001326,454710_S030,document,454710,OF,ITNAP,40,HQ,8A,65,8A-SB06,2,1,1.0
C0001327,454710_S030,document,454710,OF,ITNAP,40,HQ,8A,65,8A-SB06,4,1,1.0
C0001328,453308_S022,document,453308,OF,ESVLC,40,HQ,6A,33,6A-SB03,1,1,0.0
C0001329,453308_S022,document,453308,OF,ESVLC,40,HQ,29,53,29-SB05,1,1,0.0
C0001330,453308_S022,document,453308,OF,ESVLC,40,HQ,29,53,29-SB05,3,1,0.0
C0001331,453324_S003,document,453324,OF,USLAX,40,HQ,38,37,38-SB02,1,1,0.0
C0001332,453324_S003,document,453324,OF,USLAX,40,HQ,38,37,38-SB02,3,1,0.0
C0001333,453324_S003,document,453324,OF,USLAX,40,HQ,38,17,,1,1,11.0
C0001334,453324_S003,document,453324,OF,USLAX,40,HQ,38,17,,2,1,11.0
C0001335,453324_S005,document,453324,OF,USLAX,40,HQ,38,37,38-SB02,1,1,0.0
C0001336,453324_S005,document,453324,OF,USLAX,40,HQ,38,37,38-SB02,3,1,0.0
C0001337,453324_S005,document,453324,OF,USLAX,40,HQ,38,17,,1,1,11.0
C0001338,453324_S005,document,453324,OF,USLAX,40,HQ,38,17,,2,1,11.0
C0001339,453356_F028,forecast_fallback,453356,OF,USNYC,40,PQ,2A,09,2A-SB01,1,1,1.0
C0001340,453356_F028,forecast_fallback,453356,OF,USNYC,40,PQ,2A,09,2A-SB01,3,1,1.0
C0001341,453356_F028,forecast_fallback,453356,OF,USNYC,40,PQ,2A,61,,1,1,7.0
C0001342,453356_F028,forecast_fallback,453356,OF,USNYC,40,PQ,2A,61,,3,1,7.0
C0001343,453388_S037,document,453388,OF,CAVA3,40,HQ,4A,05,4A-SB01,1,1,0.0
C0001344,453388_S037,document,453388,OF,CAVA3,40,HQ,4A,05,4A-SB01,3,1,0.0
C0001345,453388_S037,document,453388,OF,CAVA3,40,HQ,4A,09,4A-SB01,1,1,0.0
C0001346,453388_S037,document,453388,OF,CAVA3,40,HQ,4A,09,4A-SB01,3,1,0.0
C0001347,453388_S039,document,453388,OF,CAVA3,40,PQ,4A,13,4A-SB02,1,1,0.0
C0001348,453388_S039,document,453388,OF,CAVA3,40,PQ,4A,13,4A-SB02,3,1,0.0
C0001349,453388_S039,document,453388,OF,CAVA3,40,PQ,4A,25,4A-SB03,1,1,1.0
C0001350,453388_S039,document,453388,OF,CAVA3,40,PQ,4A,25,4A-SB03,3,1,1.0
C0001351,453388_S058,document,453388,OF,USTW1,40,HQ,69,29,69-SB03,1,1,1.0
C0001352,453388_S058,document,453388,OF,USTW1,40,HQ,69,29,69-SB03,3,1,1.0
C0001353,453388_S058,document,453388,OF,USTW1,40,HQ,69,37,69-SB04,1,1,1.0
C0001354,453388_S058,document,453388,OF,USTW1,40,HQ,69,37,69-SB04,3,1,1.0
C0001355,453412_S025,document,453412,OF,MYTPP,40,HQ,6B,01,6B-SB01,1,1,0.0
C0001356,453412_S025,document,453412,OF,MYTPP,40,HQ,6B,01,6B-SB01,3,1,0.0
C0001357,453412_S025,document,453412,OF,MYTPP,40,HQ,6B,25,6B-SB03,1,1,0.0
C0001358,453412_S036,document,453412,OF,NLRTM,40,HQ,49,17,49-SB02,1,1,0.0
C0001359,453412_S036,document,453412,OF,NLRTM,40,HQ,49,17,49-SB02,3,1,0.0
C0001360,453412_S036,document,453412,OF,NLRTM,40,HQ,49,53,49-SB05,1,1,0.0
C0001361,453412_S036,document,453412,OF,NLRTM,40,HQ,49,53,49-SB05,3,1,0.0
C0001362,453416_S032,document,453416,OF,HRRJK,40,HQ,1A,37,1A-SB03,1,1,0.0
C0001363,453416_S032,document,453416,OF,HRRJK,40,HQ,1A,37,1A-SB03,3,1,0.0
C0001364,453416_S032,document,453416,OF,HRRJK,40,HQ,2A,01,2A-SB01,1,1,0.0
C0001365,453416_S032,document,453416,OF,HRRJK,40,HQ,2A,01,2A-SB01,3,1,0.0
C0001366,453416_S034,document,453416,OF,HRRJK,40,PQ,2A,09,2A-SB01,1,1,1.0
C0001367,453416_S034,document,453416,OF,HRRJK,40,PQ,2A,09,2A-SB01,3,1,1.0
C0001368,453416_S034,document,453416,OF,HRRJK,40,PQ,4A,13,4A-SB02,1,1,1.0
C0001369,453416_S034,document,453416,OF,HRRJK,40,PQ,4A,13,4A-SB02,3,1,1.0
C0001370,453416_S038,document,453416,OF,MYTPP,40,HQ,2A,01,2A-SB01,1,1,0.0
C0001371,453416_S038,document,453416,OF,MYTPP,40,HQ,2A,01,2A-SB01,3,1,0.0
C0001372,453416_S038,document,453416,OF,MYTPP,40,HQ,2A,41,2A-SB04,1,1,0.0
C0001373,453416_S038,document,453416,OF,MYTPP,40,HQ,2A,41,2A-SB04,3,1,0.0
C0001374,453416_S048,document,453416,OF,SIKOP,40,PQ,2A,09,2A-SB01,1,1,1.0
C0001375,453416_S048,document,453416,OF,SIKOP,40,PQ,2A,09,2A-SB01,3,1,1.0
C0001376,453416_S048,document,453416,OF,SIKOP,40,PQ,4A,13,4A-SB02,1,1,1.0
C0001377,453416_S048,document,453416,OF,SIKOP,40,PQ,4A,13,4A-SB02,3,1,1.0
C0001378,454585_S009,document,454585,OF,DZAAE,40,HQ,5A,01,5A-SB01,1,1,1.0
C0001379,454585_S009,document,454585,OF,DZAAE,40,HQ,5A,01,5A-SB01,3,1,1.0
C0001380,454585_S009,document,454585,OF,DZAAE,40,HQ,5A,05,5A-SB01,1,1,1.0
C0001381,454585_S009,document,454585,OF,DZAAE,40,HQ,5A,05,5A-SB01,3,1,1.0
C0001382,454585_S011,document,454585,OF,ESBC1,40,HQ,5A,01,5A-SB01,1,1,1.0
C0001383,454585_S011,document,454585,OF,ESBC1,40,HQ,5A,01,5A-SB01,3,1,1.0
C0001384,454585_S011,document,454585,OF,ESBC1,40,HQ,5A,05,5A-SB01,1,1,1.0
C0001385,454585_S011,document,454585,OF,ESBC1,40,HQ,5A,05,5A-SB01,3,1,1.0
C0001386,454585_S018,document,454585,OF,ESVL3,40,HQ,5A,01,5A-SB01,1,1,1.0
C0001387,454585_S018,document,454585,OF,ESVL3,40,HQ,5A,01,5A-SB01,3,1,1.0
C0001388,454585_S018,document,454585,OF,ESVL3,40,HQ,5A,05,5A-SB01,1,1,1.0
C0001389,454585_S018,document,454585,OF,ESVL3,40,HQ,5A,05,5A-SB01,3,1,1.0
C0001390,454585_S033,document,454585,OF,ITGIT,40,HQ,69,29,69-SB03,1,1,0.0
C0001391,454585_S033,document,454585,OF,ITGIT,40,HQ,69,29,69-SB03,3,1,0.0
C0001392,454585_S033,document,454585,OF,ITGIT,40,HQ,69,69,69-SB06,1,1,0.0
C0001393,454585_S033,document,454585,OF,ITGIT,40,HQ,69,69,69-SB06,3,1,0.0
C0001394,454710_S034,document,454710,OF,ITSPE,40,HQ,8B,09,8B-SB01,1,1,1.0
C0001395,454710_S034,document,454710,OF,ITSPE,40,HQ,8B,09,8B-SB01,3,1,1.0
C0001396,454710_S034,document,454710,OF,ITSPE,40,HQ,8B,13,8B-SB02,1,1,1.0
C0001397,454710_S034,document,454710,OF,ITSPE,40,HQ,8B,13,8B-SB02,3,1,1.0
C0001398,453250_F001,forecast_fallback,453250,OF,CAVA3,40,HQ,2A,01,2A-SB01,1,1,1.0
C0001399,453250_F001,forecast_fallback,453250,OF,CAVA3,40,HQ,2A,01,2A-SB01,2,1,1.0
C0001400,453250_F001,forecast_fallback,453250,OF,CAVA3,40,HQ,2A,09,2A-SB01,1,1,1.0
C0001401,453250_F001,forecast_fallback,453250,OF,CAVA3,40,HQ,2A,09,2A-SB01,2,1,1.0
C0001402,453250_S008,document,453250,OF,COCTG,40,HQ,5B,05,5B-SB01,1,1,0.0
C0001403,453250_S008,document,453250,OF,COCTG,40,HQ,5B,05,5B-SB01,2,1,0.0
C0001404,453250_S008,document,453250,OF,COCTG,40,HQ,29,21,29-SB02,1,1,1.0
C0001405,453250_S008,document,453250,OF,COCTG,40,HQ,29,21,29-SB02,2,1,1.0
C0001406,453250_S014,document,453250,OF,KRPUS,40,HQ,2A,21,2A-SB02,1,1,0.0
C0001407,453250_S014,document,453250,OF,KRPUS,40,HQ,2A,21,2A-SB02,2,1,0.0
C0001408,453250_S014,document,453250,OF,KRPUS,40,HQ,2A,33,2A-SB03,1,1,0.0
C0001409,453250_S014,document,453250,OF,KRPUS,40,HQ,2A,33,2A-SB03,2,1,0.0
C0001410,453250_S015,document,453250,OF,KRPUS,40,HQ,2A,21,2A-SB02,1,1,0.0
C0001411,453250_S015,document,453250,OF,KRPUS,40,HQ,2A,21,2A-SB02,2,1,0.0
C0001412,453250_S015,document,453250,OF,KRPUS,40,HQ,2A,33,2A-SB03,1,1,0.0
C0001413,453250_S015,document,453250,OF,KRPUS,40,HQ,2A,33,2A-SB03,2,1,0.0
C0001414,453250_S022,document,453250,OF,USNYC,40,HQ,29,25,29-SB03,1,1,0.0
C0001415,453250_S022,document,453250,OF,USNYC,40,HQ,29,25,29-SB03,2,1,0.0
C0001416,453250_S022,document,453250,OF,USNYC,40,HQ,2A,25,2A-SB03,1,1,0.0
C0001417,453250_S022,document,453250,OF,USNYC,40,HQ,2A,25,2A-SB03,2,1,0.0
C0001418,453250_S023,document,453250,OF,USNYC,40,HQ,29,25,29-SB03,1,1,0.0
C0001419,453250_S023,document,453250,OF,USNYC,40,HQ,29,25,29-SB03,2,1,0.0
C0001420,453250_S023,document,453250,OF,USNYC,40,HQ,2A,25,2A-SB03,1,1,0.0
C0001421,453250_S023,document,453250,OF,USNYC,40,HQ,2A,25,2A-SB03,2,1,0.0
C0001422,453308_S025,document,453308,OF,ITGOA,40,HQ,6A,33,6A-SB03,1,1,0.0
C0001423,453308_S025,document,453308,OF,ITGOA,40,HQ,6A,33,6A-SB03,2,1,0.0
C0001424,453308_S025,document,453308,OF,ITGOA,40,HQ,6A,69,,1,1,6.0
C0001425,453308_S025,document,453308,OF,ITGOA,40,HQ,6A,69,,2,1,6.0
C0001426,453308_S032,document,453308,OF,MYTPP,40,HQ,29,33,29-SB03,1,1,0.0
C0001427,453308_S032,document,453308,OF,MYTPP,40,HQ,29,33,29-SB03,2,1,0.0
C0001428,453308_S032,document,453308,OF,MYTPP,40,HQ,29,21,29-SB02,1,1,1.0
C0001429,453308_S032,document,453308,OF,MYTPP,40,HQ,29,21,29-SB02,2,1,1.0
C0001430,453308_S033,document,453308,OF,MYTPP,40,HQ,29,33,29-SB03,1,1,0.0
C0001431,453308_S033,document,453308,OF,MYTPP,40,HQ,29,33,29-SB03,2,1,0.0
C0001432,453308_S033,document,453308,OF,MYTPP,40,HQ,29,21,29-SB02,1,1,1.0
C0001433,453308_S033,document,453308,OF,MYTPP,40,HQ,29,21,29-SB02,2,1,1.0
C0001434,453308_S034,document,453308,OF,MYTPP,40,HQ,29,33,29-SB03,1,1,0.0
C0001435,453308_S034,document,453308,OF,MYTPP,40,HQ,29,33,29-SB03,2,1,0.0
C0001436,453308_S034,document,453308,OF,MYTPP,40,HQ,29,21,29-SB02,1,1,1.0
C0001437,453308_S034,document,453308,OF,MYTPP,40,HQ,29,21,29-SB02,2,1,1.0
C0001438,453352_S004,document,453352,OF,JPNGO,40,HQ,89,33,89-SB02,1,1,1.0
C0001439,453352_S004,document,453352,OF,JPNGO,40,HQ,89,33,89-SB02,2,1,1.0
C0001440,453352_S004,document,453352,OF,JPNGO,40,HQ,89,37,89-SB03,1,1,1.0
C0001441,453352_S004,document,453352,OF,JPNGO,40,HQ,89,37,89-SB03,2,1,1.0
C0001442,453352_S005,document,453352,OF,JPUKB,40,HQ,89,33,89-SB02,1,1,1.0
C0001443,453352_S005,document,453352,OF,JPUKB,40,HQ,89,33,89-SB02,2,1,1.0
C0001444,453352_S005,document,453352,OF,JPUKB,40,HQ,89,37,89-SB03,1,1,1.0
C0001445,453352_S005,document,453352,OF,JPUKB,40,HQ,89,37,89-SB03,2,1,1.0
C0001446,453356_S004,document,453356,OF,USNYC,40,HQ,28,17,28-SB01,1,1,0.0
C0001447,453356_S004,document,453356,OF,USNYC,40,HQ,28,17,28-SB01,2,1,0.0
C0001448,453356_S004,document,453356,OF,USNYC,40,HQ,28,37,,1,1,6.0
C0001449,453356_S004,document,453356,OF,USNYC,40,HQ,28,37,,2,1,6.0
C0001450,453388_S038,document,453388,OF,CAVA3,40,PQ,4A,13,4A-SB02,1,1,0.0
C0001451,453388_S038,document,453388,OF,CAVA3,40,PQ,4A,13,4A-SB02,2,1,0.0
C0001452,453388_S038,document,453388,OF,CAVA3,40,PQ,4A,25,4A-SB03,1,1,1.0
C0001453,453388_S038,document,453388,OF,CAVA3,40,PQ,4A,25,4A-SB03,2,1,1.0
C0001454,453388_S048,document,453388,OF,CAVAN,40,PQ,4A,13,4A-SB02,1,1,1.0
C0001455,453388_S048,document,453388,OF,CAVAN,40,PQ,4A,13,4A-SB02,2,1,1.0
C0001456,453388_S048,document,453388,OF,CAVAN,40,PQ,4A,25,4A-SB03,1,1,1.0
C0001457,453388_S048,document,453388,OF,CAVAN,40,PQ,4A,25,4A-SB03,2,1,1.0
C0001458,453388_S050,document,453388,OF,KRPUS,40,HQ,69,09,69-SB01,1,1,0.0
C0001459,453388_S050,document,453388,OF,KRPUS,40,HQ,69,09,69-SB01,2,1,0.0
C0001460,453388_S050,document,453388,OF,KRPUS,40,HQ,19,21,19-SB01,1,1,1.0
C0001461,453388_S050,document,453388,OF,KRPUS,40,HQ,19,21,19-SB01,2,1,1.0
C0001462,453388_S056,document,453388,OF,USTIW,40,PQ,4A,13,4A-SB02,1,1,1.0
C0001463,453388_S056,document,453388,OF,USTIW,40,PQ,4A,13,4A-SB02,2,1,1.0
C0001464,453388_S056,document,453388,OF,USTIW,40,PQ,4A,25,4A-SB03,1,1,1.0
C0001465,453388_S056,document,453388,OF,USTIW,40,PQ,4A,25,4A-SB03,2,1,1.0
C0001466,453388_S061,document,453388,OF,USTW1,40,HQ,69,29,69-SB03,1,1,1.0
C0001467,453388_S061,document,453388,OF,USTW1,40,HQ,69,29,69-SB03,2,1,1.0
C0001468,453388_S061,document,453388,OF,USTW1,40,HQ,69,37,69-SB04,1,1,1.0
C0001469,453388_S061,document,453388,OF,USTW1,40,HQ,69,37,69-SB04,2,1,1.0
C0001470,453388_S068,document,453388,OF,USTW2,40,PQ,4A,25,4A-SB03,1,1,0.0
C0001471,453388_S068,document,453388,OF,USTW2,40,PQ,4A,25,4A-SB03,2,1,0.0
C0001472,453388_S068,document,453388,OF,USTW2,40,PQ,4A,13,4A-SB02,1,1,1.0
C0001473,453388_S068,document,453388,OF,USTW2,40,PQ,4A,13,4A-SB02,2,1,1.0
C0001474,453396_S012,document,453396,OF,DEWVN,40,HQ,8A,21,8A-SB02,1,1,1.0
C0001475,453396_S012,document,453396,OF,DEWVN,40,HQ,8A,21,8A-SB02,2,1,1.0
C0001476,453396_S012,document,453396,OF,DEWVN,40,HQ,8A,37,8A-SB04,1,1,1.0
C0001477,453396_S012,document,453396,OF,DEWVN,40,HQ,8A,37,8A-SB04,2,1,1.0
C0001478,453396_S017,document,453396,OF,MATAT,40,HQ,8A,21,8A-SB02,1,1,1.0
C0001479,453396_S017,document,453396,OF,MATAT,40,HQ,8A,21,8A-SB02,2,1,1.0
C0001480,453396_S017,document,453396,OF,MATAT,40,HQ,8A,37,8A-SB04,1,1,1.0
C0001481,453396_S017,document,453396,OF,MATAT,40,HQ,8A,37,8A-SB04,2,1,1.0
C0001482,453412_S011,document,453412,OF,BEANR,40,HQ,49,05,49-SB01,1,1,1.0
C0001483,453412_S011,document,453412,OF,BEANR,40,HQ,49,05,49-SB01,2,1,1.0
C0001484,453412_S011,document,453412,OF,BEANR,40,HQ,49,09,49-SB01,1,1,1.0
C0001485,453412_S011,document,453412,OF,BEANR,40,HQ,49,09,49-SB01,2,1,1.0
C0001486,453412_S021,document,453412,OF,DEHAM,40,PQ,49,05,49-SB01,1,1,1.0
C0001487,453412_S021,document,453412,OF,DEHAM,40,PQ,49,05,49-SB01,2,1,1.0
C0001488,453412_S021,document,453412,OF,DEHAM,40,PQ,49,09,49-SB01,1,1,1.0
C0001489,453412_S021,document,453412,OF,DEHAM,40,PQ,49,09,49-SB01,2,1,1.0
C0001490,453412_S031,document,453412,OF,NLR10,40,HQ,49,05,49-SB01,1,1,1.0
C0001491,453412_S031,document,453412,OF,NLR10,40,HQ,49,05,49-SB01,2,1,1.0
C0001492,453412_S031,document,453412,OF,NLR10,40,HQ,49,09,49-SB01,1,1,1.0
C0001493,453412_S031,document,453412,OF,NLR10,40,HQ,49,09,49-SB01,2,1,1.0
C0001494,453412_S039,document,453412,OF,NLRTM,40,PQ,49,05,49-SB01,1,1,1.0
C0001495,453412_S039,document,453412,OF,NLRTM,40,PQ,49,05,49-SB01,2,1,1.0
C0001496,453412_S039,document,453412,OF,NLRTM,40,PQ,49,09,49-SB01,1,1,1.0
C0001497,453412_S039,document,453412,OF,NLRTM,40,PQ,49,09,49-SB01,2,1,1.0
C0001498,453416_S024,document,453416,OF,EGPSD,40,PQ,2A,09,2A-SB01,1,1,1.0
C0001499,453416_S024,document,453416,OF,EGPSD,40,PQ,2A,09,2A-SB01,2,1,1.0
C0001500,453416_S024,document,453416,OF,EGPSD,40,PQ,4A,13,4A-SB02,1,1,1.0
C0001501,453416_S024,document,453416,OF,EGPSD,40,PQ,4A,13,4A-SB02,2,1,1.0
C0001502,453416_S025,document,453416,OF,EGPSD,40,PQ,2A,09,2A-SB01,1,1,1.0
C0001503,453416_S025,document,453416,OF,EGPSD,40,PQ,2A,09,2A-SB01,2,1,1.0
C0001504,453416_S025,document,453416,OF,EGPSD,40,PQ,4A,13,4A-SB02,1,1,1.0
C0001505,453416_S025,document,453416,OF,EGPSD,40,PQ,4A,13,4A-SB02,2,1,1.0
C0001506,453416_S033,document,453416,OF,HRRJK,40,PQ,2A,09,2A-SB01,1,1,1.0
C0001507,453416_S033,document,453416,OF,HRRJK,40,PQ,2A,09,2A-SB01,2,1,1.0
C0001508,453416_S033,document,453416,OF,HRRJK,40,PQ,4A,13,4A-SB02,1,1,1.0
C0001509,453416_S033,document,453416,OF,HRRJK,40,PQ,4A,13,4A-SB02,2,1,1.0
C0001510,453416_S050,document,453416,OF,SIKOP,40,PQ,2A,09,2A-SB01,1,1,1.0
C0001511,453416_S050,document,453416,OF,SIKOP,40,PQ,2A,09,2A-SB01,2,1,1.0
C0001512,453416_S050,document,453416,OF,SIKOP,40,PQ,4A,13,4A-SB02,1,1,1.0
C0001513,453416_S050,document,453416,OF,SIKOP,40,PQ,4A,13,4A-SB02,2,1,1.0
C0001514,454549_F049,forecast_fallback,454549,OF,SIKOP,40,HQ,69,29,69-SB03,1,1,1.0
C0001515,454549_F049,forecast_fallback,454549,OF,SIKOP,40,HQ,69,29,69-SB03,2,1,1.0
C0001516,454549_F049,forecast_fallback,454549,OF,SIKOP,40,HQ,69,37,69-SB04,1,1,1.0
C0001517,454549_F049,forecast_fallback,454549,OF,SIKOP,40,HQ,69,37,69-SB04,2,1,1.0
C0001518,454549_S008,document,454549,OF,ILHFA,40,HQ,3A,17,3A-SB02,1,1,0.0
C0001519,454549_S008,document,454549,OF,ILHFA,40,HQ,3A,17,3A-SB02,2,1,0.0
C0001520,454549_S008,document,454549,OF,ILHFA,40,HQ,3A,37,3A-SB03,1,1,0.0
C0001521,454585_F057,forecast_fallback,454585,OF,FRLEH,40,PQ,5A,01,5A-SB01,1,1,1.0
C0001522,454585_F057,forecast_fallback,454585,OF,FRLEH,40,PQ,5A,01,5A-SB01,2,1,1.0
C0001523,454585_F057,forecast_fallback,454585,OF,FRLEH,40,PQ,5A,05,5A-SB01,1,1,1.0
C0001524,454585_F057,forecast_fallback,454585,OF,FRLEH,40,PQ,5A,05,5A-SB01,2,1,1.0
C0001525,454585_S019,document,454585,OF,ESVL3,40,HQ,5A,01,5A-SB01,1,1,1.0
C0001526,454585_S019,document,454585,OF,ESVL3,40,HQ,5A,01,5A-SB01,2,1,1.0
C0001527,454585_S019,document,454585,OF,ESVL3,40,HQ,5A,05,5A-SB01,1,1,1.0
C0001528,454585_S019,document,454585,OF,ESVL3,40,HQ,5A,05,5A-SB01,2,1,1.0
C0001529,454585_S020,document,454585,OF,ESVL3,40,HQ,5A,01,5A-SB01,1,1,1.0
C0001530,454585_S020,document,454585,OF,ESVL3,40,HQ,5A,01,5A-SB01,2,1,1.0
C0001531,454585_S020,document,454585,OF,ESVL3,40,HQ,5A,05,5A-SB01,1,1,1.0
C0001532,454585_S020,document,454585,OF,ESVL3,40,HQ,5A,05,5A-SB01,2,1,1.0
C0001533,454585_S025,document,454585,OF,ESVLC,40,HQ,59,37,59-SB04,1,1,0.0
C0001534,454585_S025,document,454585,OF,ESVLC,40,HQ,59,37,59-SB04,2,1,0.0
C0001535,454585_S025,document,454585,OF,ESVLC,40,HQ,69,53,69-SB05,1,1,0.0
C0001536,454585_S025,document,454585,OF,ESVLC,40,HQ,69,53,69-SB05,2,1,0.0
C0001537,454585_S026,document,454585,OF,ESVLC,40,HQ,59,37,59-SB04,1,1,0.0
C0001538,454585_S026,document,454585,OF,ESVLC,40,HQ,59,37,59-SB04,2,1,0.0
C0001539,454585_S026,document,454585,OF,ESVLC,40,HQ,69,53,69-SB05,1,1,0.0
C0001540,454585_S026,document,454585,OF,ESVLC,40,HQ,69,53,69-SB05,2,1,0.0
C0001541,454585_S039,document,454585,OF,ZZOPT,40,HQ,5A,01,5A-SB01,1,1,1.0
C0001542,454585_S039,document,454585,OF,ZZOPT,40,HQ,5A,01,5A-SB01,2,1,1.0
C0001543,454585_S039,document,454585,OF,ZZOPT,40,HQ,5A,05,5A-SB01,1,1,1.0
C0001544,454585_S039,document,454585,OF,ZZOPT,40,HQ,5A,05,5A-SB01,2,1,1.0
C0001545,454585_S041,document,454585,OF,ZZOPT,40,HQ,5A,01,5A-SB01,1,1,1.0
C0001546,454585_S041,document,454585,OF,ZZOPT,40,HQ,5A,01,5A-SB01,2,1,1.0
C0001547,454585_S041,document,454585,OF,ZZOPT,40,HQ,5A,05,5A-SB01,1,1,1.0
C0001548,454585_S041,document,454585,OF,ZZOPT,40,HQ,5A,05,5A-SB01,2,1,1.0
C0001549,454585_S042,document,454585,OF,ZZOPT,40,HQ,5A,01,5A-SB01,1,1,1.0
C0001550,454585_S042,document,454585,OF,ZZOPT,40,HQ,5A,01,5A-SB01,2,1,1.0
C0001551,454585_S042,document,454585,OF,ZZOPT,40,HQ,5A,05,5A-SB01,1,1,1.0
C0001552,454585_S042,document,454585,OF,ZZOPT,40,HQ,5A,05,5A-SB01,2,1,1.0
C0001553,454710_S015,document,454710,OF,ESAGP,40,HQ,8B,09,8B-SB01,1,1,1.0
C0001554,454710_S015,document,454710,OF,ESAGP,40,HQ,8B,09,8B-SB01,2,1,1.0
C0001555,454710_S015,document,454710,OF,ESAGP,40,HQ,8B,13,8B-SB02,1,1,1.0
C0001556,454710_S015,document,454710,OF,ESAGP,40,HQ,8B,13,8B-SB02,2,1,1.0
C0001557,454710_S036,document,454710,OF,ITSPE,40,HQ,8B,09,8B-SB01,1,1,1.0
C0001558,454710_S036,document,454710,OF,ITSPE,40,HQ,8B,09,8B-SB01,2,1,1.0
C0001559,454710_S036,document,454710,OF,ITSPE,40,HQ,8B,13,8B-SB02,1,1,1.0
C0001560,454710_S036,document,454710,OF,ITSPE,40,HQ,8B,13,8B-SB02,2,1,1.0
C0001561,454710_S042,document,454710,OF,SGSIN,40,HQ,8B,09,8B-SB01,1,1,1.0
C0001562,454710_S042,document,454710,OF,SGSIN,40,HQ,8B,09,8B-SB01,2,1,1.0
C0001563,454710_S042,document,454710,OF,SGSIN,40,HQ,8B,13,8B-SB02,1,1,1.0
C0001564,454710_S042,document,454710,OF,SGSIN,40,HQ,8B,13,8B-SB02,2,1,1.0
C0001565,453250_S009,document,453250,OF,COCTG,40,HQ,5B,05,5B-SB01,1,1,0.0
C0001566,453250_S009,document,453250,OF,COCTG,40,HQ,29,21,29-SB02,1,1,1.0
C0001567,453250_S016,document,453250,OF,USNW2,40,HQ,2A,01,2A-SB01,1,1,1.0
C0001568,453250_S016,document,453250,OF,USNW2,40,HQ,2A,09,2A-SB01,1,1,1.0
C0001569,453250_S017,document,453250,OF,USNW2,40,HQ,2A,01,2A-SB01,1,1,1.0
C0001570,453250_S017,document,453250,OF,USNW2,40,HQ,2A,09,2A-SB01,1,1,1.0
C0001571,453250_S019,document,453250,OF,USNWK,40,HQ,2A,01,2A-SB01,1,1,1.0
C0001572,453250_S019,document,453250,OF,USNWK,40,HQ,2A,09,2A-SB01,1,1,1.0
C0001573,453250_S020,document,453250,OF,USNWK,40,HQ,2A,01,2A-SB01,1,1,1.0
C0001574,453250_S020,document,453250,OF,USNWK,40,HQ,2A,09,2A-SB01,1,1,1.0
C0001575,453250_S024,document,453250,OF,USORF,40,HQ,29,21,29-SB02,1,1,1.0
C0001576,453250_S024,document,453250,OF,USORF,40,HQ,29,25,29-SB03,1,1,1.0
C0001577,453250_S025,document,453250,OF,USORF,40,HQ,29,21,29-SB02,1,1,1.0
C0001578,453250_S025,document,453250,OF,USORF,40,HQ,29,25,29-SB03,1,1,1.0
C0001579,453250_S026,document,453250,OF,USORF,40,HQ,29,21,29-SB02,1,1,1.0
C0001580,453250_S026,document,453250,OF,USORF,40,HQ,29,25,29-SB03,1,1,1.0
C0001581,453308_S019,document,453308,OF,ESBCN,40,HQ,29,21,29-SB02,1,1,1.0
C0001582,453308_S019,document,453308,OF,ESBCN,40,HQ,29,25,29-SB03,1,1,1.0
C0001583,453308_S020,document,453308,OF,ESVLC,40,HQ,6A,33,6A-SB03,1,1,0.0
C0001584,453308_S020,document,453308,OF,ESVLC,40,HQ,29,53,29-SB05,1,1,0.0
C0001585,453308_S021,document,453308,OF,ESVLC,40,HQ,6A,33,6A-SB03,1,1,0.0
C0001586,453308_S021,document,453308,OF,ESVLC,40,HQ,29,53,29-SB05,1,1,0.0
C0001587,453308_S023,document,453308,OF,ITGOA,40,HQ,6A,33,6A-SB03,1,1,0.0
C0001588,453308_S023,document,453308,OF,ITGOA,40,HQ,6A,69,,1,1,6.0
C0001589,453308_S024,document,453308,OF,ITGOA,40,HQ,6A,33,6A-SB03,1,1,0.0
C0001590,453308_S024,document,453308,OF,ITGOA,40,HQ,6A,69,,1,1,6.0
C0001591,453308_S027,document,453308,OF,ITSPE,40,HQ,29,21,29-SB02,1,1,1.0
C0001592,453308_S027,document,453308,OF,ITSPE,40,HQ,29,25,29-SB03,1,1,1.0
C0001593,453308_S029,document,453308,OF,MAMED,40,HQ,29,21,29-SB02,1,1,1.0
C0001594,453308_S029,document,453308,OF,MAMED,40,HQ,29,25,29-SB03,1,1,1.0
C0001595,453308_S030,document,453308,OF,MYTPP,40,HQ,29,33,29-SB03,1,1,0.0
C0001596,453308_S030,document,453308,OF,MYTPP,40,HQ,29,21,29-SB02,1,1,1.0
C0001597,453308_S031,document,453308,OF,MYTPP,40,HQ,29,33,29-SB03,1,1,0.0
C0001598,453308_S031,document,453308,OF,MYTPP,40,HQ,29,21,29-SB02,1,1,1.0
C0001599,453324_S004,document,453324,OF,USLAX,40,HQ,38,37,38-SB02,1,1,0.0
C0001600,453324_S004,document,453324,OF,USLAX,40,HQ,38,17,,1,1,11.0
C0001601,453324_S007,document,453324,OF,USLSA,40,HQ,38,37,38-SB02,1,1,1.0
C0001602,453324_S007,document,453324,OF,USLSA,40,HQ,38,17,,1,1,11.0
C0001603,453324_S008,document,453324,OF,USLSA,40,HQ,38,37,38-SB02,1,1,1.0
C0001604,453324_S008,document,453324,OF,USLSA,40,HQ,38,17,,1,1,11.0
C0001605,453352_S001,document,453352,OF,JPNGO,40,HQ,89,33,89-SB02,1,1,1.0
C0001606,453352_S001,document,453352,OF,JPNGO,40,HQ,89,37,89-SB03,1,1,1.0
C0001607,453352_S002,document,453352,OF,JPNGO,40,HQ,89,33,89-SB02,1,1,1.0
C0001608,453352_S002,document,453352,OF,JPNGO,40,HQ,89,37,89-SB03,1,1,1.0
C0001609,453352_S006,document,453352,OF,JPUKB,40,HQ,89,33,89-SB02,1,1,1.0
C0001610,453352_S006,document,453352,OF,JPUKB,40,HQ,89,37,89-SB03,1,1,1.0
C0001611,453356_S005,document,453356,OF,USNYC,40,PQ,2A,09,2A-SB01,1,1,1.0
C0001612,453356_S005,document,453356,OF,USNYC,40,PQ,2A,61,,1,1,7.0
C0001613,453356_S006,document,453356,OF,USSA3,40,PQ,2A,09,2A-SB01,1,1,1.0
C0001614,453356_S006,document,453356,OF,USSA3,40,PQ,2A,61,,1,1,7.0
C0001615,453388_S029,document,453388,OF,CAVA2,40,PQ,4A,13,4A-SB02,1,1,1.0
C0001616,453388_S029,document,453388,OF,CAVA2,40,PQ,4A,25,4A-SB03,1,1,1.0
C0001617,453388_S031,document,453388,OF,CAVA2,40,PQ,4A,13,4A-SB02,1,1,1.0
C0001618,453388_S031,document,453388,OF,CAVA2,40,PQ,4A,25,4A-SB03,1,1,1.0
C0001619,453388_S040,document,453388,OF,CAVA3,40,PQ,4A,13,4A-SB02,1,1,0.0
C0001620,453388_S040,document,453388,OF,CAVA3,40,PQ,4A,25,4A-SB03,1,1,1.0
C0001621,453388_S049,document,453388,OF,CAVAN,40,PQ,4A,13,4A-SB02,1,1,1.0
C0001622,453388_S049,document,453388,OF,CAVAN,40,PQ,4A,25,4A-SB03,1,1,1.0
C0001623,453388_S057,document,453388,OF,USTIW,40,PQ,4A,13,4A-SB02,1,1,1.0
C0001624,453388_S057,document,453388,OF,USTIW,40,PQ,4A,25,4A-SB03,1,1,1.0
C0001625,453388_S062,document,453388,OF,USTW1,40,PQ,4B,09,4B-SB01,1,1,1.0
C0001626,453388_S062,document,453388,OF,USTW1,40,PQ,4B,17,4B-SB02,1,1,1.0
C0001627,453388_S063,document,453388,OF,USTW1,40,PQ,4B,09,4B-SB01,1,1,1.0
C0001628,453388_S063,document,453388,OF,USTW1,40,PQ,4B,17,4B-SB02,1,1,1.0
C0001629,453388_S069,document,453388,OF,USTW2,40,PQ,4A,25,4A-SB03,1,1,0.0
C0001630,453388_S069,document,453388,OF,USTW2,40,PQ,4A,13,4A-SB02,1,1,1.0
C0001631,453396_S010,document,453396,OF,DEBRV,40,HQ,8A,21,8A-SB02,1,1,1.0
C0001632,453396_S010,document,453396,OF,DEBRV,40,HQ,8A,37,8A-SB04,1,1,1.0
C0001633,453396_S014,document,453396,OF,DEWVN,40,HQ,8A,21,8A-SB02,1,1,1.0
C0001634,453396_S014,document,453396,OF,DEWVN,40,HQ,8A,37,8A-SB04,1,1,1.0
C0001635,453396_S015,document,453396,OF,MAPTM,40,HQ,8A,21,8A-SB02,1,1,1.0
C0001636,453396_S015,document,453396,OF,MAPTM,40,HQ,8A,37,8A-SB04,1,1,1.0
C0001637,453396_S016,document,453396,OF,MAPTM,40,HQ,8A,21,8A-SB02,1,1,1.0
C0001638,453396_S016,document,453396,OF,MAPTM,40,HQ,8A,37,8A-SB04,1,1,1.0
C0001639,453396_S019,document,453396,OF,MYTPP,40,HQ,8A,21,8A-SB02,1,1,1.0
C0001640,453396_S019,document,453396,OF,MYTPP,40,HQ,8A,37,8A-SB04,1,1,1.0
C0001641,453396_S022,document,453396,OF,NLRTM,40,HQ,8A,21,8A-SB02,1,1,1.0
C0001642,453396_S022,document,453396,OF,NLRTM,40,HQ,8A,37,8A-SB04,1,1,1.0
C0001643,453412_F040,forecast_fallback,453412,OF,DEWVN,40,PQ,49,05,49-SB01,1,1,1.0
C0001644,453412_F040,forecast_fallback,453412,OF,DEWVN,40,PQ,49,09,49-SB01,1,1,1.0
C0001645,453412_S013,document,453412,OF,BEANR,40,HQ,49,05,49-SB01,1,1,1.0
C0001646,453412_S013,document,453412,OF,BEANR,40,HQ,49,09,49-SB01,1,1,1.0
C0001647,453412_S014,document,453412,OF,BEANR,40,HQ,49,05,49-SB01,1,1,1.0
C0001648,453412_S014,document,453412,OF,BEANR,40,HQ,49,09,49-SB01,1,1,1.0
C0001649,453412_S020,document,453412,OF,DEHAM,40,HQ,49,05,49-SB01,1,1,1.0
C0001650,453412_S020,document,453412,OF,DEHAM,40,HQ,49,09,49-SB01,1,1,1.0
C0001651,453412_S022,document,453412,OF,GBLGP,40,HQ,49,05,49-SB01,1,1,1.0
C0001652,453412_S022,document,453412,OF,GBLGP,40,HQ,49,09,49-SB01,1,1,1.0
C0001653,453412_S029,document,453412,OF,MYTPP,40,PQ,49,05,49-SB01,1,1,1.0
C0001654,453412_S029,document,453412,OF,MYTPP,40,PQ,49,09,49-SB01,1,1,1.0
C0001655,453412_S030,document,453412,OF,MYTPP,40,PQ,49,05,49-SB01,1,1,1.0
C0001656,453412_S030,document,453412,OF,MYTPP,40,PQ,49,09,49-SB01,1,1,1.0
C0001657,453412_S032,document,453412,OF,NLR10,40,HQ,49,05,49-SB01,1,1,1.0
C0001658,453412_S032,document,453412,OF,NLR10,40,HQ,49,09,49-SB01,1,1,1.0
C0001659,453412_S038,document,453412,OF,NLRTM,40,PQ,49,05,49-SB01,1,1,1.0
C0001660,453412_S038,document,453412,OF,NLRTM,40,PQ,49,09,49-SB01,1,1,1.0
C0001661,453416_S026,document,453416,OF,HRRJ3,40,HQ,5A,01,5A-SB01,1,1,1.0
C0001662,453416_S026,document,453416,OF,HRRJ3,40,HQ,5A,05,5A-SB01,1,1,1.0
C0001663,453416_S037,document,453416,OF,MYTPP,40,HQ,2A,01,2A-SB01,1,1,0.0
C0001664,453416_S037,document,453416,OF,MYTPP,40,HQ,2A,41,2A-SB04,1,1,0.0
C0001665,453416_S042,document,453416,OF,MYTPP,40,PQ,2A,09,2A-SB01,1,1,1.0
C0001666,453416_S042,document,453416,OF,MYTPP,40,PQ,4A,13,4A-SB02,1,1,1.0
C0001667,454549_F050,forecast_fallback,454549,OF,TRALI,40,HQ,69,29,69-SB03,1,1,1.0
C0001668,454549_F050,forecast_fallback,454549,OF,TRALI,40,HQ,69,37,69-SB04,1,1,1.0
C0001669,454549_S007,document,454549,OF,ILHFA,40,HQ,3A,17,3A-SB02,1,1,0.0
C0001670,454549_S007,document,454549,OF,ILHFA,40,HQ,3A,37,3A-SB03,1,1,0.0
C0001671,454549_S009,document,454549,OF,TRALI,40,HQ,69,29,69-SB03,1,1,1.0
C0001672,454549_S009,document,454549,OF,TRALI,40,HQ,69,37,69-SB04,1,1,1.0
C0001673,454585_F054,forecast_fallback,454585,OF,DEHAM,40,PQ,5A,01,5A-SB01,1,1,1.0
C0001674,454585_F054,forecast_fallback,454585,OF,DEHAM,40,PQ,5A,05,5A-SB01,1,1,1.0
C0001675,454585_S010,document,454585,OF,ESBC1,40,HQ,5A,01,5A-SB01,1,1,1.0
C0001676,454585_S010,document,454585,OF,ESBC1,40,HQ,5A,05,5A-SB01,1,1,1.0
C0001677,454585_S012,document,454585,OF,ESBC1,40,PQ,5A,01,5A-SB01,1,1,1.0
C0001678,454585_S012,document,454585,OF,ESBC1,40,PQ,5A,05,5A-SB01,1,1,1.0
C0001679,454585_S013,document,454585,OF,ESBCN,40,HQ,5A,01,5A-SB01,1,1,1.0
C0001680,454585_S013,document,454585,OF,ESBCN,40,HQ,5A,05,5A-SB01,1,1,1.0
C0001681,454585_S015,document,454585,OF,ESBCN,40,HQ,5A,01,5A-SB01,1,1,1.0
C0001682,454585_S015,document,454585,OF,ESBCN,40,HQ,5A,05,5A-SB01,1,1,1.0
C0001683,454585_S016,document,454585,OF,ESBCN,40,HQ,5A,01,5A-SB01,1,1,1.0
C0001684,454585_S016,document,454585,OF,ESBCN,40,HQ,5A,05,5A-SB01,1,1,1.0
C0001685,454585_S022,document,454585,OF,ESVL3,40,PQ,5A,01,5A-SB01,1,1,1.0
C0001686,454585_S022,document,454585,OF,ESVL3,40,PQ,5A,05,5A-SB01,1,1,1.0
C0001687,454585_S028,document,454585,OF,FRFOS,40,HQ,5A,01,5A-SB01,1,1,1.0
C0001688,454585_S028,document,454585,OF,FRFOS,40,HQ,5A,05,5A-SB01,1,1,1.0
C0001689,454585_S029,document,454585,OF,FRFOS,40,HQ,5A,01,5A-SB01,1,1,1.0
C0001690,454585_S029,document,454585,OF,FRFOS,40,HQ,5A,05,5A-SB01,1,1,1.0
C0001691,454585_S030,document,454585,OF,FRFOS,40,PQ,5A,01,5A-SB01,1,1,1.0
C0001692,454585_S030,document,454585,OF,FRFOS,40,PQ,5A,05,5A-SB01,1,1,1.0
C0001693,454585_S034,document,454585,OF,MACAS,40,HQ,5A,01,5A-SB01,1,1,1.0
C0001694,454585_S034,document,454585,OF,MACAS,40,HQ,5A,05,5A-SB01,1,1,1.0
C0001695,454585_S037,document,454585,OF,ZZOP1,40,HQ,5A,01,5A-SB01,1,1,1.0
C0001696,454585_S037,document,454585,OF,ZZOP1,40,HQ,5A,05,5A-SB01,1,1,1.0
C0001697,454585_S040,document,454585,OF,ZZOPT,40,HQ,5A,01,5A-SB01,1,1,1.0
C0001698,454585_S040,document,454585,OF,ZZOPT,40,HQ,5A,05,5A-SB01,1,1,1.0
C0001699,454710_S016,document,454710,OF,ESAGP,40,HQ,8B,09,8B-SB01,1,1,1.0
C0001700,454710_S016,document,454710,OF,ESAGP,40,HQ,8B,13,8B-SB02,1,1,1.0
C0001701,454710_S029,document,454710,OF,ITNAP,40,HQ,8A,21,8A-SB02,1,1,1.0
C0001702,454710_S029,document,454710,OF,ITNAP,40,HQ,8A,37,8A-SB04,1,1,1.0
C0001703,454710_S033,document,454710,OF,ITSPE,40,HQ,8B,09,8B-SB01,1,1,1.0
C0001704,454710_S033,document,454710,OF,ITSPE,40,HQ,8B,13,8B-SB02,1,1,1.0
C0001705,454710_S035,document,454710,OF,ITSPE,40,HQ,8B,09,8B-SB01,1,1,1.0
C0001706,454710_S035,document,454710,OF,ITSPE,40,HQ,8B,13,8B-SB02,1,1,1.0
C0001707,454710_S037,document,454710,OF,ITSPE,40,HQ,8B,09,8B-SB01,1,1,1.0
C0001708,454710_S037,document,454710,OF,ITSPE,40,HQ,8B,13,8B-SB02,1,1,1.0
C0001709,453388_S009,document,453388,OF,CAVA3,20,PQ,69,35,69-SB03,26,6,1.0
C0001710,453388_S009,document,453388,OF,CAVA3,20,PQ,69,43,69-SB04,26,6,1.0
C0001711,453388_S009,document,453388,OF,CAVA3,20,PQ,19,05,,12,3,7.0
C0001712,453416_F041,forecast_fallback,453416,OF,EGPSD,20,PQ,5A,07,5A-SB01,26,6,1.0
C0001713,453416_F041,forecast_fallback,453416,OF,EGPSD,20,PQ,5A,09,5A-SB01,8,2,1.0
C0001714,453356_F031,forecast_fallback,453356,OF,USSAV,20,PQ,28,23,28-SB01,26,6,1.0
C0001715,453356_F031,forecast_fallback,453356,OF,USSAV,20,PQ,28,47,28-SB02,26,6,1.0
C0001716,453356_F031,forecast_fallback,453356,OF,USSAV,20,PQ,28,51,28-SB02,11,3,1.0
C0001717,453356_F021,forecast_fallback,453356,OF,USCHS,20,PQ,29,27,29-SB03,26,6,1.0
C0001718,453356_F021,forecast_fallback,453356,OF,USCHS,20,PQ,29,29,29-SB03,26,6,1.0
C0001719,453356_F021,forecast_fallback,453356,OF,USCHS,20,PQ,29,31,29-SB03,8,2,1.0
C0001720,453416_S009,document,453416,OF,HRRJK,20,PQ,59,13,59-SB02,15,3,1.0
C0001721,453416_S009,document,453416,OF,HRRJK,20,PQ,59,23,59-SB02,4,1,1.0
C0001722,453416_S009,document,453416,OF,HRRJK,20,PQ,59,53,59-SB05,3,1,1.0
C0001723,453416_S009,document,453416,OF,HRRJK,20,PQ,5A,09,5A-SB01,14,3,1.0
C0001724,454585_F052,forecast_fallback,454585,OF,DEHAM,20,PQ,5A,11,5A-SB01,26,6,1.0
C0001725,454585_F052,forecast_fallback,454585,OF,DEHAM,20,PQ,5A,09,5A-SB01,4,1,1.0
C0001726,454585_F052,forecast_fallback,454585,OF,DEHAM,20,PQ,5A,13,5A-SB02,5,1,1.0
C0001727,453388_S014,document,453388,OF,CAVAN,20,PQ,19,37,19-SB02,26,6,1.0
C0001728,453388_S014,document,453388,OF,CAVAN,20,PQ,19,05,,6,2,7.0
C0001729,453388_S014,document,453388,OF,CAVAN,20,PQ,4A,53,4A-SB05,2,1,0.0
C0001730,453356_F017,forecast_fallback,453356,OF,MXLZC,20,PQ,39,09,,3,1,7.0
C0001731,453356_F017,forecast_fallback,453356,OF,MXLZC,20,PQ,28,21,28-SB01,1,1,1.0
C0001732,453356_F017,forecast_fallback,453356,OF,MXLZC,20,PQ,29,31,29-SB03,1,1,1.0
C0001733,453356_F017,forecast_fallback,453356,OF,MXLZC,20,PQ,3A,11,3A-SB01,1,1,1.0
C0001734,453352_F015,forecast_fallback,453352,OF,JPUKB,20,PQ,89,51,89-SB04,25,5,1.0
C0001735,453308_S007,document,453308,OF,ESVLC,20,PQ,89,51,89-SB04,1,1,1.0
C0001736,453308_S007,document,453308,OF,ESVLC,20,PQ,29,31,29-SB03,1,1,1.0
C0001737,453356_F026,forecast_fallback,453356,OF,USNYC,20,PQ,39,11,,3,1,6.0
C0001738,453356_F026,forecast_fallback,453356,OF,USNYC,20,PQ,39,09,,3,1,7.0
C0001739,453250_S003,document,453250,OF,KRPUS,20,PQ,29,51,29-SB05,14,3,1.0
C0001740,453250_S003,document,453250,OF,KRPUS,20,PQ,49,07,49-SB01,5,1,1.0
C0001741,454585_F055,forecast_fallback,454585,OF,FRLEH,20,PQ,5A,13,5A-SB02,19,4,1.0
C0001742,454585_F058,forecast_fallback,454585,OF,PTSIE,20,PQ,5A,15,5A-SB02,4,1,1.0
C0001743,454585_F058,forecast_fallback,454585,OF,PTSIE,20,PQ,59,53,59-SB05,3,1,1.0
C0001744,453308_S003,document,453308,OF,ESBCN,20,PQ,89,23,89-SB01,8,2,0.0
C0001745,453416_S002,document,453416,OF,EGPSD,20,PQ,59,53,59-SB05,3,1,1.0
C0001746,453416_S002,document,453416,OF,EGPSD,20,PQ,5A,13,5A-SB02,2,1,1.0
C0001747,453416_S002,document,453416,OF,EGPSD,20,PQ,5A,15,5A-SB02,6,2,1.0
C0001748,453388_S001,document,453388,OF,CAVA2,20,PQ,4A,53,4A-SB05,4,1,0.0
C0001749,453388_S001,document,453388,OF,CAVA2,20,PQ,4A,55,4A-SB05,1,1,1.0
C0001750,453388_S013,document,453388,OF,CAVAN,20,PQ,4A,53,4A-SB05,2,1,0.0
C0001751,453416_S003,document,453416,OF,EGPSD,20,PQ,5A,15,5A-SB02,7,2,1.0
C0001752,453416_S016,document,453416,OF,SIKOP,20,PQ,5A,15,5A-SB02,7,2,1.0
C0001753,453416_S008,document,453416,OF,HRRJK,20,PQ,5A,17,5A-SB02,2,1,1.0
C0001754,454710_S009,document,454710,OF,ITSPE,20,PQ,8A,59,8A-SB05,1,1,1.0
C0001755,454710_S009,document,454710,OF,ITSPE,20,PQ,8B,21,8B-SB02,3,1,1.0
C0001756,454710_S011,document,454710,OF,ITSPE,20,PQ,8B,21,8B-SB02,4,2,1.0
C0001757,454549_S004,document,454549,OF,SGSIN,20,PQ,49,09,49-SB01,1,1,1.0
C0001758,454710_S007,document,454710,OF,ITNAP,20,PQ,8B,21,8B-SB02,3,1,1.0
C0001759,454710_S012,document,454710,OF,ITSPE,20,PQ,8B,23,8B-SB02,3,1,1.0
C0001760,453250_S001,document,453250,OF,KRPUS,20,PQ,49,09,49-SB01,2,1,1.0
C0001761,453416_S012,document,453416,OF,MYTPP,20,PQ,59,29,59-SB03,2,1,0.0
C0001762,453416_S013,document,453416,OF,MYTPP,20,PQ,59,29,59-SB03,2,1,0.0
C0001763,453416_S014,document,453416,OF,MYTPP,20,PQ,59,29,59-SB03,2,1,0.0
C0001764,453416_S015,document,453416,OF,SIKOP,20,PQ,38,13,38-SB01,1,1,0.0
C0001765,454710_S003,document,454710,OF,ITGOA,20,PQ,8B,23,8B-SB02,2,1,1.0
C0001766,454710_S004,document,454710,OF,ITGOA,20,PQ,8B,23,8B-SB02,2,1,1.0
C0001767,454710_S008,document,454710,OF,ITNAP,20,PQ,8B,23,8B-SB02,2,1,1.0
C0001768,454710_S010,document,454710,OF,ITSPE,20,PQ,8B,21,8B-SB02,2,1,1.0
C0001769,453250_S002,document,453250,OF,KRPUS,20,PQ,49,09,49-SB01,1,1,1.0
C0001770,453250_S004,document,453250,OF,USNYC,20,PQ,49,09,49-SB01,1,1,1.0
C0001771,453250_S005,document,453250,OF,USNYC,20,PQ,6A,05,6A-SB01,1,1,0.0
C0001772,453324_S002,document,453324,OF,USLAX,20,PQ,29,31,29-SB03,1,1,1.0
C0001773,453412_S004,document,453412,OF,MYTPP,20,PQ,49,11,49-SB01,1,1,1.0
C0001774,453412_S005,document,453412,OF,MYTPP,20,PQ,49,11,49-SB01,1,1,1.0
C0001775,453412_S010,document,453412,OF,NLRTM,20,PQ,49,11,49-SB01,1,1,1.0
C0001776,453416_F042,forecast_fallback,453416,OF,MYTPP,20,PQ,59,69,59-SB06,1,1,0.0
C0001777,453416_S010,document,453416,OF,MYTPP,20,PQ,59,69,59-SB06,1,1,0.0
C0001778,453416_S011,document,453416,OF,MYTPP,20,PQ,59,69,59-SB06,1,1,0.0
C0001779,454585_S006,document,454585,OF,ESVLC,20,PQ,59,31,59-SB03,1,1,0.0
C0001780,454585_S007,document,454585,OF,ESVLC,20,PQ,59,31,59-SB03,1,1,0.0
C0001781,454710_S001,document,454710,OF,ESAGP,20,PQ,8B,37,8B-SB03,1,1,1.0
C0001782,454710_S002,document,454710,OF,ESAGP,20,PQ,8B,39,8B-SB03,1,1,1.0
C0001783,454710_S005,document,454710,OF,ITGOA,20,PQ,8B,23,8B-SB02,1,1,1.0
C0001784,453250_F003,forecast_fallback,453250,OF,KRPUS,40,HQ,49,21,49-SB02,26,6,1.0
C0001785,453250_F003,forecast_fallback,453250,OF,KRPUS,40,HQ,49,17,49-SB02,25,5,1.0
C0001786,453250_F003,forecast_fallback,453250,OF,KRPUS,40,HQ,49,37,49-SB03,26,6,1.0
C0001787,453250_F003,forecast_fallback,453250,OF,KRPUS,40,HQ,49,29,49-SB03,25,5,1.0
C0001788,453250_F003,forecast_fallback,453250,OF,KRPUS,40,HQ,49,33,49-SB03,11,3,1.0
C0001789,453250_F003,forecast_fallback,453250,OF,KRPUS,40,HQ,2A,09,2A-SB01,26,6,1.0
C0001790,453250_F003,forecast_fallback,453250,OF,KRPUS,40,HQ,2A,13,2A-SB02,23,5,1.0
C0001791,453250_F003,forecast_fallback,453250,OF,KRPUS,40,HQ,2A,53,2A-SB05,20,4,1.0
C0001792,453250_F003,forecast_fallback,453250,OF,KRPUS,40,HQ,2A,01,2A-SB01,12,3,1.0
C0001793,453250_F003,forecast_fallback,453250,OF,KRPUS,40,HQ,2A,25,2A-SB03,15,3,1.0
C0001794,453250_F003,forecast_fallback,453250,OF,KRPUS,40,HQ,2A,33,2A-SB03,8,2,0.0
C0001795,453250_F003,forecast_fallback,453250,OF,KRPUS,40,HQ,29,53,29-SB05,14,3,1.0
C0001796,453352_F016,forecast_fallback,453352,OF,JPUKB,40,HQ,8A,21,8A-SB02,3,1,1.0
C0001797,453352_F016,forecast_fallback,453352,OF,JPUKB,40,HQ,89,45,89-SB03,4,1,1.0
C0001798,453352_F016,forecast_fallback,453352,OF,JPUKB,40,HQ,89,65,89-SB05,4,1,1.0
C0001799,453352_F016,forecast_fallback,453352,OF,JPUKB,40,HQ,89,37,89-SB03,3,1,1.0
C0001800,453352_F016,forecast_fallback,453352,OF,JPUKB,40,HQ,89,33,89-SB02,3,1,1.0
C0001801,454585_F056,forecast_fallback,454585,OF,FRLEH,40,HQ,5A,21,5A-SB02,26,6,1.0
C0001802,454585_F056,forecast_fallback,454585,OF,FRLEH,40,HQ,5A,25,5A-SB03,26,6,1.0
C0001803,454585_F056,forecast_fallback,454585,OF,FRLEH,40,HQ,5A,29,5A-SB03,26,6,1.0
C0001804,454585_F056,forecast_fallback,454585,OF,FRLEH,40,HQ,5A,33,5A-SB03,12,3,1.0
C0001805,454549_F048,forecast_fallback,454549,OF,SGSIN,40,HQ,49,45,49-SB04,26,6,1.0
C0001806,454549_F048,forecast_fallback,454549,OF,SGSIN,40,HQ,49,41,49-SB04,23,5,1.0
C0001807,454549_F048,forecast_fallback,454549,OF,SGSIN,40,HQ,69,45,69-SB04,20,4,1.0
C0001808,454549_F048,forecast_fallback,454549,OF,SGSIN,40,HQ,69,37,69-SB04,3,1,1.0
C0001809,454585_F053,forecast_fallback,454585,OF,DEHAM,40,HQ,5A,37,5A-SB04,26,6,1.0
C0001810,454585_F053,forecast_fallback,454585,OF,DEHAM,40,HQ,5A,41,5A-SB04,26,6,1.0
C0001811,454585_F053,forecast_fallback,454585,OF,DEHAM,40,HQ,5A,45,5A-SB04,20,4,1.0
C0001812,453416_F043,forecast_fallback,453416,OF,MYTPP,40,HQ,5A,49,5A-SB05,26,6,1.0
C0001813,453416_F043,forecast_fallback,453416,OF,MYTPP,40,HQ,5A,53,5A-SB05,26,6,1.0
C0001814,453416_F043,forecast_fallback,453416,OF,MYTPP,40,HQ,5A,57,5A-SB05,18,4,1.0
C0001815,454549_F046,forecast_fallback,454549,OF,ILHFA,40,HQ,69,53,69-SB05,20,4,1.0
C0001816,454549_F046,forecast_fallback,454549,OF,ILHFA,40,HQ,69,49,69-SB05,9,2,1.0
C0001817,454549_F046,forecast_fallback,454549,OF,ILHFA,40,HQ,1A,05,1A-SB01,6,3,1.0
C0001818,454549_F046,forecast_fallback,454549,OF,ILHFA,40,HQ,1A,37,1A-SB03,4,1,1.0
C0001819,454549_F046,forecast_fallback,454549,OF,ILHFA,40,HQ,1A,45,1A-SB04,4,2,1.0
C0001820,454549_F046,forecast_fallback,454549,OF,ILHFA,40,HQ,1A,49,1A-SB04,4,1,1.0
C0001821,454549_F046,forecast_fallback,454549,OF,ILHFA,40,HQ,3A,21,3A-SB02,2,1,1.0
C0001822,454549_F046,forecast_fallback,454549,OF,ILHFA,40,HQ,3A,45,,1,1,6.0
C0001823,454549_F047,forecast_fallback,454549,OF,ITTRS,40,HQ,1A,45,1A-SB04,4,2,1.0
C0001824,454549_F047,forecast_fallback,454549,OF,ITTRS,40,HQ,1A,49,1A-SB04,2,1,1.0
C0001825,454549_F047,forecast_fallback,454549,OF,ITTRS,40,HQ,3A,17,3A-SB02,3,1,1.0
C0001826,453416_S018,document,453416,OF,EGPSD,40,HQ,5A,61,5A-SB06,26,6,1.0
C0001827,453416_S018,document,453416,OF,EGPSD,40,HQ,5A,65,5A-SB06,22,5,1.0
C0001828,453356_F018,forecast_fallback,453356,OF,MXLZC,40,HQ,28,61,,25,5,7.0
C0001829,453356_F018,forecast_fallback,453356,OF,MXLZC,40,HQ,29,21,29-SB02,5,1,1.0
C0001830,453356_F018,forecast_fallback,453356,OF,MXLZC,40,HQ,29,33,29-SB03,4,1,1.0
C0001831,453356_F018,forecast_fallback,453356,OF,MXLZC,40,HQ,2A,33,2A-SB03,1,1,0.0
C0001832,453388_S033,document,453388,OF,CAVA3,40,HQ,4B,61,,25,5,7.0
C0001833,453388_S033,document,453388,OF,CAVA3,40,HQ,4B,01,4B-SB01,14,3,1.0
C0001834,454585_S031,document,454585,OF,ITGIT,40,HQ,69,61,69-SB06,17,4,1.0
C0001835,454585_S031,document,454585,OF,ITGIT,40,HQ,69,65,69-SB06,4,1,1.0
C0001836,453416_S043,document,453416,OF,SIKOP,40,HQ,4A,29,4A-SB03,24,5,1.0
C0001837,453416_S043,document,453416,OF,SIKOP,40,HQ,4A,33,4A-SB03,10,2,1.0
C0001838,453412_F039,forecast_fallback,453412,OF,DEWVN,40,HQ,49,57,49-SB05,26,6,1.0
C0001839,453412_F039,forecast_fallback,453412,OF,DEWVN,40,HQ,49,53,49-SB05,4,1,1.0
C0001840,453416_S019,document,453416,OF,EGPSD,40,HQ,4A,49,4A-SB05,23,5,1.0
C0001841,453416_S019,document,453416,OF,EGPSD,40,HQ,4A,01,4A-SB01,7,2,1.0
C0001842,453416_S035,document,453416,OF,MYTPP,40,HQ,4A,05,4A-SB01,20,4,1.0
C0001843,453416_S035,document,453416,OF,MYTPP,40,HQ,4A,01,4A-SB01,10,2,1.0
C0001844,453250_F005,forecast_fallback,453250,OF,USNYC,40,HQ,29,33,29-SB03,4,1,1.0
C0001845,453250_F005,forecast_fallback,453250,OF,USNYC,40,HQ,29,21,29-SB02,2,1,1.0
C0001846,453250_F005,forecast_fallback,453250,OF,USNYC,40,HQ,5B,37,5B-SB03,1,1,0.0
C0001847,453250_F005,forecast_fallback,453250,OF,USNYC,40,HQ,2A,33,2A-SB03,1,1,1.0
C0001848,453388_S036,document,453388,OF,CAVA3,40,HQ,4B,05,4B-SB01,25,5,1.0
C0001849,453388_S036,document,453388,OF,CAVA3,40,HQ,4B,01,4B-SB01,4,1,1.0
C0001850,453396_F037,forecast_fallback,453396,OF,GBLGP,40,HQ,8A,37,8A-SB04,3,1,1.0
C0001851,453416_S044,document,453416,OF,SIKOP,40,HQ,4A,21,4A-SB02,20,5,1.0
C0001852,453416_S044,document,453416,OF,SIKOP,40,HQ,4A,09,4A-SB01,9,3,1.0
C0001853,453416_S022,document,453416,OF,EGPSD,40,HQ,5A,33,5A-SB03,14,3,1.0
C0001854,453416_S022,document,453416,OF,EGPSD,40,HQ,5A,57,5A-SB05,8,2,1.0
C0001855,453416_S022,document,453416,OF,EGPSD,40,HQ,5A,65,5A-SB06,4,1,1.0
C0001856,453416_S022,document,453416,OF,EGPSD,40,HQ,5A,45,5A-SB04,2,1,1.0
C0001857,453250_F006,forecast_fallback,453250,OF,USORF,40,HQ,29,33,29-SB03,4,1,1.0
C0001858,453388_F035,forecast_fallback,453388,OF,KRPUS,40,HQ,4B,21,4B-SB02,1,1,1.0
C0001859,453250_F002,forecast_fallback,453250,OF,COCTG,40,HQ,6A,49,6A-SB04,10,3,4.0
C0001860,453250_F002,forecast_fallback,453250,OF,COCTG,40,HQ,29,33,29-SB03,4,1,1.0
C0001861,453352_F013,forecast_fallback,453352,OF,JPNGO,40,HQ,89,33,89-SB02,3,1,1.0
C0001862,453388_S027,document,453388,OF,CAVA2,40,HQ,4B,09,4B-SB01,24,5,1.0
C0001863,453388_S052,document,453388,OF,USTIW,40,HQ,4A,41,4A-SB04,4,1,1.0
C0001864,453388_S064,document,453388,OF,USTW2,40,HQ,69,57,69-SB05,15,3,1.0
C0001865,453388_S064,document,453388,OF,USTW2,40,HQ,69,49,69-SB05,9,2,1.0
C0001866,453356_F032,forecast_fallback,453356,OF,USSAV,40,HQ,28,53,28-SB02,1,1,0.0
C0001867,453356_F032,forecast_fallback,453356,OF,USSAV,40,HQ,29,33,29-SB03,1,1,1.0
C0001868,453412_S012,document,453412,OF,BEANR,40,HQ,49,13,49-SB01,20,4,1.0
C0001869,453412_S016,document,453412,OF,DEHAM,40,HQ,49,49,49-SB04,20,4,1.0
C0001870,453416_S030,document,453416,OF,HRRJK,40,HQ,2A,37,2A-SB04,15,3,1.0
C0001871,453416_S030,document,453416,OF,HRRJK,40,HQ,2A,41,2A-SB04,4,1,1.0
C0001872,453416_S047,document,453416,OF,SIKOP,40,HQ,4A,41,4A-SB04,13,3,1.0
C0001873,453416_S047,document,453416,OF,SIKOP,40,HQ,4A,37,4A-SB04,1,1,1.0
C0001874,453416_S047,document,453416,OF,SIKOP,40,HQ,4A,33,4A-SB03,5,1,1.0
C0001875,453388_S035,document,453388,OF,CAVA3,40,HQ,4B,21,4B-SB02,14,3,1.0
C0001876,453388_S035,document,453388,OF,CAVA3,40,HQ,4A,09,4A-SB01,4,2,0.0
C0001877,453388_S053,document,453388,OF,USTIW,40,HQ,69,65,69-SB06,11,3,1.0
C0001878,453388_S053,document,453388,OF,USTIW,40,HQ,69,37,69-SB04,4,1,1.0
C0001879,453388_S053,document,453388,OF,USTIW,40,HQ,69,45,69-SB04,1,1,1.0
C0001880,453388_S053,document,453388,OF,USTIW,40,HQ,69,57,69-SB05,2,1,1.0
C0001881,453388_S034,document,453388,OF,CAVA3,40,HQ,4A,01,4A-SB01,5,1,1.0
C0001882,453388_S034,document,453388,OF,CAVA3,40,HQ,4A,09,4A-SB01,2,1,0.0
C0001883,453388_S034,document,453388,OF,CAVA3,40,HQ,4A,21,4A-SB02,4,1,1.0
C0001884,453388_S034,document,453388,OF,CAVA3,40,HQ,4A,33,4A-SB03,2,1,0.0
C0001885,453388_S034,document,453388,OF,CAVA3,40,HQ,2B,33,2B-SB03,4,1,1.0
C0001886,453388_S041,document,453388,OF,CAVAN,40,HQ,2B,53,2B-SB04,6,2,1.0
C0001887,453388_S041,document,453388,OF,CAVAN,40,HQ,2B,33,2B-SB03,4,1,1.0
C0001888,453388_S041,document,453388,OF,CAVAN,40,HQ,2B,13,,3,1,7.0
C0001889,453388_S041,document,453388,OF,CAVAN,40,HQ,19,21,19-SB01,3,1,1.0
C0001890,453388_S041,document,453388,OF,CAVAN,40,HQ,69,53,69-SB05,1,1,1.0
C0001891,453416_S036,document,453416,OF,MYTPP,40,HQ,2A,41,2A-SB04,1,1,0.0
C0001892,453388_S054,document,453388,OF,USTIW,40,HQ,2B,13,,3,1,7.0
C0001893,453388_S054,document,453388,OF,USTIW,40,HQ,2B,33,2B-SB03,2,1,1.0
C0001894,453388_S054,document,453388,OF,USTIW,40,HQ,19,21,19-SB01,3,1,1.0
C0001895,453388_S065,document,453388,OF,USTW2,40,HQ,2B,13,,3,1,7.0
C0001896,453388_S065,document,453388,OF,USTW2,40,HQ,19,21,19-SB01,3,1,1.0
C0001897,453416_S020,document,453416,OF,EGPSD,40,HQ,5A,45,5A-SB04,4,1,1.0
C0001898,453416_S020,document,453416,OF,EGPSD,40,HQ,2A,45,2A-SB04,2,1,1.0
C0001899,453416_S020,document,453416,OF,EGPSD,40,HQ,2A,53,2A-SB05,2,1,1.0
C0001900,453416_S020,document,453416,OF,EGPSD,40,HQ,38,17,,2,1,11.0
C0001901,453416_S028,document,453416,OF,HRRJK,40,HQ,59,37,59-SB04,3,1,1.0
C0001902,453416_S028,document,453416,OF,HRRJK,40,HQ,38,37,38-SB02,2,1,0.0
C0001903,454585_S027,document,454585,OF,ESVLC,40,HQ,8B,49,8B-SB04,7,1,1.0
C0001904,454585_S027,document,454585,OF,ESVLC,40,HQ,8B,53,8B-SB04,3,1,1.0
C0001905,454585_S027,document,454585,OF,ESVLC,40,HQ,8B,13,8B-SB02,5,2,1.0
C0001906,453250_F004,forecast_fallback,453250,OF,USNWK,40,HQ,6A,25,6A-SB02,1,1,0.0
C0001907,453412_S015,document,453412,OF,DEHAM,40,HQ,6B,01,6B-SB01,14,3,1.0
C0001908,453416_S049,document,453416,OF,SIKOP,40,PQ,2A,61,,14,3,7.0
C0001909,453412_S034,document,453412,OF,NLRTM,40,HQ,6B,05,6B-SB01,11,3,0.0
C0001910,453412_S035,document,453412,OF,NLRTM,40,HQ,6B,09,6B-SB01,11,3,1.0
C0001911,453412_S037,document,453412,OF,NLRTM,40,HQ,6B,09,6B-SB01,10,2,1.0
C0001912,454585_S021,document,454585,OF,ESVL3,40,HQ,8B,45,8B-SB03,6,2,1.0
C0001913,454585_S021,document,454585,OF,ESVL3,40,HQ,8B,13,8B-SB02,3,1,1.0
C0001914,454585_S021,document,454585,OF,ESVL3,40,HQ,8B,53,8B-SB04,1,1,1.0
C0001915,454549_F051,forecast_fallback,454549,OF,TRISK,40,HQ,3A,17,3A-SB02,2,1,1.0
C0001916,454549_F051,forecast_fallback,454549,OF,TRISK,40,HQ,3A,21,3A-SB02,2,1,1.0
C0001917,454585_S038,document,454585,OF,ZZOPT,40,HQ,8A,29,8A-SB03,3,1,0.0
C0001918,454549_F045,forecast_fallback,454549,OF,HRRJK,40,HQ,3A,21,3A-SB02,3,1,0.0
C0001919,454585_S023,document,454585,OF,ESVLC,40,HQ,8B,13,8B-SB02,1,1,1.0
C0001920,453308_F008,forecast_fallback,453308,OF,MAMED,40,HQ,89,33,89-SB02,1,1,0.0
C0001921,453412_S017,document,453412,OF,DEHAM,40,HQ,49,49,49-SB04,5,1,1.0
C0001922,453412_S017,document,453412,OF,DEHAM,40,HQ,49,41,49-SB04,1,1,1.0
C0001923,453412_S019,document,453412,OF,DEHAM,40,HQ,6B,05,6B-SB01,4,1,1.0
C0001924,453412_S019,document,453412,OF,DEHAM,40,HQ,6B,33,6B-SB03,2,1,1.0
C0001925,454585_S017,document,454585,OF,ESBCN,40,HQ,69,09,69-SB01,2,1,0.0
C0001926,453412_S018,document,453412,OF,DEHAM,40,HQ,6B,33,6B-SB03,4,1,1.0
C0001927,453412_S018,document,453412,OF,DEHAM,40,HQ,49,41,49-SB04,1,1,1.0
C0001928,453412_S023,document,453412,OF,MYTPP,40,HQ,49,13,49-SB01,5,1,1.0
C0001929,453412_S026,document,453412,OF,MYTPP,40,HQ,49,33,49-SB03,5,1,1.0
C0001930,453416_F044,forecast_fallback,453416,OF,MYTPP,40,PQ,2A,61,,5,1,7.0
C0001931,453412_S024,document,453412,OF,MYTPP,40,HQ,49,33,49-SB03,4,1,1.0
C0001932,453412_S028,document,453412,OF,MYTPP,40,HQ,49,33,49-SB03,1,1,1.0
C0001933,453412_S028,document,453412,OF,MYTPP,40,HQ,49,53,49-SB05,3,1,1.0
C0001934,453416_S041,document,453416,OF,MYTPP,40,PQ,2A,61,,3,1,7.0
C0001935,454585_S032,document,454585,OF,ITGIT,40,HQ,69,17,69-SB02,1,1,0.0
C0001936,453324_S003,document,453324,OF,USLAX,40,HQ,38,37,38-SB02,2,1,0.0
C0001937,453412_S025,document,453412,OF,MYTPP,40,HQ,49,53,49-SB05,2,1,1.0
C0001938,453416_S048,document,453416,OF,SIKOP,40,PQ,4A,25,4A-SB03,3,1,1.0
C0001939,454585_S018,document,454585,OF,ESVL3,40,HQ,8B,53,8B-SB04,2,1,1.0
C0001940,454710_S034,document,454710,OF,ITSPE,40,HQ,8A,25,8A-SB03,1,1,0.0
C0001941,453388_S050,document,453388,OF,KRPUS,40,HQ,2B,61,,2,1,6.0
C0001942,453416_S024,document,453416,OF,EGPSD,40,PQ,4A,25,4A-SB03,2,1,1.0
C0001943,453416_S025,document,453416,OF,EGPSD,40,PQ,4A,25,4A-SB03,2,1,1.0
C0001944,453416_S050,document,453416,OF,SIKOP,40,PQ,4A,25,4A-SB03,2,1,1.0
C0001945,454549_F049,forecast_fallback,454549,OF,SIKOP,40,HQ,3A,57,3A-SB04,2,1,0.0
C0001946,453250_S016,document,453250,OF,USNW2,40,HQ,6A,25,6A-SB02,1,1,0.0
C0001947,453250_S017,document,453250,OF,USNW2,40,HQ,6A,25,6A-SB02,1,1,0.0
C0001948,453356_F034,forecast_fallback,453356,OF,USSAV,45,HQ,3A,05,3A-SB01,2,1,0.0
C0001949,453356_F017,forecast_fallback,453356,OF,MXLZC,20,PQ,28,45,28-SB02,10,2,1.0
C0001950,453356_F017,forecast_fallback,453356,OF,MXLZC,20,PQ,29,51,29-SB05,12,3,1.0
C0001951,453356_F017,forecast_fallback,453356,OF,MXLZC,20,PQ,28,51,28-SB02,5,1,1.0
C0001952,453308_S007,document,453308,OF,ESVLC,20,PQ,6A,11,6A-SB01,9,3,0.0
C0001953,453308_S007,document,453308,OF,ESVLC,20,PQ,6A,63,6A-SB05,16,4,0.0
C0001954,453356_F026,forecast_fallback,453356,OF,USNYC,20,PQ,2A,31,2A-SB03,20,4,0.0
C0001955,453388_S004,document,453388,OF,CAVA3,20,HQ,2B,37,2B-SB03,18,4,1.0
C0001956,453388_S010,document,453388,OF,CAVA3,20,PQ,2B,59,,10,2,7.0
C0001957,453388_S010,document,453388,OF,CAVA3,20,PQ,2B,57,,5,1,7.0
C0001958,453308_S017,document,453308,OF,MYTPP,20,PQ,29,31,29-SB03,5,1,0.0
C0001959,453308_S017,document,453308,OF,MYTPP,20,PQ,6A,11,6A-SB01,2,1,1.0
C0001960,453308_S017,document,453308,OF,MYTPP,20,PQ,6A,63,6A-SB05,4,1,1.0
C0001961,453356_F029,forecast_fallback,453356,OF,USSA3,20,PQ,2A,05,2A-SB01,13,3,1.0
C0001962,454585_F058,forecast_fallback,454585,OF,PTSIE,20,PQ,5A,17,5A-SB02,5,1,1.0
C0001963,453308_S003,document,453308,OF,ESBCN,20,PQ,6A,11,6A-SB01,1,1,1.0
C0001964,454585_F059,forecast_fallback,454585,OF,PTVSI,20,PQ,5A,17,5A-SB02,10,2,1.0
C0001965,453388_S001,document,453388,OF,CAVA2,20,PQ,2B,57,,4,1,7.0
C0001966,453388_S002,document,453388,OF,CAVA2,20,PQ,2B,57,,9,2,7.0
C0001967,453388_S022,document,453388,OF,USTW2,20,PQ,2B,31,2B-SB02,8,2,1.0
C0001968,453308_S016,document,453308,OF,MYTPP,20,PQ,6A,63,6A-SB05,1,1,1.0
C0001969,453388_S013,document,453388,OF,CAVAN,20,PQ,2B,57,,5,1,7.0
C0001970,453388_S023,document,453388,OF,USTW2,20,PQ,2B,59,,5,1,7.0
C0001971,453388_S023,document,453388,OF,USTW2,20,PQ,2B,31,2B-SB02,1,1,1.0
C0001972,453388_S006,document,453388,OF,CAVA3,20,PQ,2B,21,2B-SB02,4,1,1.0
C0001973,453388_S006,document,453388,OF,CAVA3,20,PQ,2B,23,2B-SB02,1,1,1.0
C0001974,453388_S008,document,453388,OF,CAVA3,20,PQ,2B,23,2B-SB02,3,1,1.0
C0001975,453388_S008,document,453388,OF,CAVA3,20,PQ,2B,31,2B-SB02,2,1,1.0
C0001976,453396_S004,document,453396,OF,DEWVN,20,PQ,8A,59,8A-SB05,5,2,0.0
C0001977,453416_S008,document,453416,OF,HRRJK,20,PQ,5A,19,5A-SB02,3,1,1.0
C0001978,453356_S003,document,453356,OF,USSAV,20,PQ,28,51,28-SB02,4,1,1.0
C0001979,453388_S019,document,453388,OF,USTIW,20,PQ,4B,13,4B-SB02,4,1,1.0
C0001980,453388_S017,document,453388,OF,USTIW,20,PQ,4B,13,4B-SB02,3,1,1.0
C0001981,453396_S005,document,453396,OF,DEWVN,20,PQ,8A,59,8A-SB05,3,1,0.0
C0001982,453396_S007,document,453396,OF,MAPTM,20,PQ,8A,57,8A-SB05,3,1,0.0
C0001983,453416_S001,document,453416,OF,EGPSD,20,PQ,5A,15,5A-SB02,2,1,1.0
C0001984,453416_S001,document,453416,OF,EGPSD,20,PQ,5A,17,5A-SB02,1,1,1.0
C0001985,453416_S005,document,453416,OF,HRRJK,20,PQ,5A,17,5A-SB02,3,1,1.0
C0001986,454549_S004,document,454549,OF,SGSIN,20,PQ,49,11,49-SB01,2,1,1.0
C0001987,453308_S005,document,453308,OF,ESVLC,20,PQ,29,31,29-SB03,2,1,1.0
C0001988,453356_S002,document,453356,OF,USCHS,20,PQ,29,31,29-SB03,2,1,1.0
C0001989,453388_S003,document,453388,OF,CAVA2,20,PQ,4B,13,4B-SB02,2,1,1.0
C0001990,453388_S005,document,453388,OF,CAVA3,20,HQ,2B,37,2B-SB03,2,1,1.0
C0001991,453388_S007,document,453388,OF,CAVA3,20,PQ,2B,31,2B-SB02,2,1,1.0
C0001992,453388_S011,document,453388,OF,CAVAN,20,PQ,4B,15,4B-SB02,2,1,0.0
C0001993,453388_S015,document,453388,OF,CAVAN,20,PQ,4B,15,4B-SB02,2,1,0.0
C0001994,453388_S018,document,453388,OF,USTIW,20,PQ,4B,13,4B-SB02,2,1,1.0
C0001995,453396_S003,document,453396,OF,DEWVN,20,PQ,8A,59,8A-SB05,1,1,0.0
C0001996,453416_S006,document,453416,OF,HRRJK,20,PQ,5A,17,5A-SB02,2,1,1.0
C0001997,453416_S015,document,453416,OF,SIKOP,20,PQ,5A,19,5A-SB02,1,1,1.0
C0001998,453416_S017,document,453416,OF,SIKOP,20,PQ,5A,19,5A-SB02,2,1,1.0
C0001999,454585_S004,document,454585,OF,ESBCN,20,PQ,69,15,69-SB02,2,1,0.0
C0002000,453250_S006,document,453250,OF,USORF,20,PQ,5B,19,,1,1,6.0
C0002001,453250_S007,document,453250,OF,USORF,20,PQ,5B,19,,1,1,6.0
C0002002,453308_S006,document,453308,OF,ESVLC,20,PQ,29,31,29-SB03,1,1,1.0
C0002003,453356_S001,document,453356,OF,USCHS,20,PQ,28,21,28-SB01,1,1,1.0
C0002004,453388_S012,document,453388,OF,CAVAN,20,PQ,4B,15,4B-SB02,1,1,0.0
C0002005,453388_S016,document,453388,OF,KRPUS,20,PQ,2B,29,2B-SB02,1,1,0.0
C0002006,453388_S020,document,453388,OF,USTW2,20,PQ,4B,13,4B-SB02,1,1,1.0
C0002007,453388_S021,document,453388,OF,USTW2,20,PQ,4B,13,4B-SB02,1,1,1.0
C0002008,453396_F036,forecast_fallback,453396,OF,GBLGP,20,PQ,8A,59,8A-SB05,1,1,1.0
C0002009,453396_S001,document,453396,OF,DEBRV,20,PQ,8A,59,8A-SB05,1,1,1.0
C0002010,453396_S008,document,453396,OF,MYTPP,20,PQ,8A,11,8A-SB01,1,1,0.0
C0002011,453396_S009,document,453396,OF,MYTPP,20,PQ,8A,11,8A-SB01,1,1,0.0
C0002012,453416_S004,document,453416,OF,EGPSD,20,PQ,5A,17,5A-SB02,1,1,1.0
C0002013,453416_S007,document,453416,OF,HRRJK,20,PQ,5A,17,5A-SB02,1,1,1.0
C0002014,454549_S003,document,454549,OF,SGSIN,20,PQ,49,09,49-SB01,1,1,1.0
C0002015,454549_S005,document,454549,OF,SGSIN,20,PQ,49,09,49-SB01,1,1,1.0
C0002016,454549_S006,document,454549,OF,TRALI,20,PQ,1A,25,,1,1,7.0
C0002017,454585_S001,document,454585,OF,ESBC1,20,PQ,69,05,69-SB01,1,1,0.0
C0002018,454585_S002,document,454585,OF,ESBC1,20,PQ,69,05,69-SB01,1,1,0.0
C0002019,454585_S003,document,454585,OF,ESBCN,20,PQ,69,15,69-SB02,1,1,0.0
C0002020,454585_S005,document,454585,OF,ESVL3,20,PQ,69,15,69-SB02,1,1,0.0
C0002021,454585_S008,document,454585,OF,ITGIT,20,PQ,69,33,69-SB03,1,1,0.0
C0002022,453250_F005,forecast_fallback,453250,OF,USNYC,40,HQ,5B,53,5B-SB04,12,3,1.0
C0002023,453250_F005,forecast_fallback,453250,OF,USNYC,40,HQ,5B,49,5B-SB04,9,2,1.0
C0002024,453396_F037,forecast_fallback,453396,OF,GBLGP,40,HQ,89,33,89-SB02,3,1,1.0
C0002025,453250_F006,forecast_fallback,453250,OF,USORF,40,HQ,5B,49,5B-SB04,17,4,1.0
C0002026,453250_F006,forecast_fallback,453250,OF,USORF,40,HQ,5B,09,5B-SB01,3,1,1.0
C0002027,453250_F006,forecast_fallback,453250,OF,USORF,40,HQ,5B,01,5B-SB01,3,1,1.0
C0002028,453250_F002,forecast_fallback,453250,OF,COCTG,40,HQ,5B,01,5B-SB01,10,2,1.0
C0002029,453388_S042,document,453388,OF,CAVAN,40,HQ,4B,21,4B-SB02,10,2,1.0
C0002030,453388_S042,document,453388,OF,CAVAN,40,HQ,4B,01,4B-SB01,5,1,1.0
C0002031,453388_S054,document,453388,OF,USTIW,40,HQ,4B,25,4B-SB03,7,2,1.0
C0002032,453388_S065,document,453388,OF,USTW2,40,HQ,4B,25,4B-SB03,9,2,1.0
C0002033,453388_S067,document,453388,OF,USTW2,40,HQ,4B,25,4B-SB03,10,2,1.0
C0002034,453388_S067,document,453388,OF,USTW2,40,HQ,4B,37,4B-SB04,5,1,1.0
C0002035,453250_F004,forecast_fallback,453250,OF,USNWK,40,HQ,5B,01,5B-SB01,13,3,1.0
C0002036,453388_S066,document,453388,OF,USTW2,40,HQ,4B,37,4B-SB04,14,3,1.0
C0002037,453388_S045,document,453388,OF,CAVAN,40,HQ,4B,37,4B-SB04,7,2,1.0
C0002038,453388_S045,document,453388,OF,CAVAN,40,HQ,4B,41,4B-SB04,6,2,1.0
C0002039,453416_S021,document,453416,OF,EGPSD,40,HQ,38,53,38-SB03,2,1,0.0
C0002040,453388_S032,document,453388,OF,CAVA3,40,HQ,4B,01,4B-SB01,1,1,1.0
C0002041,453388_S032,document,453388,OF,CAVA3,40,HQ,4B,21,4B-SB02,1,1,1.0
C0002042,453388_S032,document,453388,OF,CAVA3,40,HQ,4B,41,4B-SB04,10,2,1.0
C0002043,453388_S055,document,453388,OF,USTIW,40,HQ,4B,41,4B-SB04,10,2,1.0
C0002044,453388_S055,document,453388,OF,USTIW,40,HQ,4B,45,4B-SB04,2,1,1.0
C0002045,453416_S040,document,453416,OF,MYTPP,40,HQ,38,09,38-SB01,2,1,0.0
C0002046,453416_S040,document,453416,OF,MYTPP,40,HQ,38,53,38-SB03,1,1,0.0
C0002047,453250_S013,document,453250,OF,KRPUS,40,HQ,49,33,49-SB03,4,1,1.0
C0002048,453250_S013,document,453250,OF,KRPUS,40,HQ,5B,37,5B-SB03,7,2,1.0
C0002049,453324_F009,forecast_fallback,453324,OF,USOAK,40,HQ,28,01,,2,1,6.0
C0002050,453388_S026,document,453388,OF,CAVA2,40,HQ,4B,09,4B-SB01,1,1,1.0
C0002051,453388_S026,document,453388,OF,CAVA2,40,HQ,4B,45,4B-SB04,10,2,1.0
C0002052,453388_S051,document,453388,OF,USTIW,40,HQ,4B,45,4B-SB04,11,3,1.0
C0002053,453388_S025,document,453388,OF,CAVA2,40,HQ,4B,45,4B-SB04,3,1,1.0
C0002054,453388_S025,document,453388,OF,CAVA2,40,HQ,4B,49,4B-SB05,5,1,1.0
C0002055,453388_S059,document,453388,OF,USTW1,40,HQ,4B,49,4B-SB05,8,2,1.0
C0002056,453388_S044,document,453388,OF,CAVAN,40,HQ,4B,49,4B-SB05,7,2,1.0
C0002057,454585_S023,document,454585,OF,ESVLC,40,HQ,8A,25,8A-SB03,2,1,0.0
C0002058,454585_S023,document,454585,OF,ESVLC,40,HQ,8A,49,8A-SB05,2,1,0.0
C0002059,453250_S012,document,453250,OF,KRPUS,40,HQ,5B,41,5B-SB03,6,3,0.0
C0002060,453308_F008,forecast_fallback,453308,OF,MAMED,40,HQ,89,53,89-SB04,2,1,0.0
C0002061,453250_S010,document,453250,OF,KRPUS,40,HQ,5B,37,5B-SB03,1,1,1.0
C0002062,453250_S010,document,453250,OF,KRPUS,40,HQ,5B,09,5B-SB01,4,2,1.0
C0002063,453388_S046,document,453388,OF,CAVAN,40,HQ,4B,49,4B-SB05,4,1,1.0
C0002064,453388_S046,document,453388,OF,CAVAN,40,HQ,4B,57,4B-SB05,1,1,1.0
C0002065,453388_S060,document,453388,OF,USTW1,40,HQ,4B,57,4B-SB05,5,1,1.0
C0002066,453396_S020,document,453396,OF,MYTPP,40,HQ,89,53,89-SB04,5,2,0.0
C0002067,453250_S011,document,453250,OF,KRPUS,40,HQ,5B,09,5B-SB01,2,1,1.0
C0002068,453250_S021,document,453250,OF,USNYC,40,HQ,2A,33,2A-SB03,3,1,1.0
C0002069,453250_S021,document,453250,OF,USNYC,40,HQ,5B,37,5B-SB03,1,1,0.0
C0002070,453388_S024,document,453388,OF,CAVA2,40,HQ,4B,57,4B-SB05,4,1,1.0
C0002071,453388_S028,document,453388,OF,CAVA2,40,HQ,4B,57,4B-SB05,4,1,1.0
C0002072,453388_S043,document,453388,OF,CAVAN,40,HQ,4B,57,4B-SB05,4,1,1.0
C0002073,453396_S018,document,453396,OF,MYTPP,40,HQ,89,53,89-SB04,2,1,0.0
C0002074,454585_S032,document,454585,OF,ITGIT,40,HQ,8A,17,8A-SB02,2,1,0.0
C0002075,453324_S003,document,453324,OF,USLAX,40,HQ,28,01,,1,1,6.0
C0002076,453324_S005,document,453324,OF,USLAX,40,HQ,28,01,,3,1,6.0
C0002077,453388_S037,document,453388,OF,CAVA3,40,HQ,4B,57,4B-SB05,3,1,1.0
C0002078,453388_S058,document,453388,OF,USTW1,40,HQ,4B,57,4B-SB05,3,1,1.0
C0002079,453412_S036,document,453412,OF,NLRTM,40,HQ,6B,09,6B-SB01,3,1,1.0
C0002080,454585_S009,document,454585,OF,DZAAE,40,HQ,8A,17,8A-SB02,2,1,0.0
C0002081,454585_S011,document,454585,OF,ESBC1,40,HQ,69,09,69-SB01,3,1,0.0
C0002082,454585_S018,document,454585,OF,ESVL3,40,HQ,8A,29,8A-SB03,1,1,0.0
C0002083,454585_S033,document,454585,OF,ITGIT,40,HQ,69,17,69-SB02,1,1,0.0
C0002084,453388_S061,document,453388,OF,USTW1,40,HQ,4B,57,4B-SB05,1,1,1.0
C0002085,453412_S011,document,453412,OF,BEANR,40,HQ,6B,13,6B-SB02,1,1,5.0
C0002086,453412_S011,document,453412,OF,BEANR,40,HQ,6B,33,6B-SB03,1,1,1.0
C0002087,453412_S031,document,453412,OF,NLR10,40,HQ,6B,33,6B-SB03,2,1,1.0
C0002088,454585_S019,document,454585,OF,ESVL3,40,HQ,8A,29,8A-SB03,2,1,0.0
C0002089,454585_S020,document,454585,OF,ESVL3,40,HQ,8A,29,8A-SB03,2,1,0.0
C0002090,454585_S039,document,454585,OF,ZZOPT,40,HQ,8A,29,8A-SB03,2,1,0.0
C0002091,454585_S041,document,454585,OF,ZZOPT,40,HQ,8A,29,8A-SB03,1,1,0.0
C0002092,453308_S029,document,453308,OF,MAMED,40,HQ,89,33,89-SB02,1,1,0.0
C0002093,453324_S004,document,453324,OF,USLAX,40,HQ,28,01,,1,1,6.0
C0002094,453324_S007,document,453324,OF,USLSA,40,HQ,28,33,,1,1,6.0
C0002095,453324_S008,document,453324,OF,USLSA,40,HQ,28,33,,1,1,6.0
C0002096,453412_S013,document,453412,OF,BEANR,40,HQ,6B,33,6B-SB03,1,1,1.0
C0002097,453412_S014,document,453412,OF,BEANR,40,HQ,6B,33,6B-SB03,1,1,1.0
C0002098,453412_S020,document,453412,OF,DEHAM,40,HQ,6B,33,6B-SB03,1,1,1.0
C0002099,453412_S022,document,453412,OF,GBLGP,40,HQ,6B,33,6B-SB03,1,1,1.0
C0002100,453412_S032,document,453412,OF,NLR10,40,HQ,6B,33,6B-SB03,1,1,1.0
C0002101,454585_S010,document,454585,OF,ESBC1,40,HQ,69,09,69-SB01,1,1,0.0
C0002102,454585_S034,document,454585,OF,MACAS,40,HQ,8A,13,8A-SB02,1,1,0.0
C0002103,453308_S003,document,453308,OF,ESBCN,20,PQ,1A,25,,1,1,7.0
C0002104,453308_S016,document,453308,OF,MYTPP,20,PQ,7A,53,,3,1,6.0
C0002105,453308_S016,document,453308,OF,MYTPP,20,PQ,1A,55,,3,1,7.0
C0002106,453308_S002,document,453308,OF,ESBCN,20,PQ,1A,55,,5,1,7.0
C0002107,453308_S004,document,453308,OF,ESBCN,20,PQ,1A,55,,5,1,7.0
C0002108,453308_S011,document,453308,OF,ITGOA,20,PQ,1A,55,,4,1,7.0
C0002109,453308_S009,document,453308,OF,ITGOA,20,PQ,1A,55,,2,1,7.0
C0002110,453308_S013,document,453308,OF,MAMED,20,PQ,1A,55,,2,1,7.0
C0002111,453308_S014,document,453308,OF,MYTPP,20,PQ,1A,55,,2,1,7.0
C0002112,453308_S015,document,453308,OF,MYTPP,20,PQ,1A,53,1A-SB04,2,1,0.0
C0002113,453396_S003,document,453396,OF,DEWVN,20,PQ,6B,57,6B-SB04,1,1,0.0
C0002114,453308_F007,forecast_fallback,453308,OF,MAMED,20,PQ,1A,55,,1,1,7.0
C0002115,453308_S001,document,453308,OF,ESBCN,20,PQ,1A,35,1A-SB03,1,1,1.0
C0002116,453308_S008,document,453308,OF,ITGOA,20,PQ,1A,55,,1,1,7.0
C0002117,453352_F011,forecast_fallback,453352,OF,JPNGO,20,HQ,5A,69,5A-SB06,1,1,1.0
C0002118,453352_F014,forecast_fallback,453352,OF,JPUKB,20,HQ,5A,69,5A-SB06,1,1,1.0
C0002119,453396_S002,document,453396,OF,DEWVN,20,PQ,6B,57,6B-SB04,1,1,0.0
C0002120,453396_S006,document,453396,OF,MAPTM,20,PQ,6B,23,6B-SB02,1,1,1.0
C0002121,453352_F016,forecast_fallback,453352,OF,JPUKB,40,HQ,6B,65,6B-SB04,16,4,1.0
C0002122,453352_F016,forecast_fallback,453352,OF,JPUKB,40,HQ,6B,13,6B-SB02,1,1,5.0
C0002123,453352_F016,forecast_fallback,453352,OF,JPUKB,40,HQ,6B,33,6B-SB03,5,1,1.0
C0002124,453396_F037,forecast_fallback,453396,OF,GBLGP,40,HQ,6B,33,6B-SB03,4,1,1.0
C0002125,453396_S011,document,453396,OF,DEBRV,40,HQ,38,09,38-SB01,3,1,0.0
C0002126,454710_S017,document,454710,OF,ITGOA,40,HQ,38,21,,2,1,6.0
C0002127,454710_S017,document,454710,OF,ITGOA,40,HQ,6A,33,6A-SB03,1,1,0.0
C0002128,453416_S045,document,453416,OF,SIKOP,40,HQ,3A,37,3A-SB03,1,1,0.0
C0002129,453396_S021,document,453396,OF,MYTPP,40,PQ,4A,13,4A-SB02,3,1,1.0
C0002130,453250_S011,document,453250,OF,KRPUS,40,HQ,2B,61,,2,1,6.0
C0002131,453250_S018,document,453250,OF,USNWK,40,HQ,38,21,,3,1,6.0
C0002132,453396_S013,document,453396,OF,DEWVN,40,HQ,6B,45,,4,1,6.0
C0002133,453250_F001,forecast_fallback,453250,OF,CAVA3,40,HQ,38,33,38-SB02,2,1,0.0
C0002134,453250_S014,document,453250,OF,KRPUS,40,HQ,2B,61,,2,1,6.0
C0002135,453250_S015,document,453250,OF,KRPUS,40,HQ,69,09,69-SB01,2,1,0.0
C0002136,453250_S022,document,453250,OF,USNYC,40,HQ,28,37,,2,1,6.0
C0002137,453250_S023,document,453250,OF,USNYC,40,HQ,28,17,28-SB01,2,1,0.0
C0002138,453396_S012,document,453396,OF,DEWVN,40,HQ,6B,45,,2,1,6.0
C0002139,453396_S017,document,453396,OF,MATAT,40,HQ,6B,69,,2,1,6.0
C0002140,453396_S014,document,453396,OF,DEWVN,40,HQ,6B,45,,1,1,6.0
C0002141,453396_S015,document,453396,OF,MAPTM,40,HQ,6B,49,,1,1,6.0
C0002142,453396_S016,document,453396,OF,MAPTM,40,HQ,6B,49,,1,1,6.0
C0002143,453396_S022,document,453396,OF,NLRTM,40,HQ,6B,25,6B-SB03,1,1,0.0
C0002144,453352_F016,forecast_fallback,453352,OF,JPUKB,40,HQ,2C,61,,10,2,7.0
C0002145,453352_F016,forecast_fallback,453352,OF,JPUKB,40,HQ,2C,49,2C-SB05,5,1,1.0
C0002146,453352_F016,forecast_fallback,453352,OF,JPUKB,40,HQ,2C,53,2C-SB05,13,3,1.0
C0002147,453352_F016,forecast_fallback,453352,OF,JPUKB,40,HQ,2C,57,2C-SB05,13,3,1.0
C0002148,453352_F016,forecast_fallback,453352,OF,JPUKB,40,HQ,2C,13,2C-SB02,9,2,1.0
C0002149,453352_F016,forecast_fallback,453352,OF,JPUKB,40,HQ,2C,25,2C-SB03,10,2,1.0
C0002150,454549_F046,forecast_fallback,454549,OF,ILHFA,40,HQ,5F,61,,12,3,7.0
C0002151,454549_F046,forecast_fallback,454549,OF,ILHFA,40,HQ,5F,13,5F-SB01,2,1,1.0
C0002152,454549_F047,forecast_fallback,454549,OF,ITTRS,40,HQ,2K,09,,12,4,7.0
C0002153,454549_F047,forecast_fallback,454549,OF,ITTRS,40,HQ,2K,41,2K-SB03,3,1,1.0
C0002154,454549_F047,forecast_fallback,454549,OF,ITTRS,40,HQ,2K,49,2K-SB03,3,1,1.0
C0002155,454549_F047,forecast_fallback,454549,OF,ITTRS,40,HQ,2K,53,,12,4,7.0
C0002156,454549_F047,forecast_fallback,454549,OF,ITTRS,40,HQ,2K,17,2K-SB01,6,2,1.0
C0002157,454549_F047,forecast_fallback,454549,OF,ITTRS,40,HQ,2K,21,2K-SB01,9,3,1.0
C0002158,454549_F047,forecast_fallback,454549,OF,ITTRS,40,HQ,2K,25,2K-SB01,8,3,1.0
C0002159,453356_F018,forecast_fallback,453356,OF,MXLZC,40,HQ,1B,49,,1,1,7.0
C0002160,453356_F019,forecast_fallback,453356,OF,MXLZC,40,PQ,3D,13,3D-SB01,12,3,1.0
C0002161,453356_F019,forecast_fallback,453356,OF,MXLZC,40,PQ,3D,61,3D-SB05,8,2,1.0
C0002162,453356_F019,forecast_fallback,453356,OF,MXLZC,40,PQ,3D,05,3D-SB01,19,5,1.0
C0002163,453396_F037,forecast_fallback,453396,OF,GBLGP,40,HQ,E9,95,,12,3,7.0
C0002164,453396_F037,forecast_fallback,453396,OF,GBLGP,40,HQ,E9,15,E9-SB01,2,1,1.0
C0002165,453352_F013,forecast_fallback,453352,OF,JPNGO,40,HQ,E9,95,,12,3,7.0
C0002166,453352_F013,forecast_fallback,453352,OF,JPNGO,40,HQ,E9,67,E9-SB06,3,1,1.0
C0002167,453352_F013,forecast_fallback,453352,OF,JPNGO,40,HQ,E9,15,E9-SB01,4,1,1.0
C0002168,453352_F013,forecast_fallback,453352,OF,JPNGO,40,HQ,E9,51,E9-SB04,2,1,1.0
C0002169,453356_F032,forecast_fallback,453356,OF,USSAV,40,HQ,E7,91,,10,5,6.0
C0002170,453356_F032,forecast_fallback,453356,OF,USSAV,40,HQ,E7,87,E7-SB06,8,4,0.0
C0002171,453356_F033,forecast_fallback,453356,OF,USSAV,40,PQ,E7,31,E7-SB03,14,7,1.0
C0002172,453356_F033,forecast_fallback,453356,OF,USSAV,40,PQ,E7,35,E7-SB03,6,3,1.0
C0002173,453396_S011,document,453396,OF,DEBRV,40,HQ,1C,53,,16,4,7.0
C0002174,453416_S028,document,453416,OF,HRRJK,40,HQ,1C,53,,10,2,7.0
C0002175,453356_F022,forecast_fallback,453356,OF,USCHS,40,HQ,ED,95,,12,3,6.0
C0002176,453356_F023,forecast_fallback,453356,OF,USCHS,40,PQ,ED,11,ED-SB01,13,4,1.0
C0002177,453416_S021,document,453416,OF,EGPSD,40,HQ,4J,61,,11,3,7.0
C0002178,453416_S023,document,453416,OF,EGPSD,40,HQ,4J,61,,13,3,7.0
C0002179,453416_S029,document,453416,OF,HRRJK,40,HQ,2K,05,,12,4,7.0
C0002180,453416_S040,document,453416,OF,MYTPP,40,HQ,5E,01,5E-SB01,9,3,0.0
C0002181,453324_F009,forecast_fallback,453324,OF,USOAK,40,HQ,4J,61,,1,1,7.0
C0002182,453416_S027,document,453416,OF,HRRJK,40,HQ,2K,53,,2,1,7.0
C0002183,453416_S027,document,453416,OF,HRRJK,40,HQ,2K,05,,3,1,7.0
C0002184,453416_S027,document,453416,OF,HRRJK,40,HQ,2K,21,2K-SB01,1,1,1.0
C0002185,453416_S027,document,453416,OF,HRRJK,40,HQ,2K,17,2K-SB01,3,1,1.0
C0002186,453416_S031,document,453416,OF,HRRJK,40,HQ,2K,17,2K-SB01,3,1,1.0
C0002187,453416_S031,document,453416,OF,HRRJK,40,HQ,2K,25,2K-SB01,4,2,1.0
C0002188,453416_S031,document,453416,OF,HRRJK,40,HQ,2K,37,2K-SB02,2,1,1.0
C0002189,453416_S039,document,453416,OF,MYTPP,40,HQ,5E,01,5E-SB01,4,1,0.0
C0002190,453416_S039,document,453416,OF,MYTPP,40,HQ,5F,49,5F-SB04,5,1,0.0
C0002191,454549_F051,forecast_fallback,454549,OF,TRISK,40,HQ,6C,57,,5,2,7.0
C0002192,454710_S017,document,454710,OF,ITGOA,40,HQ,5C,13,,6,2,6.0
C0002193,453416_S045,document,453416,OF,SIKOP,40,HQ,EB,93,,7,4,6.0
C0002194,454585_S035,document,454585,OF,ZZOP1,40,HQ,1K,41,,8,3,7.0
C0002195,454585_S038,document,454585,OF,ZZOPT,40,HQ,AC,23,,1,1,7.0
C0002196,454585_S038,document,454585,OF,ZZOPT,40,HQ,ED,95,,1,1,7.0
C0002197,454585_S038,document,454585,OF,ZZOPT,40,HQ,ED,91,,2,1,7.0
C0002198,454585_S038,document,454585,OF,ZZOPT,40,HQ,ED,23,ED-SB02,1,1,1.0
C0002199,454549_F045,forecast_fallback,454549,OF,HRRJK,40,HQ,5C,13,,4,1,7.0
C0002200,454585_S023,document,454585,OF,ESVLC,40,HQ,1K,41,,2,1,7.0
C0002201,454710_S026,document,454710,OF,ITNAP,40,HQ,E1,95,,7,4,7.0
C0002202,453308_F008,forecast_fallback,453308,OF,MAMED,40,HQ,EE,95,,1,1,7.0
C0002203,453308_F008,forecast_fallback,453308,OF,MAMED,40,HQ,EE,91,,2,1,7.0
C0002204,453356_F030,forecast_fallback,453356,OF,USSA3,40,PQ,3D,09,3D-SB01,6,2,1.0
C0002205,454585_S017,document,454585,OF,ESBCN,40,HQ,AB,57,,4,2,6.0
C0002206,454710_S032,document,454710,OF,ITNAP,40,PQ,5C,05,5C-SB01,6,2,1.0
C0002207,453396_S021,document,453396,OF,MYTPP,40,PQ,1K,05,1K-SB01,2,1,1.0
C0002208,454585_S014,document,454585,OF,ESBCN,40,HQ,AB,09,AB-SB01,5,2,0.0
C0002209,454585_S036,document,454585,OF,ZZOP1,40,HQ,1K,09,1K-SB01,5,2,0.0
C0002210,454710_S019,document,454710,OF,ITGOA,40,HQ,5C,01,5C-SB01,5,1,1.0
C0002211,454710_S020,document,454710,OF,ITGOA,40,HQ,5C,17,,3,1,6.0
C0002212,454710_S020,document,454710,OF,ITGOA,40,HQ,5C,09,5C-SB01,1,1,1.0
C0002213,454710_S020,document,454710,OF,ITGOA,40,HQ,5C,01,5C-SB01,1,1,1.0
C0002214,454710_S021,document,454710,OF,ITGOA,40,HQ,5C,01,5C-SB01,5,1,1.0
C0002215,453250_S018,document,453250,OF,USNWK,40,HQ,E9,91,,1,1,6.0
C0002216,453308_S018,document,453308,OF,ESBCN,40,HQ,EE,91,,4,1,7.0
C0002217,453324_F010,forecast_fallback,453324,OF,USOAK,40,PQ,4J,01,4J-SB01,4,1,1.0
C0002218,453352_S003,document,453352,OF,JPNGO,40,HQ,E9,51,E9-SB04,4,2,1.0
C0002219,453396_S018,document,453396,OF,MYTPP,40,HQ,EE,11,EE-SB01,2,1,1.0
C0002220,453416_S046,document,453416,OF,SIKOP,40,HQ,EB,97,,4,1,6.0
C0002221,454585_S024,document,454585,OF,ESVLC,40,HQ,1K,13,1K-SB01,4,2,1.0
C0002222,454585_S032,document,454585,OF,ITGIT,40,HQ,1K,41,,1,1,7.0
C0002223,454710_S027,document,454710,OF,ITNAP,40,HQ,5C,01,5C-SB01,4,1,1.0
C0002224,454710_S028,document,454710,OF,ITNAP,40,HQ,E1,95,,4,2,7.0
C0002225,454710_S030,document,454710,OF,ITNAP,40,HQ,E1,95,,4,2,7.0
C0002226,453308_S022,document,453308,OF,ESVLC,40,HQ,EE,91,,2,1,7.0
C0002227,453356_F028,forecast_fallback,453356,OF,USNYC,40,PQ,3D,05,3D-SB01,2,1,1.0
C0002228,453356_F028,forecast_fallback,453356,OF,USNYC,40,PQ,3D,09,3D-SB01,1,1,1.0
C0002229,453396_F038,forecast_fallback,453396,OF,GBLGP,40,PQ,1K,05,1K-SB01,3,1,1.0
C0002230,453416_S032,document,453416,OF,HRRJK,40,HQ,2K,37,2K-SB02,3,1,1.0
C0002231,453416_S038,document,453416,OF,MYTPP,40,HQ,5F,49,5F-SB04,3,1,0.0
C0002232,454585_S009,document,454585,OF,DZAAE,40,HQ,1K,41,,1,1,7.0
C0002233,454585_S033,document,454585,OF,ITGIT,40,HQ,1K,13,1K-SB01,2,1,0.0
C0002234,454710_S031,document,454710,OF,ITNAP,40,PQ,5C,05,5C-SB01,3,1,1.0
C0002235,454710_S034,document,454710,OF,ITSPE,40,HQ,E1,95,,2,1,7.0
C0002236,453308_S026,document,453308,OF,ITGOA,40,PQ,EE,19,EE-SB02,2,1,1.0
C0002237,453308_S032,document,453308,OF,MYTPP,40,HQ,EE,91,,2,1,7.0
C0002238,453308_S033,document,453308,OF,MYTPP,40,HQ,EE,91,,2,1,7.0
C0002239,453308_S034,document,453308,OF,MYTPP,40,HQ,EE,91,,2,1,7.0
C0002240,453324_S006,document,453324,OF,USLAX,40,PQ,4J,01,4J-SB01,2,1,1.0
C0002241,453352_S004,document,453352,OF,JPNGO,40,HQ,E9,51,E9-SB04,2,1,1.0
C0002242,453352_S005,document,453352,OF,JPUKB,40,HQ,2C,41,2C-SB04,2,1,1.0
C0002243,453388_S056,document,453388,OF,USTIW,40,PQ,3C,05,3C-SB01,2,1,1.0
C0002244,453388_S061,document,453388,OF,USTW1,40,HQ,2D,13,,1,1,7.0
C0002245,453388_S068,document,453388,OF,USTW2,40,PQ,3C,05,3C-SB01,2,1,1.0
C0002246,453412_S021,document,453412,OF,DEHAM,40,PQ,4J,01,4J-SB01,2,1,1.0
C0002247,453412_S039,document,453412,OF,NLRTM,40,PQ,4J,01,4J-SB01,2,1,1.0
C0002248,454549_S008,document,454549,OF,ILHFA,40,HQ,5F,13,5F-SB01,2,1,1.0
C0002249,454585_F057,forecast_fallback,454585,OF,FRLEH,40,PQ,4J,01,4J-SB01,2,1,1.0
C0002250,454585_S025,document,454585,OF,ESVLC,40,HQ,1K,13,1K-SB01,2,1,1.0
C0002251,454585_S026,document,454585,OF,ESVLC,40,HQ,1K,13,1K-SB01,2,1,1.0
C0002252,454585_S041,document,454585,OF,ZZOPT,40,HQ,ED,23,ED-SB02,1,1,1.0
C0002253,454585_S042,document,454585,OF,ZZOPT,40,HQ,ED,23,ED-SB02,2,1,1.0
C0002254,454710_S015,document,454710,OF,ESAGP,40,HQ,1D,49,,2,1,7.0
C0002255,454710_S036,document,454710,OF,ITSPE,40,HQ,E1,47,E1-SB04,2,1,0.0
C0002256,454710_S040,document,454710,OF,ITSPE,40,PQ,5C,05,5C-SB01,2,1,1.0
C0002257,454710_S042,document,454710,OF,SGSIN,40,HQ,E9,95,,2,1,7.0
C0002258,453250_S019,document,453250,OF,USNWK,40,HQ,E9,91,,1,1,6.0
C0002259,453250_S020,document,453250,OF,USNWK,40,HQ,E9,91,,1,1,6.0
C0002260,453250_S024,document,453250,OF,USORF,40,HQ,E9,91,,1,1,6.0
C0002261,453250_S025,document,453250,OF,USORF,40,HQ,E9,91,,1,1,6.0
C0002262,453250_S026,document,453250,OF,USORF,40,HQ,E9,91,,1,1,6.0
C0002263,453308_S019,document,453308,OF,ESBCN,40,HQ,EE,91,,1,1,7.0
C0002264,453308_S020,document,453308,OF,ESVLC,40,HQ,EE,91,,1,1,7.0
C0002265,453308_S021,document,453308,OF,ESVLC,40,HQ,EE,91,,1,1,7.0
C0002266,453308_S027,document,453308,OF,ITSPE,40,HQ,EE,91,,1,1,7.0
C0002267,453308_S028,document,453308,OF,ITSPE,40,PQ,EE,19,EE-SB02,1,1,1.0
C0002268,453308_S030,document,453308,OF,MYTPP,40,HQ,EE,91,,1,1,7.0
C0002269,453308_S031,document,453308,OF,MYTPP,40,HQ,EE,91,,1,1,7.0
C0002270,453324_S009,document,453324,OF,USPS2,40,PQ,4J,01,4J-SB01,1,1,1.0
C0002271,453352_S001,document,453352,OF,JPNGO,40,HQ,E9,51,E9-SB04,1,1,1.0
C0002272,453352_S002,document,453352,OF,JPNGO,40,HQ,E9,63,E9-SB05,1,1,1.0
C0002273,453352_S006,document,453352,OF,JPUKB,40,HQ,2C,41,2C-SB04,1,1,1.0
C0002274,453356_S005,document,453356,OF,USNYC,40,PQ,3D,09,3D-SB01,1,1,1.0
C0002275,453356_S006,document,453356,OF,USSA3,40,PQ,3D,09,3D-SB01,1,1,1.0
C0002276,453388_S031,document,453388,OF,CAVA2,40,PQ,3C,05,3C-SB01,1,1,1.0
C0002277,453388_S040,document,453388,OF,CAVA3,40,PQ,3C,05,3C-SB01,1,1,1.0
C0002278,453388_S049,document,453388,OF,CAVAN,40,PQ,3C,05,3C-SB01,1,1,1.0
C0002279,453388_S057,document,453388,OF,USTIW,40,PQ,3C,05,3C-SB01,1,1,1.0
C0002280,453388_S062,document,453388,OF,USTW1,40,PQ,3C,05,3C-SB01,1,1,1.0
C0002281,453388_S063,document,453388,OF,USTW1,40,PQ,3C,05,3C-SB01,1,1,1.0
C0002282,453388_S069,document,453388,OF,USTW2,40,PQ,3C,05,3C-SB01,1,1,1.0
C0002283,453396_S010,document,453396,OF,DEBRV,40,HQ,1C,01,1C-SB01,1,1,1.0
C0002284,453396_S019,document,453396,OF,MYTPP,40,HQ,EE,11,EE-SB01,1,1,1.0
C0002285,453412_F040,forecast_fallback,453412,OF,DEWVN,40,PQ,4J,05,4J-SB01,1,1,1.0
C0002286,453412_S029,document,453412,OF,MYTPP,40,PQ,4J,05,4J-SB01,1,1,1.0
C0002287,453412_S030,document,453412,OF,MYTPP,40,PQ,4J,05,4J-SB01,1,1,1.0
C0002288,453412_S038,document,453412,OF,NLRTM,40,PQ,4J,01,4J-SB01,1,1,1.0
C0002289,453416_S026,document,453416,OF,HRRJ3,40,HQ,EB,97,,1,1,7.0
C0002290,453416_S037,document,453416,OF,MYTPP,40,HQ,5F,49,5F-SB04,1,1,0.0
C0002291,454549_F050,forecast_fallback,454549,OF,TRALI,40,HQ,E2,95,,1,1,7.0
C0002292,454549_S007,document,454549,OF,ILHFA,40,HQ,5F,13,5F-SB01,1,1,1.0
C0002293,454549_S009,document,454549,OF,TRALI,40,HQ,E2,95,,1,1,7.0
C0002294,454585_F054,forecast_fallback,454585,OF,DEHAM,40,PQ,1K,05,1K-SB01,1,1,1.0
C0002295,454585_S012,document,454585,OF,ESBC1,40,PQ,1K,05,1K-SB01,1,1,1.0
C0002296,454585_S013,document,454585,OF,ESBCN,40,HQ,AB,09,AB-SB01,1,1,0.0
C0002297,454585_S015,document,454585,OF,ESBCN,40,HQ,AB,13,AB-SB01,1,1,0.0
C0002298,454585_S016,document,454585,OF,ESBCN,40,HQ,AB,13,AB-SB01,1,1,0.0
C0002299,454585_S022,document,454585,OF,ESVL3,40,PQ,1K,05,1K-SB01,1,1,1.0
C0002300,454585_S028,document,454585,OF,FRFOS,40,HQ,ED,91,,1,1,7.0
C0002301,454585_S029,document,454585,OF,FRFOS,40,HQ,ED,91,,1,1,7.0
C0002302,454585_S030,document,454585,OF,FRFOS,40,PQ,ED,11,ED-SB01,1,1,1.0
C0002303,454585_S037,document,454585,OF,ZZOP1,40,HQ,1K,41,,1,1,7.0
C0002304,454585_S040,document,454585,OF,ZZOPT,40,HQ,ED,23,ED-SB02,1,1,1.0
C0002305,454710_S016,document,454710,OF,ESAGP,40,HQ,1D,49,,1,1,7.0
C0002306,454710_S022,document,454710,OF,ITGOA,40,PQ,5C,05,5C-SB01,1,1,1.0
C0002307,454710_S023,document,454710,OF,ITGOA,40,PQ,5C,05,5C-SB01,1,1,1.0
C0002308,454710_S024,document,454710,OF,ITGOA,40,PQ,5C,05,5C-SB01,1,1,1.0
C0002309,454710_S025,document,454710,OF,ITGOA,40,PQ,5C,05,5C-SB01,1,1,1.0
C0002310,454710_S029,document,454710,OF,ITNAP,40,HQ,5C,01,5C-SB01,1,1,1.0
C0002311,454710_S033,document,454710,OF,ITSPE,40,HQ,E1,47,E1-SB04,1,1,0.0
C0002312,454710_S035,document,454710,OF,ITSPE,40,HQ,E1,47,E1-SB04,1,1,0.0
C0002313,454710_S037,document,454710,OF,ITSPE,40,HQ,E1,47,E1-SB04,1,1,0.0
C0002314,454710_S038,document,454710,OF,ITSPE,40,PQ,5C,05,5C-SB01,1,1,1.0
C0002315,454710_S039,document,454710,OF,ITSPE,40,PQ,5C,05,5C-SB01,1,1,1.0
C0002316,454710_S041,document,454710,OF,ITSPE,40,PQ,5C,05,5C-SB01,1,1,1.0
