column_id,group_id,demand_source,voyage_id,flow,port,size,height,area_no,bay_no,six_bay_block_id,quantity,stack_units,intrinsic_cost
C0000001,453388_S070,document,453388,OF,CAVAN,45,HQ,4A,61,,1,1,7.0
C0000002,453388_S070,document,453388,OF,CAVAN,45,HQ,4A,61,,3,1,7.0
C0000003,453388_S070,document,453388,OF,CAVAN,45,HQ,69,01,69-SB01,1,1,1.0
C0000004,453388_S070,document,453388,OF,CAVAN,45,HQ,69,01,69-SB01,3,1,1.0
C0000005,453388_S070,document,453388,OF,CAVAN,45,HQ,69,01,69-SB01,6,2,1.0
C0000006,453388_S071,document,453388,OF,CAVAN,45,HQ,4A,61,,1,1,7.0
C0000007,453388_S071,document,453388,OF,CAVAN,45,HQ,4A,61,,2,1,7.0
C0000008,453388_S071,document,453388,OF,CAVAN,45,HQ,69,01,69-SB01,1,1,1.0
C0000009,453388_S071,document,453388,OF,CAVAN,45,HQ,69,01,69-SB01,2,1,1.0
C0000010,453388_S072,document,453388,OF,CAVAN,45,HQ,4A,61,,1,1,7.0
C0000011,453388_S072,document,453388,OF,CAVAN,45,HQ,69,01,69-SB01,1,1,1.0
C0000012,453388_S009,document,453388,OF,CAVA3,20,PQ,4A,55,4A-SB05,1,1,0.0
C0000013,453388_S009,document,453388,OF,CAVA3,20,PQ,4A,55,4A-SB05,3,3,0.0
C0000014,453388_S009,document,453388,OF,CAVA3,20,PQ,19,15,19-SB01,1,1,1.0
C0000015,453388_S009,document,453388,OF,CAVA3,20,PQ,19,15,19-SB01,12,3,1.0
C0000016,453388_S009,document,453388,OF,CAVA3,20,PQ,19,15,19-SB01,13,3,1.0
C0000017,453388_S009,document,453388,OF,CAVA3,20,PQ,19,15,19-SB01,26,6,1.0
C0000018,453416_S009,document,453416,OF,HRRJK,20,PQ,59,55,59-SB05,1,1,1.0
C0000019,453416_S009,document,453416,OF,HRRJK,20,PQ,59,55,59-SB05,10,2,1.0
C0000020,453416_S009,document,453416,OF,HRRJK,20,PQ,59,55,59-SB05,13,3,1.0
C0000021,453416_S009,document,453416,OF,HRRJK,20,PQ,59,55,59-SB05,26,6,1.0
C0000022,453416_S009,document,453416,OF,HRRJK,20,PQ,5A,05,5A-SB01,1,1,1.0
C0000023,453416_S009,document,453416,OF,HRRJK,20,PQ,5A,05,5A-SB01,10,2,1.0
C0000024,453416_S009,document,453416,OF,HRRJK,20,PQ,5A,05,5A-SB01,13,3,1.0
C0000025,453416_S009,document,453416,OF,HRRJK,20,PQ,5A,05,5A-SB01,26,6,1.0
C0000026,453388_S014,document,453388,OF,CAVAN,20,PQ,4B,15,4B-SB02,1,1,0.0
C0000027,453388_S014,document,453388,OF,CAVAN,20,PQ,4B,15,4B-SB02,9,2,0.0
C0000028,453388_S014,document,453388,OF,CAVAN,20,PQ,4B,15,4B-SB02,12,3,0.0
C0000029,453388_S014,document,453388,OF,CAVAN,20,PQ,4B,15,4B-SB02,25,5,0.0
C0000030,453388_S014,document,453388,OF,CAVAN,20,PQ,4A,53,4A-SB05,1,1,0.0
C0000031,453388_S014,document,453388,OF,CAVAN,20,PQ,4A,53,4A-SB05,3,1,0.0
C0000032,453388_S014,document,453388,OF,CAVAN,20,PQ,4A,53,4A-SB05,4,2,0.0
C0000033,453388_S014,document,453388,OF,CAVAN,20,PQ,4A,53,4A-SB05,6,2,0.0
C0000034,453308_S007,document,453308,OF,ESVLC,20,PQ,6A,63,6A-SB05,1,1,0.0
C0000035,453308_S007,document,453308,OF,ESVLC,20,PQ,6A,63,6A-SB05,4,1,0.0
C0000036,453308_S007,document,453308,OF,ESVLC,20,PQ,6A,63,6A-SB05,11,3,0.0
C0000037,453308_S007,document,453308,OF,ESVLC,20,PQ,6A,63,6A-SB05,23,5,0.0
C0000038,453308_S007,document,453308,OF,ESVLC,20,PQ,6A,11,6A-SB01,1,1,0.0
C0000039,453308_S007,document,453308,OF,ESVLC,20,PQ,6A,11,6A-SB01,4,2,0.0
C0000040,453308_S007,document,453308,OF,ESVLC,20,PQ,6A,11,6A-SB01,9,3,0.0
C0000041,453250_S003,document,453250,OF,KRPUS,20,PQ,29,27,29-SB03,1,1,1.0
C0000042,453250_S003,document,453250,OF,KRPUS,20,PQ,29,27,29-SB03,9,2,1.0
C0000043,453250_S003,document,453250,OF,KRPUS,20,PQ,29,27,29-SB03,19,4,1.0
C0000044,453250_S003,document,453250,OF,KRPUS,20,PQ,29,29,29-SB03,1,1,1.0
C0000045,453250_S003,document,453250,OF,KRPUS,20,PQ,29,29,29-SB03,9,2,1.0
C0000046,453250_S003,document,453250,OF,KRPUS,20,PQ,29,29,29-SB03,19,4,1.0
C0000047,453388_S004,document,453388,OF,CAVA3,20,HQ,19,15,19-SB01,1,1,1.0
C0000048,453388_S004,document,453388,OF,CAVA3,20,HQ,19,15,19-SB01,9,2,1.0
C0000049,453388_S004,document,453388,OF,CAVA3,20,HQ,19,15,19-SB01,18,4,1.0
C0000050,453388_S004,document,453388,OF,CAVA3,20,HQ,19,37,19-SB02,1,1,1.0
C0000051,453388_S004,document,453388,OF,CAVA3,20,HQ,19,37,19-SB02,9,2,1.0
C0000052,453388_S004,document,453388,OF,CAVA3,20,HQ,19,37,19-SB02,18,4,1.0
C0000053,453388_S010,document,453388,OF,CAVA3,20,PQ,4A,55,4A-SB05,1,1,0.0
C0000054,453388_S010,document,453388,OF,CAVA3,20,PQ,4A,55,4A-SB05,3,3,0.0
C0000055,453388_S010,document,453388,OF,CAVA3,20,PQ,19,15,19-SB01,1,1,1.0
C0000056,453388_S010,document,453388,OF,CAVA3,20,PQ,19,15,19-SB01,9,2,1.0
C0000057,453388_S010,document,453388,OF,CAVA3,20,PQ,19,15,19-SB01,18,4,1.0
C0000058,453308_S017,document,453308,OF,MYTPP,20,PQ,89,23,89-SB01,1,1,0.0
C0000059,453308_S017,document,453308,OF,MYTPP,20,PQ,89,23,89-SB01,2,1,0.0
C0000060,453308_S017,document,453308,OF,MYTPP,20,PQ,89,23,89-SB01,3,1,0.0
C0000061,453308_S017,document,453308,OF,MYTPP,20,PQ,89,51,89-SB04,1,1,1.0
C0000062,453308_S017,document,453308,OF,MYTPP,20,PQ,89,51,89-SB04,7,2,1.0
C0000063,453308_S017,document,453308,OF,MYTPP,20,PQ,89,51,89-SB04,14,3,1.0
C0000064,454710_S014,document,454710,OF,SGSIN,20,PQ,8A,05,8A-SB01,1,1,1.0
C0000065,454710_S014,document,454710,OF,SGSIN,20,PQ,8A,05,8A-SB01,6,2,1.0
C0000066,454710_S014,document,454710,OF,SGSIN,20,PQ,8A,05,8A-SB01,12,3,1.0
C0000067,454710_S014,document,454710,OF,SGSIN,20,PQ,8A,33,8A-SB03,1,1,1.0
C0000068,454710_S014,document,454710,OF,SGSIN,20,PQ,8A,33,8A-SB03,6,2,1.0
C0000069,454710_S014,document,454710,OF,SGSIN,20,PQ,8A,33,8A-SB03,12,3,1.0
C0000070,453308_S003,document,453308,OF,ESBCN,20,PQ,89,23,89-SB01,1,1,0.0
C0000071,453308_S003,document,453308,OF,ESBCN,20,PQ,89,23,89-SB01,5,2,0.0
C0000072,453308_S003,document,453308,OF,ESBCN,20,PQ,89,23,89-SB01,11,3,0.0
C0000073,453308_S003,document,453308,OF,ESBCN,20,PQ,89,49,89-SB04,1,1,0.0
C0000074,453416_S002,document,453416,OF,EGPSD,20,PQ,5A,05,5A-SB01,1,1,1.0
C0000075,453416_S002,document,453416,OF,EGPSD,20,PQ,5A,05,5A-SB01,5,1,1.0
C0000076,453416_S002,document,453416,OF,EGPSD,20,PQ,5A,05,5A-SB01,11,3,1.0
C0000077,453416_S002,document,453416,OF,EGPSD,20,PQ,5A,07,5A-SB01,1,1,1.0
C0000078,453416_S002,document,453416,OF,EGPSD,20,PQ,5A,07,5A-SB01,5,1,1.0
C0000079,453416_S002,document,453416,OF,EGPSD,20,PQ,5A,07,5A-SB01,11,3,1.0
C0000080,453388_S001,document,453388,OF,CAVA2,20,PQ,2B,31,2B-SB02,1,1,1.0
C0000081,453388_S001,document,453388,OF,CAVA2,20,PQ,2B,31,2B-SB02,4,1,1.0
C0000082,453388_S001,document,453388,OF,CAVA2,20,PQ,2B,31,2B-SB02,9,2,1.0
C0000083,453388_S001,document,453388,OF,CAVA2,20,PQ,2B,37,2B-SB03,1,1,1.0
C0000084,453388_S001,document,453388,OF,CAVA2,20,PQ,2B,37,2B-SB03,4,1,1.0
C0000085,453388_S001,document,453388,OF,CAVA2,20,PQ,2B,37,2B-SB03,9,2,1.0
C0000086,453388_S002,document,453388,OF,CAVA2,20,PQ,2B,31,2B-SB02,1,1,1.0
C0000087,453388_S002,document,453388,OF,CAVA2,20,PQ,2B,31,2B-SB02,4,1,1.0
C0000088,453388_S002,document,453388,OF,CAVA2,20,PQ,2B,31,2B-SB02,9,2,1.0
C0000089,453388_S002,document,453388,OF,CAVA2,20,PQ,2B,37,2B-SB03,1,1,1.0
C0000090,453388_S002,document,453388,OF,CAVA2,20,PQ,2B,37,2B-SB03,4,1,1.0
C0000091,453388_S002,document,453388,OF,CAVA2,20,PQ,2B,37,2B-SB03,9,2,1.0
C0000092,453388_S022,document,453388,OF,USTW2,20,PQ,2B,31,2B-SB02,1,1,1.0
C0000093,453388_S022,document,453388,OF,USTW2,20,PQ,2B,31,2B-SB02,4,1,1.0
C0000094,453388_S022,document,453388,OF,USTW2,20,PQ,2B,31,2B-SB02,8,2,1.0
C0000095,453388_S022,document,453388,OF,USTW2,20,PQ,2B,37,2B-SB03,1,1,1.0
C0000096,453388_S022,document,453388,OF,USTW2,20,PQ,2B,37,2B-SB03,4,1,1.0
C0000097,453388_S022,document,453388,OF,USTW2,20,PQ,2B,37,2B-SB03,8,2,1.0
C0000098,454710_S006,document,454710,OF,ITGOA,20,PQ,8A,05,8A-SB01,1,1,1.0
C0000099,454710_S006,document,454710,OF,ITGOA,20,PQ,8A,05,8A-SB01,4,1,1.0
C0000100,454710_S006,document,454710,OF,ITGOA,20,PQ,8A,05,8A-SB01,8,2,1.0
C0000101,454710_S006,document,454710,OF,ITGOA,20,PQ,8A,33,8A-SB03,1,1,1.0
C0000102,454710_S006,document,454710,OF,ITGOA,20,PQ,8A,33,8A-SB03,4,1,1.0
C0000103,454710_S006,document,454710,OF,ITGOA,20,PQ,8A,33,8A-SB03,8,2,1.0
C0000104,453308_S016,document,453308,OF,MYTPP,20,PQ,89,23,89-SB01,1,1,0.0
C0000105,453308_S016,document,453308,OF,MYTPP,20,PQ,89,23,89-SB01,3,1,0.0
C0000106,453308_S016,document,453308,OF,MYTPP,20,PQ,89,51,89-SB04,1,1,1.0
C0000107,453308_S016,document,453308,OF,MYTPP,20,PQ,89,51,89-SB04,3,1,1.0
C0000108,453308_S016,document,453308,OF,MYTPP,20,PQ,89,51,89-SB04,7,2,1.0
C0000109,453388_S013,document,453388,OF,CAVAN,20,PQ,4B,15,4B-SB02,1,1,0.0
C0000110,453388_S013,document,453388,OF,CAVAN,20,PQ,4B,15,4B-SB02,3,1,0.0
C0000111,453388_S013,document,453388,OF,CAVAN,20,PQ,4B,15,4B-SB02,7,2,0.0
C0000112,453388_S013,document,453388,OF,CAVAN,20,PQ,4A,53,4A-SB05,1,1,0.0
C0000113,453388_S013,document,453388,OF,CAVAN,20,PQ,4A,53,4A-SB05,3,1,0.0
C0000114,453388_S013,document,453388,OF,CAVAN,20,PQ,4A,53,4A-SB05,6,2,0.0
C0000115,453412_S001,document,453412,OF,DEHAM,20,PQ,49,07,49-SB01,1,1,1.0
C0000116,453412_S001,document,453412,OF,DEHAM,20,PQ,49,07,49-SB01,3,1,1.0
C0000117,453412_S001,document,453412,OF,DEHAM,20,PQ,49,07,49-SB01,7,2,1.0
C0000118,453412_S001,document,453412,OF,DEHAM,20,PQ,49,09,49-SB01,1,1,1.0
C0000119,453412_S001,document,453412,OF,DEHAM,20,PQ,49,09,49-SB01,3,1,1.0
C0000120,453412_S001,document,453412,OF,DEHAM,20,PQ,49,09,49-SB01,7,2,1.0
C0000121,453416_S003,document,453416,OF,EGPSD,20,PQ,5A,05,5A-SB01,1,1,1.0
C0000122,453416_S003,document,453416,OF,EGPSD,20,PQ,5A,05,5A-SB01,3,1,1.0
C0000123,453416_S003,document,453416,OF,EGPSD,20,PQ,5A,05,5A-SB01,7,2,1.0
C0000124,453416_S003,document,453416,OF,EGPSD,20,PQ,5A,07,5A-SB01,1,1,1.0
C0000125,453416_S003,document,453416,OF,EGPSD,20,PQ,5A,07,5A-SB01,3,1,1.0
C0000126,453416_S003,document,453416,OF,EGPSD,20,PQ,5A,07,5A-SB01,7,2,1.0
C0000127,453416_S016,document,453416,OF,SIKOP,20,PQ,5A,05,5A-SB01,1,1,1.0
C0000128,453416_S016,document,453416,OF,SIKOP,20,PQ,5A,05,5A-SB01,3,1,1.0
C0000129,453416_S016,document,453416,OF,SIKOP,20,PQ,5A,05,5A-SB01,7,2,1.0
C0000130,453416_S016,document,453416,OF,SIKOP,20,PQ,5A,07,5A-SB01,1,1,1.0
C0000131,453416_S016,document,453416,OF,SIKOP,20,PQ,5A,07,5A-SB01,3,1,1.0
C0000132,453416_S016,document,453416,OF,SIKOP,20,PQ,5A,07,5A-SB01,7,2,1.0
C0000133,453388_S023,document,453388,OF,USTW2,20,PQ,2B,31,2B-SB02,1,1,1.0
C0000134,453388_S023,document,453388,OF,USTW2,20,PQ,2B,31,2B-SB02,3,1,1.0
C0000135,453388_S023,document,453388,OF,USTW2,20,PQ,2B,31,2B-SB02,6,2,1.0
C0000136,453388_S023,document,453388,OF,USTW2,20,PQ,2B,37,2B-SB03,1,1,1.0
C0000137,453388_S023,document,453388,OF,USTW2,20,PQ,2B,37,2B-SB03,3,1,1.0
C0000138,453388_S023,document,453388,OF,USTW2,20,PQ,2B,37,2B-SB03,6,2,1.0
C0000139,453308_S002,document,453308,OF,ESBCN,20,PQ,89,23,89-SB01,1,1,0.0
C0000140,453308_S002,document,453308,OF,ESBCN,20,PQ,89,23,89-SB01,2,1,0.0
C0000141,453308_S002,document,453308,OF,ESBCN,20,PQ,89,23,89-SB01,5,2,0.0
C0000142,453308_S002,document,453308,OF,ESBCN,20,PQ,89,49,89-SB04,1,1,0.0
C0000143,453308_S004,document,453308,OF,ESBCN,20,PQ,89,23,89-SB01,1,1,0.0
C0000144,453308_S004,document,453308,OF,ESBCN,20,PQ,89,23,89-SB01,2,1,0.0
C0000145,453308_S004,document,453308,OF,ESBCN,20,PQ,89,23,89-SB01,5,2,0.0
C0000146,453308_S004,document,453308,OF,ESBCN,20,PQ,89,49,89-SB04,1,1,0.0
C0000147,453308_S010,document,453308,OF,ITGOA,20,PQ,89,49,89-SB04,1,1,0.0
C0000148,453308_S010,document,453308,OF,ITGOA,20,PQ,89,49,89-SB04,2,1,0.0
C0000149,453308_S010,document,453308,OF,ITGOA,20,PQ,89,49,89-SB04,5,2,0.0
C0000150,453308_S010,document,453308,OF,ITGOA,20,PQ,89,51,89-SB04,1,1,1.0
C0000151,453308_S010,document,453308,OF,ITGOA,20,PQ,89,51,89-SB04,2,1,1.0
C0000152,453308_S010,document,453308,OF,ITGOA,20,PQ,89,51,89-SB04,5,1,1.0
C0000153,453308_S011,document,453308,OF,ITGOA,20,PQ,89,49,89-SB04,1,1,0.0
C0000154,453308_S011,document,453308,OF,ITGOA,20,PQ,89,49,89-SB04,2,1,0.0
C0000155,453308_S011,document,453308,OF,ITGOA,20,PQ,89,49,89-SB04,5,2,0.0
C0000156,453308_S011,document,453308,OF,ITGOA,20,PQ,89,51,89-SB04,1,1,1.0
C0000157,453308_S011,document,453308,OF,ITGOA,20,PQ,89,51,89-SB04,2,1,1.0
C0000158,453308_S011,document,453308,OF,ITGOA,20,PQ,89,51,89-SB04,5,1,1.0
C0000159,453388_S006,document,453388,OF,CAVA3,20,PQ,4A,55,4A-SB05,1,1,0.0
C0000160,453388_S006,document,453388,OF,CAVA3,20,PQ,4A,55,4A-SB05,2,2,0.0
C0000161,453388_S006,document,453388,OF,CAVA3,20,PQ,4A,55,4A-SB05,3,3,0.0
C0000162,453388_S006,document,453388,OF,CAVA3,20,PQ,19,15,19-SB01,1,1,1.0
C0000163,453388_S006,document,453388,OF,CAVA3,20,PQ,19,15,19-SB01,2,1,1.0
C0000164,453388_S006,document,453388,OF,CAVA3,20,PQ,19,15,19-SB01,5,1,1.0
C0000165,453388_S008,document,453388,OF,CAVA3,20,PQ,4A,55,4A-SB05,1,1,0.0
C0000166,453388_S008,document,453388,OF,CAVA3,20,PQ,4A,55,4A-SB05,2,2,0.0
C0000167,453388_S008,document,453388,OF,CAVA3,20,PQ,4A,55,4A-SB05,3,3,0.0
C0000168,453388_S008,document,453388,OF,CAVA3,20,PQ,19,15,19-SB01,1,1,1.0
C0000169,453388_S008,document,453388,OF,CAVA3,20,PQ,19,15,19-SB01,2,1,1.0
C0000170,453388_S008,document,453388,OF,CAVA3,20,PQ,19,15,19-SB01,5,1,1.0
C0000171,453396_S004,document,453396,OF,DEWVN,20,PQ,8A,59,8A-SB05,1,1,0.0
C0000172,453396_S004,document,453396,OF,DEWVN,20,PQ,8A,59,8A-SB05,2,1,0.0
C0000173,453396_S004,document,453396,OF,DEWVN,20,PQ,8A,59,8A-SB05,5,2,0.0
C0000174,453396_S004,document,453396,OF,DEWVN,20,PQ,8A,05,8A-SB01,1,1,1.0
C0000175,453396_S004,document,453396,OF,DEWVN,20,PQ,8A,05,8A-SB01,2,1,1.0
C0000176,453396_S004,document,453396,OF,DEWVN,20,PQ,8A,05,8A-SB01,5,1,1.0
C0000177,453416_S008,document,453416,OF,HRRJK,20,PQ,1A,35,1A-SB03,1,1,1.0
C0000178,453416_S008,document,453416,OF,HRRJK,20,PQ,1A,35,1A-SB03,2,1,1.0
C0000179,453416_S008,document,453416,OF,HRRJK,20,PQ,1A,35,1A-SB03,5,1,1.0
C0000180,453416_S008,document,453416,OF,HRRJK,20,PQ,59,13,59-SB02,1,1,1.0
C0000181,453416_S008,document,453416,OF,HRRJK,20,PQ,59,13,59-SB02,2,1,1.0
C0000182,453416_S008,document,453416,OF,HRRJK,20,PQ,59,13,59-SB02,5,1,1.0
C0000183,454710_S013,document,454710,OF,ITSPE,20,PQ,8A,05,8A-SB01,1,1,1.0
C0000184,454710_S013,document,454710,OF,ITSPE,20,PQ,8A,05,8A-SB01,2,1,1.0
C0000185,454710_S013,document,454710,OF,ITSPE,20,PQ,8A,05,8A-SB01,5,1,1.0
C0000186,454710_S013,document,454710,OF,ITSPE,20,PQ,8A,33,8A-SB03,1,1,1.0
C0000187,454710_S013,document,454710,OF,ITSPE,20,PQ,8A,33,8A-SB03,2,1,1.0
C0000188,454710_S013,document,454710,OF,ITSPE,20,PQ,8A,33,8A-SB03,5,1,1.0
C0000189,453356_S003,document,453356,OF,USSAV,20,PQ,28,21,28-SB01,1,1,1.0
C0000190,453356_S003,document,453356,OF,USSAV,20,PQ,28,21,28-SB01,2,1,1.0
C0000191,453356_S003,document,453356,OF,USSAV,20,PQ,28,21,28-SB01,4,1,1.0
C0000192,453356_S003,document,453356,OF,USSAV,20,PQ,28,23,28-SB01,1,1,1.0
C0000193,453356_S003,document,453356,OF,USSAV,20,PQ,28,23,28-SB01,2,1,1.0
C0000194,453356_S003,document,453356,OF,USSAV,20,PQ,28,23,28-SB01,4,1,1.0
C0000195,453388_S019,document,453388,OF,USTIW,20,PQ,2B,21,2B-SB02,1,1,1.0
C0000196,453388_S019,document,453388,OF,USTIW,20,PQ,2B,21,2B-SB02,2,1,1.0
C0000197,453388_S019,document,453388,OF,USTIW,20,PQ,2B,21,2B-SB02,4,1,1.0
C0000198,453388_S019,document,453388,OF,USTIW,20,PQ,2B,23,2B-SB02,1,1,1.0
C0000199,453388_S019,document,453388,OF,USTIW,20,PQ,2B,23,2B-SB02,2,1,1.0
C0000200,453388_S019,document,453388,OF,USTIW,20,PQ,2B,23,2B-SB02,4,1,1.0
C0000201,453412_S006,document,453412,OF,MYTPP,20,PQ,49,07,49-SB01,1,1,1.0
C0000202,453412_S006,document,453412,OF,MYTPP,20,PQ,49,07,49-SB01,2,1,1.0
C0000203,453412_S006,document,453412,OF,MYTPP,20,PQ,49,07,49-SB01,4,1,1.0
C0000204,453412_S006,document,453412,OF,MYTPP,20,PQ,49,09,49-SB01,1,1,1.0
C0000205,453412_S006,document,453412,OF,MYTPP,20,PQ,49,09,49-SB01,2,1,1.0
C0000206,453412_S006,document,453412,OF,MYTPP,20,PQ,49,09,49-SB01,4,1,1.0
C0000207,454710_S009,document,454710,OF,ITSPE,20,PQ,8A,05,8A-SB01,1,1,1.0
C0000208,454710_S009,document,454710,OF,ITSPE,20,PQ,8A,05,8A-SB01,2,1,1.0
C0000209,454710_S009,document,454710,OF,ITSPE,20,PQ,8A,05,8A-SB01,4,1,1.0
C0000210,454710_S009,document,454710,OF,ITSPE,20,PQ,8A,33,8A-SB03,1,1,1.0
C0000211,454710_S009,document,454710,OF,ITSPE,20,PQ,8A,33,8A-SB03,2,1,1.0
C0000212,454710_S009,document,454710,OF,ITSPE,20,PQ,8A,33,8A-SB03,4,1,1.0
C0000213,454710_S011,document,454710,OF,ITSPE,20,PQ,8A,05,8A-SB01,1,1,1.0
C0000214,454710_S011,document,454710,OF,ITSPE,20,PQ,8A,05,8A-SB01,2,1,1.0
C0000215,454710_S011,document,454710,OF,ITSPE,20,PQ,8A,05,8A-SB01,4,1,1.0
C0000216,454710_S011,document,454710,OF,ITSPE,20,PQ,8A,33,8A-SB03,1,1,1.0
C0000217,454710_S011,document,454710,OF,ITSPE,20,PQ,8A,33,8A-SB03,2,1,1.0
C0000218,454710_S011,document,454710,OF,ITSPE,20,PQ,8A,33,8A-SB03,4,1,1.0
C0000219,453388_S017,document,453388,OF,USTIW,20,PQ,2B,21,2B-SB02,1,1,1.0
C0000220,453388_S017,document,453388,OF,USTIW,20,PQ,2B,21,2B-SB02,3,1,1.0
C0000221,453388_S017,document,453388,OF,USTIW,20,PQ,2B,23,2B-SB02,1,1,1.0
C0000222,453388_S017,document,453388,OF,USTIW,20,PQ,2B,23,2B-SB02,3,1,1.0
C0000223,453396_S005,document,453396,OF,DEWVN,20,PQ,8A,59,8A-SB05,1,1,0.0
C0000224,453396_S005,document,453396,OF,DEWVN,20,PQ,8A,59,8A-SB05,3,1,0.0
C0000225,453396_S005,document,453396,OF,DEWVN,20,PQ,8A,05,8A-SB01,1,1,1.0
C0000226,453396_S005,document,453396,OF,DEWVN,20,PQ,8A,05,8A-SB01,3,1,1.0
C0000227,453396_S007,document,453396,OF,MAPTM,20,PQ,8A,57,8A-SB05,1,1,0.0
C0000228,453396_S007,document,453396,OF,MAPTM,20,PQ,8A,57,8A-SB05,3,1,0.0
C0000229,453396_S007,document,453396,OF,MAPTM,20,PQ,8A,05,8A-SB01,1,1,1.0
C0000230,453396_S007,document,453396,OF,MAPTM,20,PQ,8A,05,8A-SB01,3,1,1.0
C0000231,453412_S007,document,453412,OF,NLRTM,20,PQ,49,07,49-SB01,1,1,1.0
C0000232,453412_S007,document,453412,OF,NLRTM,20,PQ,49,07,49-SB01,3,1,1.0
C0000233,453412_S007,document,453412,OF,NLRTM,20,PQ,49,09,49-SB01,1,1,1.0
C0000234,453412_S007,document,453412,OF,NLRTM,20,PQ,49,09,49-SB01,3,1,1.0
C0000235,453416_S001,document,453416,OF,EGPSD,20,PQ,5A,05,5A-SB01,1,1,1.0
C0000236,453416_S001,document,453416,OF,EGPSD,20,PQ,5A,05,5A-SB01,3,1,1.0
C0000237,453416_S001,document,453416,OF,EGPSD,20,PQ,5A,07,5A-SB01,1,1,1.0
C0000238,453416_S001,document,453416,OF,EGPSD,20,PQ,5A,07,5A-SB01,3,1,1.0
C0000239,453416_S005,document,453416,OF,HRRJK,20,PQ,1A,35,1A-SB03,1,1,1.0
C0000240,453416_S005,document,453416,OF,HRRJK,20,PQ,1A,35,1A-SB03,3,1,1.0
C0000241,453416_S005,document,453416,OF,HRRJK,20,PQ,1A,53,1A-SB04,1,1,1.0
C0000242,453416_S005,document,453416,OF,HRRJK,20,PQ,1A,53,1A-SB04,3,1,1.0
C0000243,454549_S004,document,454549,OF,SGSIN,20,PQ,3A,11,3A-SB01,1,1,1.0
C0000244,454549_S004,document,454549,OF,SGSIN,20,PQ,3A,11,3A-SB01,2,1,1.0
C0000245,454549_S004,document,454549,OF,SGSIN,20,PQ,3A,41,,1,1,6.0
C0000246,454549_S004,document,454549,OF,SGSIN,20,PQ,3A,41,,3,2,6.0
C0000247,454710_S007,document,454710,OF,ITNAP,20,PQ,8A,05,8A-SB01,1,1,1.0
C0000248,454710_S007,document,454710,OF,ITNAP,20,PQ,8A,05,8A-SB01,3,1,1.0
C0000249,454710_S007,document,454710,OF,ITNAP,20,PQ,8A,33,8A-SB03,1,1,1.0
C0000250,454710_S007,document,454710,OF,ITNAP,20,PQ,8A,33,8A-SB03,3,1,1.0
C0000251,454710_S012,document,454710,OF,ITSPE,20,PQ,8A,05,8A-SB01,1,1,1.0
C0000252,454710_S012,document,454710,OF,ITSPE,20,PQ,8A,05,8A-SB01,3,1,1.0
C0000253,454710_S012,document,454710,OF,ITSPE,20,PQ,8A,33,8A-SB03,1,1,1.0
C0000254,454710_S012,document,454710,OF,ITSPE,20,PQ,8A,33,8A-SB03,3,1,1.0
C0000255,453250_S001,document,453250,OF,KRPUS,20,PQ,29,27,29-SB03,1,1,1.0
C0000256,453250_S001,document,453250,OF,KRPUS,20,PQ,29,27,29-SB03,2,1,1.0
C0000257,453250_S001,document,453250,OF,KRPUS,20,PQ,29,29,29-SB03,1,1,1.0
C0000258,453250_S001,document,453250,OF,KRPUS,20,PQ,29,29,29-SB03,2,1,1.0
C0000259,453308_S005,document,453308,OF,ESVLC,20,PQ,6A,11,6A-SB01,1,1,0.0
C0000260,453308_S005,document,453308,OF,ESVLC,20,PQ,6A,11,6A-SB01,2,1,0.0
C0000261,453308_S005,document,453308,OF,ESVLC,20,PQ,6A,63,6A-SB05,1,1,0.0
C0000262,453308_S005,document,453308,OF,ESVLC,20,PQ,6A,63,6A-SB05,2,1,0.0
C0000263,453308_S009,document,453308,OF,ITGOA,20,PQ,89,49,89-SB04,1,1,0.0
C0000264,453308_S009,document,453308,OF,ITGOA,20,PQ,89,49,89-SB04,2,1,0.0
C0000265,453308_S009,document,453308,OF,ITGOA,20,PQ,89,51,89-SB04,1,1,1.0
C0000266,453308_S009,document,453308,OF,ITGOA,20,PQ,89,51,89-SB04,2,1,1.0
C0000267,453308_S013,document,453308,OF,MAMED,20,PQ,89,51,89-SB04,1,1,1.0
C0000268,453308_S013,document,453308,OF,MAMED,20,PQ,89,51,89-SB04,2,1,1.0
C0000269,453308_S013,document,453308,OF,MAMED,20,PQ,6A,11,6A-SB01,1,1,0.0
C0000270,453308_S013,document,453308,OF,MAMED,20,PQ,6A,11,6A-SB01,2,1,0.0
C0000271,453308_S014,document,453308,OF,MYTPP,20,PQ,89,23,89-SB01,1,1,0.0
C0000272,453308_S014,document,453308,OF,MYTPP,20,PQ,89,23,89-SB01,2,1,0.0
C0000273,453308_S014,document,453308,OF,MYTPP,20,PQ,89,51,89-SB04,1,1,1.0
C0000274,453308_S014,document,453308,OF,MYTPP,20,PQ,89,51,89-SB04,2,1,1.0
C0000275,453308_S015,document,453308,OF,MYTPP,20,PQ,89,23,89-SB01,1,1,0.0
C0000276,453308_S015,document,453308,OF,MYTPP,20,PQ,89,23,89-SB01,2,1,0.0
C0000277,453308_S015,document,453308,OF,MYTPP,20,PQ,89,51,89-SB04,1,1,1.0
C0000278,453308_S015,document,453308,OF,MYTPP,20,PQ,89,51,89-SB04,2,1,1.0
C0000279,453356_S002,document,453356,OF,USCHS,20,PQ,28,21,28-SB01,1,1,1.0
C0000280,453356_S002,document,453356,OF,USCHS,20,PQ,28,21,28-SB01,2,1,1.0
C0000281,453356_S002,document,453356,OF,USCHS,20,PQ,28,23,28-SB01,1,1,1.0
C0000282,453356_S002,document,453356,OF,USCHS,20,PQ,28,23,28-SB01,2,1,1.0
C0000283,453388_S003,document,453388,OF,CAVA2,20,PQ,2B,21,2B-SB02,1,1,1.0
C0000284,453388_S003,document,453388,OF,CAVA2,20,PQ,2B,21,2B-SB02,2,1,1.0
C0000285,453388_S003,document,453388,OF,CAVA2,20,PQ,2B,23,2B-SB02,1,1,1.0
C0000286,453388_S003,document,453388,OF,CAVA2,20,PQ,2B,23,2B-SB02,2,1,1.0
C0000287,453388_S005,document,453388,OF,CAVA3,20,HQ,19,15,19-SB01,1,1,1.0
C0000288,453388_S005,document,453388,OF,CAVA3,20,HQ,19,15,19-SB01,2,1,1.0
C0000289,453388_S005,document,453388,OF,CAVA3,20,HQ,19,37,19-SB02,1,1,1.0
C0000290,453388_S005,document,453388,OF,CAVA3,20,HQ,19,37,19-SB02,2,1,1.0
C0000291,453388_S007,document,453388,OF,CAVA3,20,PQ,4A,55,4A-SB05,1,1,0.0
C0000292,453388_S007,document,453388,OF,CAVA3,20,PQ,4A,55,4A-SB05,2,2,0.0
C0000293,453388_S007,document,453388,OF,CAVA3,20,PQ,19,15,19-SB01,1,1,1.0
C0000294,453388_S007,document,453388,OF,CAVA3,20,PQ,19,15,19-SB01,2,1,1.0
C0000295,453388_S011,document,453388,OF,CAVAN,20,PQ,4A,53,4A-SB05,1,1,0.0
C0000296,453388_S011,document,453388,OF,CAVAN,20,PQ,4A,53,4A-SB05,2,1,0.0
C0000297,453388_S011,document,453388,OF,CAVAN,20,PQ,4B,15,4B-SB02,1,1,0.0
C0000298,453388_S011,document,453388,OF,CAVAN,20,PQ,4B,15,4B-SB02,2,1,0.0
C0000299,453388_S015,document,453388,OF,CAVAN,20,PQ,4A,53,4A-SB05,1,1,0.0
C0000300,453388_S015,document,453388,OF,CAVAN,20,PQ,4A,53,4A-SB05,2,1,0.0
C0000301,453388_S015,document,453388,OF,CAVAN,20,PQ,4B,15,4B-SB02,1,1,0.0
C0000302,453388_S015,document,453388,OF,CAVAN,20,PQ,4B,15,4B-SB02,2,1,0.0
C0000303,453388_S018,document,453388,OF,USTIW,20,PQ,2B,21,2B-SB02,1,1,1.0
C0000304,453388_S018,document,453388,OF,USTIW,20,PQ,2B,21,2B-SB02,2,1,1.0
C0000305,453388_S018,document,453388,OF,USTIW,20,PQ,2B,23,2B-SB02,1,1,1.0
C0000306,453388_S018,document,453388,OF,USTIW,20,PQ,2B,23,2B-SB02,2,1,1.0
C0000307,453396_S003,document,453396,OF,DEWVN,20,PQ,8A,59,8A-SB05,1,1,0.0
C0000308,453396_S003,document,453396,OF,DEWVN,20,PQ,8A,59,8A-SB05,2,1,0.0
C0000309,453396_S003,document,453396,OF,DEWVN,20,PQ,8A,05,8A-SB01,1,1,1.0
C0000310,453396_S003,document,453396,OF,DEWVN,20,PQ,8A,05,8A-SB01,2,1,1.0
C0000311,453416_S006,document,453416,OF,HRRJK,20,PQ,1A,35,1A-SB03,1,1,1.0
C0000312,453416_S006,document,453416,OF,HRRJK,20,PQ,1A,35,1A-SB03,2,1,1.0
C0000313,453416_S006,document,453416,OF,HRRJK,20,PQ,1A,53,1A-SB04,1,1,1.0
C0000314,453416_S006,document,453416,OF,HRRJK,20,PQ,1A,53,1A-SB04,2,1,1.0
C0000315,453416_S012,document,453416,OF,MYTPP,20,PQ,5A,05,5A-SB01,1,1,1.0
C0000316,453416_S012,document,453416,OF,MYTPP,20,PQ,5A,05,5A-SB01,2,1,1.0
C0000317,453416_S012,document,453416,OF,MYTPP,20,PQ,5A,07,5A-SB01,1,1,1.0
C0000318,453416_S012,document,453416,OF,MYTPP,20,PQ,5A,07,5A-SB01,2,1,1.0
C0000319,453416_S013,document,453416,OF,MYTPP,20,PQ,5A,05,5A-SB01,1,1,1.0
C0000320,453416_S013,document,453416,OF,MYTPP,20,PQ,5A,05,5A-SB01,2,1,1.0
C0000321,453416_S013,document,453416,OF,MYTPP,20,PQ,5A,07,5A-SB01,1,1,1.0
C0000322,453416_S013,document,453416,OF,MYTPP,20,PQ,5A,07,5A-SB01,2,1,1.0
C0000323,453416_S014,document,453416,OF,MYTPP,20,PQ,5A,05,5A-SB01,1,1,1.0
C0000324,453416_S014,document,453416,OF,MYTPP,20,PQ,5A,05,5A-SB01,2,1,1.0
C0000325,453416_S014,document,453416,OF,MYTPP,20,PQ,5A,07,5A-SB01,1,1,1.0
C0000326,453416_S014,document,453416,OF,MYTPP,20,PQ,5A,07,5A-SB01,2,1,1.0
C0000327,453416_S015,document,453416,OF,SIKOP,20,PQ,5A,05,5A-SB01,1,1,1.0
C0000328,453416_S015,document,453416,OF,SIKOP,20,PQ,5A,05,5A-SB01,2,1,1.0
C0000329,453416_S015,document,453416,OF,SIKOP,20,PQ,5A,07,5A-SB01,1,1,1.0
C0000330,453416_S015,document,453416,OF,SIKOP,20,PQ,5A,07,5A-SB01,2,1,1.0
C0000331,453416_S017,document,453416,OF,SIKOP,20,PQ,5A,05,5A-SB01,1,1,1.0
C0000332,453416_S017,document,453416,OF,SIKOP,20,PQ,5A,05,5A-SB01,2,1,1.0
C0000333,453416_S017,document,453416,OF,SIKOP,20,PQ,5A,07,5A-SB01,1,1,1.0
C0000334,453416_S017,document,453416,OF,SIKOP,20,PQ,5A,07,5A-SB01,2,1,1.0
C0000335,454585_S004,document,454585,OF,ESBCN,20,PQ,5A,05,5A-SB01,1,1,1.0
C0000336,454585_S004,document,454585,OF,ESBCN,20,PQ,5A,05,5A-SB01,2,1,1.0
C0000337,454585_S004,document,454585,OF,ESBCN,20,PQ,5A,07,5A-SB01,1,1,1.0
C0000338,454585_S004,document,454585,OF,ESBCN,20,PQ,5A,07,5A-SB01,2,1,1.0
C0000339,454710_S003,document,454710,OF,ITGOA,20,PQ,8A,05,8A-SB01,1,1,1.0
C0000340,454710_S003,document,454710,OF,ITGOA,20,PQ,8A,05,8A-SB01,2,1,1.0
C0000341,454710_S003,document,454710,OF,ITGOA,20,PQ,8A,33,8A-SB03,1,1,1.0
C0000342,454710_S003,document,454710,OF,ITGOA,20,PQ,8A,33,8A-SB03,2,1,1.0
C0000343,454710_S004,document,454710,OF,ITGOA,20,PQ,8A,05,8A-SB01,1,1,1.0
C0000344,454710_S004,document,454710,OF,ITGOA,20,PQ,8A,05,8A-SB01,2,1,1.0
C0000345,454710_S004,document,454710,OF,ITGOA,20,PQ,8A,33,8A-SB03,1,1,1.0
C0000346,454710_S004,document,454710,OF,ITGOA,20,PQ,8A,33,8A-SB03,2,1,1.0
C0000347,454710_S008,document,454710,OF,ITNAP,20,PQ,8A,05,8A-SB01,1,1,1.0
C0000348,454710_S008,document,454710,OF,ITNAP,20,PQ,8A,05,8A-SB01,2,1,1.0
C0000349,454710_S008,document,454710,OF,ITNAP,20,PQ,8A,33,8A-SB03,1,1,1.0
C0000350,454710_S008,document,454710,OF,ITNAP,20,PQ,8A,33,8A-SB03,2,1,1.0
C0000351,454710_S010,document,454710,OF,ITSPE,20,PQ,8A,05,8A-SB01,1,1,1.0
C0000352,454710_S010,document,454710,OF,ITSPE,20,PQ,8A,05,8A-SB01,2,1,1.0
C0000353,454710_S010,document,454710,OF,ITSPE,20,PQ,8A,33,8A-SB03,1,1,1.0
C0000354,454710_S010,document,454710,OF,ITSPE,20,PQ,8A,33,8A-SB03,2,1,1.0
C0000355,453250_S002,document,453250,OF,KRPUS,20,PQ,29,27,29-SB03,1,1,1.0
C0000356,453250_S002,document,453250,OF,KRPUS,20,PQ,29,29,29-SB03,1,1,1.0
C0000357,453250_S004,document,453250,OF,USNYC,20,PQ,29,27,29-SB03,1,1,1.0
C0000358,453250_S004,document,453250,OF,USNYC,20,PQ,29,29,29-SB03,1,1,1.0
C0000359,453250_S005,document,453250,OF,USNYC,20,PQ,29,27,29-SB03,1,1,1.0
C0000360,453250_S005,document,453250,OF,USNYC,20,PQ,29,29,29-SB03,1,1,1.0
C0000361,453250_S006,document,453250,OF,USORF,20,PQ,29,49,29-SB05,1,1,0.0
C0000362,453250_S006,document,453250,OF,USORF,20,PQ,29,27,29-SB03,1,1,1.0
C0000363,453250_S007,document,453250,OF,USORF,20,PQ,29,49,29-SB05,1,1,0.0
C0000364,453250_S007,document,453250,OF,USORF,20,PQ,29,27,29-SB03,1,1,1.0
C0000365,453308_S001,document,453308,OF,ESBCN,20,PQ,89,23,89-SB01,1,1,0.0
C0000366,453308_S001,document,453308,OF,ESBCN,20,PQ,89,49,89-SB04,1,1,0.0
C0000367,453308_S006,document,453308,OF,ESVLC,20,PQ,6A,11,6A-SB01,1,1,0.0
C0000368,453308_S006,document,453308,OF,ESVLC,20,PQ,6A,63,6A-SB05,1,1,0.0
C0000369,453308_S008,document,453308,OF,ITGOA,20,PQ,89,49,89-SB04,1,1,0.0
C0000370,453308_S008,document,453308,OF,ITGOA,20,PQ,89,51,89-SB04,1,1,1.0
C0000371,453308_S012,document,453308,OF,ITSPE,20,PQ,89,17,89-SB01,1,1,0.0
C0000372,453308_S012,document,453308,OF,ITSPE,20,PQ,89,51,89-SB04,1,1,1.0
C0000373,453324_S001,document,453324,OF,USLAX,20,PQ,28,45,28-SB02,1,1,0.0
C0000374,453324_S001,document,453324,OF,USLAX,20,PQ,28,21,28-SB01,1,1,1.0
C0000375,453324_S002,document,453324,OF,USLAX,20,PQ,28,45,28-SB02,1,1,0.0
C0000376,453324_S002,document,453324,OF,USLAX,20,PQ,28,21,28-SB01,1,1,1.0
C0000377,453356_S001,document,453356,OF,USCHS,20,PQ,28,21,28-SB01,1,1,1.0
C0000378,453356_S001,document,453356,OF,USCHS,20,PQ,28,23,28-SB01,1,1,1.0
C0000379,453388_S012,document,453388,OF,CAVAN,20,PQ,4A,53,4A-SB05,1,1,0.0
C0000380,453388_S012,document,453388,OF,CAVAN,20,PQ,4B,15,4B-SB02,1,1,0.0
C0000381,453388_S016,document,453388,OF,KRPUS,20,PQ,2B,29,2B-SB02,1,1,0.0
C0000382,453388_S016,document,453388,OF,KRPUS,20,PQ,2B,51,2B-SB04,1,1,0.0
C0000383,453388_S020,document,453388,OF,USTW2,20,PQ,2B,21,2B-SB02,1,1,1.0
C0000384,453388_S020,document,453388,OF,USTW2,20,PQ,2B,23,2B-SB02,1,1,1.0
C0000385,453388_S021,document,453388,OF,USTW2,20,PQ,2B,21,2B-SB02,1,1,1.0
C0000386,453388_S021,document,453388,OF,USTW2,20,PQ,2B,23,2B-SB02,1,1,1.0
C0000387,453396_S001,document,453396,OF,DEBRV,20,PQ,8A,05,8A-SB01,1,1,1.0
C0000388,453396_S001,document,453396,OF,DEBRV,20,PQ,8A,33,8A-SB03,1,1,1.0
C0000389,453396_S002,document,453396,OF,DEWVN,20,PQ,8A,59,8A-SB05,1,1,0.0
C0000390,453396_S002,document,453396,OF,DEWVN,20,PQ,8A,05,8A-SB01,1,1,1.0
C0000391,453396_S006,document,453396,OF,MAPTM,20,PQ,8A,57,8A-SB05,1,1,0.0
C0000392,453396_S006,document,453396,OF,MAPTM,20,PQ,8A,05,8A-SB01,1,1,1.0
C0000393,453396_S008,document,453396,OF,MYTPP,20,PQ,8A,11,8A-SB01,1,1,0.0
C0000394,453396_S008,document,453396,OF,MYTPP,20,PQ,8A,05,8A-SB01,1,1,1.0
C0000395,453396_S009,document,453396,OF,MYTPP,20,PQ,8A,11,8A-SB01,1,1,0.0
C0000396,453396_S009,document,453396,OF,MYTPP,20,PQ,8A,05,8A-SB01,1,1,1.0
C0000397,453412_S002,document,453412,OF,DEHAM,20,PQ,49,07,49-SB01,1,1,1.0
C0000398,453412_S002,document,453412,OF,DEHAM,20,PQ,49,09,49-SB01,1,1,1.0
C0000399,453412_S003,document,453412,OF,MYTPP,20,PQ,49,07,49-SB01,1,1,1.0
C0000400,453412_S003,document,453412,OF,MYTPP,20,PQ,49,09,49-SB01,1,1,1.0
C0000401,453412_S004,document,453412,OF,MYTPP,20,PQ,49,07,49-SB01,1,1,1.0
C0000402,453412_S004,document,453412,OF,MYTPP,20,PQ,49,09,49-SB01,1,1,1.0
C0000403,453412_S005,document,453412,OF,MYTPP,20,PQ,49,07,49-SB01,1,1,1.0
C0000404,453412_S005,document,453412,OF,MYTPP,20,PQ,49,09,49-SB01,1,1,1.0
C0000405,453412_S008,document,453412,OF,NLRTM,20,PQ,49,07,49-SB01,1,1,1.0
C0000406,453412_S008,document,453412,OF,NLRTM,20,PQ,49,09,49-SB01,1,1,1.0
C0000407,453412_S009,document,453412,OF,NLRTM,20,PQ,49,07,49-SB01,1,1,1.0
C0000408,453412_S009,document,453412,OF,NLRTM,20,PQ,49,09,49-SB01,1,1,1.0
C0000409,453412_S010,document,453412,OF,NLRTM,20,PQ,49,07,49-SB01,1,1,1.0
C0000410,453412_S010,document,453412,OF,NLRTM,20,PQ,49,09,49-SB01,1,1,1.0
C0000411,453416_S004,document,453416,OF,EGPSD,20,PQ,5A,05,5A-SB01,1,1,1.0
C0000412,453416_S004,document,453416,OF,EGPSD,20,PQ,5A,07,5A-SB01,1,1,1.0
C0000413,453416_S007,document,453416,OF,HRRJK,20,PQ,1A,35,1A-SB03,1,1,1.0
C0000414,453416_S007,document,453416,OF,HRRJK,20,PQ,1A,53,1A-SB04,1,1,1.0
C0000415,453416_S010,document,453416,OF,MYTPP,20,PQ,5A,05,5A-SB01,1,1,1.0
C0000416,453416_S010,document,453416,OF,MYTPP,20,PQ,5A,07,5A-SB01,1,1,1.0
C0000417,453416_S011,document,453416,OF,MYTPP,20,PQ,5A,05,5A-SB01,1,1,1.0
C0000418,453416_S011,document,453416,OF,MYTPP,20,PQ,5A,07,5A-SB01,1,1,1.0
C0000419,454549_S001,document,454549,OF,ILHFA,20,PQ,3A,11,3A-SB01,1,1,1.0
C0000420,454549_S001,document,454549,OF,ILHFA,20,PQ,3A,41,,1,1,6.0
C0000421,454549_S002,document,454549,OF,ILHFA,20,PQ,3A,11,3A-SB01,1,1,1.0
C0000422,454549_S002,document,454549,OF,ILHFA,20,PQ,3A,41,,1,1,6.0
C0000423,454549_S003,document,454549,OF,SGSIN,20,PQ,3A,11,3A-SB01,1,1,1.0
C0000424,454549_S003,document,454549,OF,SGSIN,20,PQ,3A,41,,1,1,6.0
C0000425,454549_S005,document,454549,OF,SGSIN,20,PQ,3A,11,3A-SB01,1,1,1.0
C0000426,454549_S005,document,454549,OF,SGSIN,20,PQ,3A,41,,1,1,6.0
C0000427,454549_S006,document,454549,OF,TRALI,20,PQ,3A,11,3A-SB01,1,1,1.0
C0000428,454549_S006,document,454549,OF,TRALI,20,PQ,69,35,69-SB03,1,1,1.0
C0000429,454585_S001,document,454585,OF,ESBC1,20,PQ,5A,05,5A-SB01,1,1,1.0
C0000430,454585_S001,document,454585,OF,ESBC1,20,PQ,5A,07,5A-SB01,1,1,1.0
C0000431,454585_S002,document,454585,OF,ESBC1,20,PQ,5A,05,5A-SB01,1,1,1.0
C0000432,454585_S002,document,454585,OF,ESBC1,20,PQ,5A,07,5A-SB01,1,1,1.0
C0000433,454585_S003,document,454585,OF,ESBCN,20,PQ,5A,05,5A-SB01,1,1,1.0
C0000434,454585_S003,document,454585,OF,ESBCN,20,PQ,5A,07,5A-SB01,1,1,1.0
C0000435,454585_S005,document,454585,OF,ESVL3,20,PQ,5A,05,5A-SB01,1,1,1.0
C0000436,454585_S005,document,454585,OF,ESVL3,20,PQ,5A,07,5A-SB01,1,1,1.0
C0000437,454585_S006,document,454585,OF,ESVLC,20,PQ,5A,05,5A-SB01,1,1,1.0
C0000438,454585_S006,document,454585,OF,ESVLC,20,PQ,5A,07,5A-SB01,1,1,1.0
C0000439,454585_S007,document,454585,OF,ESVLC,20,PQ,5A,05,5A-SB01,1,1,1.0
C0000440,454585_S007,document,454585,OF,ESVLC,20,PQ,5A,07,5A-SB01,1,1,1.0
C0000441,454585_S008,document,454585,OF,ITGIT,20,PQ,5A,05,5A-SB01,1,1,1.0
C0000442,454585_S008,document,454585,OF,ITGIT,20,PQ,5A,07,5A-SB01,1,1,1.0
C0000443,454710_S001,document,454710,OF,ESAGP,20,PQ,8A,05,8A-SB01,1,1,1.0
C0000444,454710_S001,document,454710,OF,ESAGP,20,PQ,8A,33,8A-SB03,1,1,1.0
C0000445,454710_S002,document,454710,OF,ESAGP,20,PQ,8A,05,8A-SB01,1,1,1.0
C0000446,454710_S002,document,454710,OF,ESAGP,20,PQ,8A,33,8A-SB03,1,1,1.0
C0000447,454710_S005,document,454710,OF,ITGOA,20,PQ,8A,05,8A-SB01,1,1,1.0
C0000448,454710_S005,document,454710,OF,ITGOA,20,PQ,8A,33,8A-SB03,1,1,1.0
C0000449,453416_S018,document,453416,OF,EGPSD,40,HQ,E9,63,E9-SB05,1,1,0.0
C0000450,453416_S018,document,453416,OF,EGPSD,40,HQ,E9,63,E9-SB05,8,2,0.0
C0000451,453416_S018,document,453416,OF,EGPSD,40,HQ,E9,63,E9-SB05,10,3,0.0
C0000452,453416_S018,document,453416,OF,EGPSD,40,HQ,E9,63,E9-SB05,20,5,0.0
C0000453,453416_S018,document,453416,OF,EGPSD,40,HQ,2A,37,2A-SB04,1,1,0.0
C0000454,453416_S018,document,453416,OF,EGPSD,40,HQ,2A,37,2A-SB04,3,1,0.0
C0000455,453416_S018,document,453416,OF,EGPSD,40,HQ,2A,37,2A-SB04,7,2,0.0
C0000456,453416_S018,document,453416,OF,EGPSD,40,HQ,2A,37,2A-SB04,15,3,0.0
C0000457,453388_S033,document,453388,OF,CAVA3,40,HQ,4A,37,4A-SB04,1,1,0.0
C0000458,453388_S033,document,453388,OF,CAVA3,40,HQ,4A,37,4A-SB04,10,2,0.0
C0000459,453388_S033,document,453388,OF,CAVA3,40,HQ,4A,37,4A-SB04,18,4,0.0
C0000460,453388_S033,document,453388,OF,CAVA3,40,HQ,4A,37,4A-SB04,21,5,0.0
C0000461,453388_S033,document,453388,OF,CAVA3,40,HQ,4A,05,4A-SB01,1,1,0.0
C0000462,453388_S033,document,453388,OF,CAVA3,40,HQ,4A,05,4A-SB01,10,2,0.0
C0000463,453388_S033,document,453388,OF,CAVA3,40,HQ,4A,05,4A-SB01,19,4,0.0
C0000464,453388_S033,document,453388,OF,CAVA3,40,HQ,4A,05,4A-SB01,20,4,0.0
C0000465,454585_S031,document,454585,OF,ITGIT,40,HQ,69,29,69-SB03,1,1,0.0
C0000466,454585_S031,document,454585,OF,ITGIT,40,HQ,69,29,69-SB03,4,1,0.0
C0000467,454585_S031,document,454585,OF,ITGIT,40,HQ,69,29,69-SB03,8,2,0.0
C0000468,454585_S031,document,454585,OF,ITGIT,40,HQ,69,29,69-SB03,17,4,0.0
C0000469,454585_S031,document,454585,OF,ITGIT,40,HQ,69,69,69-SB06,1,1,0.0
C0000470,454585_S031,document,454585,OF,ITGIT,40,HQ,69,69,69-SB06,4,1,0.0
C0000471,454585_S031,document,454585,OF,ITGIT,40,HQ,69,69,69-SB06,8,2,0.0
C0000472,454585_S031,document,454585,OF,ITGIT,40,HQ,69,69,69-SB06,17,4,0.0
C0000473,453416_S043,document,453416,OF,SIKOP,40,HQ,2A,25,2A-SB03,1,1,0.0
C0000474,453416_S043,document,453416,OF,SIKOP,40,HQ,2A,25,2A-SB03,4,1,0.0
C0000475,453416_S043,document,453416,OF,SIKOP,40,HQ,2A,25,2A-SB03,7,2,0.0
C0000476,453416_S043,document,453416,OF,SIKOP,40,HQ,2A,25,2A-SB03,15,3,0.0
C0000477,453416_S043,document,453416,OF,SIKOP,40,HQ,E9,51,E9-SB04,1,1,0.0
C0000478,453416_S043,document,453416,OF,SIKOP,40,HQ,E9,51,E9-SB04,6,2,0.0
C0000479,453416_S043,document,453416,OF,SIKOP,40,HQ,E9,51,E9-SB04,10,4,0.0
C0000480,453416_S043,document,453416,OF,SIKOP,40,HQ,E9,51,E9-SB04,12,4,0.0
C0000481,453416_S019,document,453416,OF,EGPSD,40,HQ,E9,63,E9-SB05,1,1,0.0
C0000482,453416_S019,document,453416,OF,EGPSD,40,HQ,E9,63,E9-SB05,10,3,0.0
C0000483,453416_S019,document,453416,OF,EGPSD,40,HQ,E9,63,E9-SB05,20,5,0.0
C0000484,453416_S019,document,453416,OF,EGPSD,40,HQ,2A,37,2A-SB04,1,1,0.0
C0000485,453416_S019,document,453416,OF,EGPSD,40,HQ,2A,37,2A-SB04,7,2,0.0
C0000486,453416_S019,document,453416,OF,EGPSD,40,HQ,2A,37,2A-SB04,15,3,0.0
C0000487,453416_S035,document,453416,OF,MYTPP,40,HQ,6B,01,6B-SB01,1,1,0.0
C0000488,453416_S035,document,453416,OF,MYTPP,40,HQ,6B,01,6B-SB01,7,2,0.0
C0000489,453416_S035,document,453416,OF,MYTPP,40,HQ,6B,01,6B-SB01,11,3,0.0
C0000490,453416_S035,document,453416,OF,MYTPP,40,HQ,6B,01,6B-SB01,23,5,0.0
C0000491,453416_S035,document,453416,OF,MYTPP,40,HQ,3B,45,3B-SB04,1,1,0.0
C0000492,453416_S035,document,453416,OF,MYTPP,40,HQ,3B,45,3B-SB04,10,3,0.0
C0000493,453416_S035,document,453416,OF,MYTPP,40,HQ,3B,45,3B-SB04,20,5,0.0
C0000494,453388_S036,document,453388,OF,CAVA3,40,HQ,4A,37,4A-SB04,1,1,0.0
C0000495,453388_S036,document,453388,OF,CAVA3,40,HQ,4A,37,4A-SB04,8,2,0.0
C0000496,453388_S036,document,453388,OF,CAVA3,40,HQ,4A,37,4A-SB04,10,2,0.0
C0000497,453388_S036,document,453388,OF,CAVA3,40,HQ,4A,37,4A-SB04,21,5,0.0
C0000498,453388_S036,document,453388,OF,CAVA3,40,HQ,4A,05,4A-SB01,1,1,0.0
C0000499,453388_S036,document,453388,OF,CAVA3,40,HQ,4A,05,4A-SB01,9,2,0.0
C0000500,453388_S036,document,453388,OF,CAVA3,40,HQ,4A,05,4A-SB01,10,2,0.0
C0000501,453388_S036,document,453388,OF,CAVA3,40,HQ,4A,05,4A-SB01,20,4,0.0
C0000502,453416_S044,document,453416,OF,SIKOP,40,HQ,2A,25,2A-SB03,1,1,0.0
C0000503,453416_S044,document,453416,OF,SIKOP,40,HQ,2A,25,2A-SB03,7,2,0.0
C0000504,453416_S044,document,453416,OF,SIKOP,40,HQ,2A,25,2A-SB03,14,3,0.0
C0000505,453416_S044,document,453416,OF,SIKOP,40,HQ,2A,25,2A-SB03,15,3,0.0
C0000506,453416_S044,document,453416,OF,SIKOP,40,HQ,E9,51,E9-SB04,1,1,0.0
C0000507,453416_S044,document,453416,OF,SIKOP,40,HQ,E9,51,E9-SB04,5,2,0.0
C0000508,453416_S044,document,453416,OF,SIKOP,40,HQ,E9,51,E9-SB04,6,2,0.0
C0000509,453416_S044,document,453416,OF,SIKOP,40,HQ,E9,51,E9-SB04,12,4,0.0
C0000510,453416_S022,document,453416,OF,EGPSD,40,HQ,E9,63,E9-SB05,1,1,0.0
C0000511,453416_S022,document,453416,OF,EGPSD,40,HQ,E9,63,E9-SB05,8,2,0.0
C0000512,453416_S022,document,453416,OF,EGPSD,40,HQ,E9,63,E9-SB05,10,3,0.0
C0000513,453416_S022,document,453416,OF,EGPSD,40,HQ,E9,63,E9-SB05,20,5,0.0
C0000514,453416_S022,document,453416,OF,EGPSD,40,HQ,2A,37,2A-SB04,1,1,0.0
C0000515,453416_S022,document,453416,OF,EGPSD,40,HQ,2A,37,2A-SB04,7,2,0.0
C0000516,453416_S022,document,453416,OF,EGPSD,40,HQ,2A,37,2A-SB04,13,3,0.0
C0000517,453416_S022,document,453416,OF,EGPSD,40,HQ,2A,37,2A-SB04,15,3,0.0
C0000518,453388_S027,document,453388,OF,CAVA2,40,HQ,4A,29,4A-SB03,1,1,0.0
C0000519,453388_S027,document,453388,OF,CAVA2,40,HQ,4A,29,4A-SB03,12,3,0.0
C0000520,453388_S027,document,453388,OF,CAVA2,40,HQ,4A,29,4A-SB03,24,5,0.0
C0000521,453388_S027,document,453388,OF,CAVA2,40,HQ,4B,01,4B-SB01,1,1,1.0
C0000522,453388_S027,document,453388,OF,CAVA2,40,HQ,4B,01,4B-SB01,12,3,1.0
C0000523,453388_S027,document,453388,OF,CAVA2,40,HQ,4B,01,4B-SB01,24,5,1.0
C0000524,453388_S052,document,453388,OF,USTIW,40,HQ,4A,37,4A-SB04,1,1,0.0
C0000525,453388_S052,document,453388,OF,USTIW,40,HQ,4A,37,4A-SB04,4,1,0.0
C0000526,453388_S052,document,453388,OF,USTIW,40,HQ,4A,37,4A-SB04,10,2,0.0
C0000527,453388_S052,document,453388,OF,USTIW,40,HQ,4A,37,4A-SB04,20,4,0.0
C0000528,453388_S052,document,453388,OF,USTIW,40,HQ,4A,33,4A-SB03,1,1,0.0
C0000529,453388_S052,document,453388,OF,USTIW,40,HQ,4A,33,4A-SB03,7,2,0.0
C0000530,453388_S052,document,453388,OF,USTIW,40,HQ,4A,33,4A-SB03,8,2,0.0
C0000531,453388_S052,document,453388,OF,USTIW,40,HQ,4A,33,4A-SB03,17,4,0.0
C0000532,453388_S064,document,453388,OF,USTW2,40,HQ,4A,21,4A-SB02,1,1,0.0
C0000533,453388_S064,document,453388,OF,USTW2,40,HQ,4A,21,4A-SB02,12,3,0.0
C0000534,453388_S064,document,453388,OF,USTW2,40,HQ,4A,21,4A-SB02,24,6,0.0
C0000535,453388_S064,document,453388,OF,USTW2,40,HQ,4A,41,4A-SB04,1,1,0.0
C0000536,453388_S064,document,453388,OF,USTW2,40,HQ,4A,41,4A-SB04,7,2,0.0
C0000537,453388_S064,document,453388,OF,USTW2,40,HQ,4A,41,4A-SB04,8,2,0.0
C0000538,453388_S064,document,453388,OF,USTW2,40,HQ,4A,41,4A-SB04,17,4,0.0
C0000539,453412_S012,document,453412,OF,BEANR,40,HQ,49,05,49-SB01,1,1,1.0
C0000540,453412_S012,document,453412,OF,BEANR,40,HQ,49,05,49-SB01,10,2,1.0
C0000541,453412_S012,document,453412,OF,BEANR,40,HQ,49,05,49-SB01,20,4,1.0
C0000542,453412_S012,document,453412,OF,BEANR,40,HQ,49,09,49-SB01,1,1,1.0
C0000543,453412_S012,document,453412,OF,BEANR,40,HQ,49,09,49-SB01,10,2,1.0
C0000544,453412_S012,document,453412,OF,BEANR,40,HQ,49,09,49-SB01,20,4,1.0
C0000545,453412_S016,document,453412,OF,DEHAM,40,HQ,49,05,49-SB01,1,1,1.0
C0000546,453412_S016,document,453412,OF,DEHAM,40,HQ,49,05,49-SB01,10,2,1.0
C0000547,453412_S016,document,453412,OF,DEHAM,40,HQ,49,05,49-SB01,20,4,1.0
C0000548,453412_S016,document,453412,OF,DEHAM,40,HQ,49,09,49-SB01,1,1,1.0
C0000549,453412_S016,document,453412,OF,DEHAM,40,HQ,49,09,49-SB01,10,2,1.0
C0000550,453412_S016,document,453412,OF,DEHAM,40,HQ,49,09,49-SB01,20,4,1.0
C0000551,453396_S011,document,453396,OF,DEBRV,40,HQ,1C,01,1C-SB01,1,1,1.0
C0000552,453396_S011,document,453396,OF,DEBRV,40,HQ,1C,01,1C-SB01,2,1,1.0
C0000553,453396_S011,document,453396,OF,DEBRV,40,HQ,1C,01,1C-SB01,3,1,1.0
C0000554,453396_S011,document,453396,OF,DEBRV,40,HQ,1C,01,1C-SB01,4,1,1.0
C0000555,453396_S011,document,453396,OF,DEBRV,40,HQ,1C,53,,1,1,7.0
C0000556,453396_S011,document,453396,OF,DEBRV,40,HQ,1C,53,,9,2,7.0
C0000557,453396_S011,document,453396,OF,DEBRV,40,HQ,1C,53,,19,4,7.0
C0000558,453416_S030,document,453416,OF,HRRJK,40,HQ,2A,01,2A-SB01,1,1,0.0
C0000559,453416_S030,document,453416,OF,HRRJK,40,HQ,2A,01,2A-SB01,6,2,0.0
C0000560,453416_S030,document,453416,OF,HRRJK,40,HQ,2A,01,2A-SB01,7,2,0.0
C0000561,453416_S030,document,453416,OF,HRRJK,40,HQ,2A,01,2A-SB01,12,3,0.0
C0000562,453416_S030,document,453416,OF,HRRJK,40,HQ,3A,21,3A-SB02,1,1,0.0
C0000563,453416_S030,document,453416,OF,HRRJK,40,HQ,3A,21,3A-SB02,5,2,0.0
C0000564,453416_S030,document,453416,OF,HRRJK,40,HQ,3A,21,3A-SB02,9,3,0.0
C0000565,453416_S030,document,453416,OF,HRRJK,40,HQ,3A,21,3A-SB02,10,4,0.0
C0000566,453416_S047,document,453416,OF,SIKOP,40,HQ,2A,25,2A-SB03,1,1,0.0
C0000567,453416_S047,document,453416,OF,SIKOP,40,HQ,2A,25,2A-SB03,4,1,0.0
C0000568,453416_S047,document,453416,OF,SIKOP,40,HQ,2A,25,2A-SB03,7,2,0.0
C0000569,453416_S047,document,453416,OF,SIKOP,40,HQ,2A,25,2A-SB03,15,3,0.0
C0000570,453416_S047,document,453416,OF,SIKOP,40,HQ,E9,51,E9-SB04,1,1,0.0
C0000571,453416_S047,document,453416,OF,SIKOP,40,HQ,E9,51,E9-SB04,6,2,0.0
C0000572,453416_S047,document,453416,OF,SIKOP,40,HQ,E9,51,E9-SB04,7,3,0.0
C0000573,453416_S047,document,453416,OF,SIKOP,40,HQ,E9,51,E9-SB04,12,4,0.0
C0000574,453388_S035,document,453388,OF,CAVA3,40,HQ,4A,05,4A-SB01,1,1,0.0
C0000575,453388_S035,document,453388,OF,CAVA3,40,HQ,4A,05,4A-SB01,9,2,0.0
C0000576,453388_S035,document,453388,OF,CAVA3,40,HQ,4A,05,4A-SB01,18,4,0.0
C0000577,453388_S035,document,453388,OF,CAVA3,40,HQ,4A,37,4A-SB04,1,1,0.0
C0000578,453388_S035,document,453388,OF,CAVA3,40,HQ,4A,37,4A-SB04,9,2,0.0
C0000579,453388_S035,document,453388,OF,CAVA3,40,HQ,4A,37,4A-SB04,18,4,0.0
C0000580,453388_S053,document,453388,OF,USTIW,40,HQ,4A,37,4A-SB04,1,1,0.0
C0000581,453388_S053,document,453388,OF,USTIW,40,HQ,4A,37,4A-SB04,9,2,0.0
C0000582,453388_S053,document,453388,OF,USTIW,40,HQ,4A,37,4A-SB04,18,4,0.0
C0000583,453388_S053,document,453388,OF,USTIW,40,HQ,4A,33,4A-SB03,1,1,0.0
C0000584,453388_S053,document,453388,OF,USTIW,40,HQ,4A,33,4A-SB03,8,2,0.0
C0000585,453388_S053,document,453388,OF,USTIW,40,HQ,4A,33,4A-SB03,17,4,0.0
C0000586,453388_S034,document,453388,OF,CAVA3,40,HQ,4A,05,4A-SB01,1,1,0.0
C0000587,453388_S034,document,453388,OF,CAVA3,40,HQ,4A,05,4A-SB01,8,2,0.0
C0000588,453388_S034,document,453388,OF,CAVA3,40,HQ,4A,05,4A-SB01,17,4,0.0
C0000589,453388_S034,document,453388,OF,CAVA3,40,HQ,4A,37,4A-SB04,1,1,0.0
C0000590,453388_S034,document,453388,OF,CAVA3,40,HQ,4A,37,4A-SB04,8,2,0.0
C0000591,453388_S034,document,453388,OF,CAVA3,40,HQ,4A,37,4A-SB04,17,4,0.0
C0000592,453388_S041,document,453388,OF,CAVAN,40,HQ,4A,01,4A-SB01,1,1,0.0
C0000593,453388_S041,document,453388,OF,CAVAN,40,HQ,4A,01,4A-SB01,8,2,0.0
C0000594,453388_S041,document,453388,OF,CAVAN,40,HQ,4A,01,4A-SB01,17,4,0.0
C0000595,453388_S041,document,453388,OF,CAVAN,40,HQ,4A,49,4A-SB05,1,1,0.0
C0000596,453388_S041,document,453388,OF,CAVAN,40,HQ,4A,49,4A-SB05,8,2,0.0
C0000597,453388_S041,document,453388,OF,CAVAN,40,HQ,4A,49,4A-SB05,17,4,0.0
C0000598,453416_S036,document,453416,OF,MYTPP,40,HQ,3B,45,3B-SB04,1,1,0.0
C0000599,453416_S036,document,453416,OF,MYTPP,40,HQ,3B,45,3B-SB04,8,2,0.0
C0000600,453416_S036,document,453416,OF,MYTPP,40,HQ,3B,45,3B-SB04,16,4,0.0
C0000601,453416_S036,document,453416,OF,MYTPP,40,HQ,6B,01,6B-SB01,1,1,0.0
C0000602,453416_S036,document,453416,OF,MYTPP,40,HQ,6B,01,6B-SB01,8,2,0.0
C0000603,453416_S036,document,453416,OF,MYTPP,40,HQ,6B,01,6B-SB01,16,4,0.0
C0000604,454710_S018,document,454710,OF,ITGOA,40,HQ,6A,33,6A-SB03,1,1,0.0
C0000605,454710_S018,document,454710,OF,ITGOA,40,HQ,6A,33,6A-SB03,2,1,0.0
C0000606,454710_S018,document,454710,OF,ITGOA,40,HQ,1K,05,1K-SB01,1,1,1.0
C0000607,454710_S018,document,454710,OF,ITGOA,40,HQ,1K,05,1K-SB01,8,3,1.0
C0000608,454710_S018,document,454710,OF,ITGOA,40,HQ,1K,05,1K-SB01,16,6,1.0
C0000609,453388_S042,document,453388,OF,CAVAN,40,HQ,4A,01,4A-SB01,1,1,0.0
C0000610,453388_S042,document,453388,OF,CAVAN,40,HQ,4A,01,4A-SB01,7,2,0.0
C0000611,453388_S042,document,453388,OF,CAVAN,40,HQ,4A,01,4A-SB01,15,3,0.0
C0000612,453388_S042,document,453388,OF,CAVAN,40,HQ,4A,49,4A-SB05,1,1,0.0
C0000613,453388_S042,document,453388,OF,CAVAN,40,HQ,4A,49,4A-SB05,7,2,0.0
C0000614,453388_S042,document,453388,OF,CAVAN,40,HQ,4A,49,4A-SB05,15,3,0.0
C0000615,453388_S054,document,453388,OF,USTIW,40,HQ,4A,33,4A-SB03,1,1,0.0
C0000616,453388_S054,document,453388,OF,USTIW,40,HQ,4A,33,4A-SB03,7,2,0.0
C0000617,453388_S054,document,453388,OF,USTIW,40,HQ,4A,33,4A-SB03,15,3,0.0
C0000618,453388_S054,document,453388,OF,USTIW,40,HQ,4A,37,4A-SB04,1,1,0.0
C0000619,453388_S054,document,453388,OF,USTIW,40,HQ,4A,37,4A-SB04,7,2,0.0
C0000620,453388_S054,document,453388,OF,USTIW,40,HQ,4A,37,4A-SB04,15,3,0.0
C0000621,453388_S065,document,453388,OF,USTW2,40,HQ,4A,21,4A-SB02,1,1,0.0
C0000622,453388_S065,document,453388,OF,USTW2,40,HQ,4A,21,4A-SB02,7,2,0.0
C0000623,453388_S065,document,453388,OF,USTW2,40,HQ,4A,21,4A-SB02,15,4,0.0
C0000624,453388_S065,document,453388,OF,USTW2,40,HQ,4A,41,4A-SB04,1,1,0.0
C0000625,453388_S065,document,453388,OF,USTW2,40,HQ,4A,41,4A-SB04,7,2,0.0
C0000626,453388_S065,document,453388,OF,USTW2,40,HQ,4A,41,4A-SB04,15,3,0.0
C0000627,453388_S067,document,453388,OF,USTW2,40,HQ,4A,21,4A-SB02,1,1,0.0
C0000628,453388_S067,document,453388,OF,USTW2,40,HQ,4A,21,4A-SB02,7,2,0.0
C0000629,453388_S067,document,453388,OF,USTW2,40,HQ,4A,21,4A-SB02,15,4,0.0
C0000630,453388_S067,document,453388,OF,USTW2,40,HQ,4A,41,4A-SB04,1,1,0.0
C0000631,453388_S067,document,453388,OF,USTW2,40,HQ,4A,41,4A-SB04,7,2,0.0
C0000632,453388_S067,document,453388,OF,USTW2,40,HQ,4A,41,4A-SB04,15,3,0.0
C0000633,453412_S033,document,453412,OF,NLRTM,40,HQ,49,17,49-SB02,1,1,0.0
C0000634,453412_S033,document,453412,OF,NLRTM,40,HQ,49,17,49-SB02,7,2,0.0
C0000635,453412_S033,document,453412,OF,NLRTM,40,HQ,49,17,49-SB02,15,3,0.0
C0000636,453412_S033,document,453412,OF,NLRTM,40,HQ,49,53,49-SB05,1,1,0.0
C0000637,453412_S033,document,453412,OF,NLRTM,40,HQ,49,53,49-SB05,7,2,0.0
C0000638,453412_S033,document,453412,OF,NLRTM,40,HQ,49,53,49-SB05,15,3,0.0
C0000639,453416_S020,document,453416,OF,EGPSD,40,HQ,2A,37,2A-SB04,1,1,0.0
C0000640,453416_S020,document,453416,OF,EGPSD,40,HQ,2A,37,2A-SB04,7,2,0.0
C0000641,453416_S020,document,453416,OF,EGPSD,40,HQ,2A,37,2A-SB04,15,3,0.0
C0000642,453416_S020,document,453416,OF,EGPSD,40,HQ,E9,63,E9-SB05,1,1,0.0
C0000643,453416_S020,document,453416,OF,EGPSD,40,HQ,E9,63,E9-SB05,7,2,0.0
C0000644,453416_S020,document,453416,OF,EGPSD,40,HQ,E9,63,E9-SB05,15,4,0.0
C0000645,453416_S028,document,453416,OF,HRRJK,40,HQ,2A,01,2A-SB01,1,1,0.0
C0000646,453416_S028,document,453416,OF,HRRJK,40,HQ,2A,01,2A-SB01,3,1,0.0
C0000647,453416_S028,document,453416,OF,HRRJK,40,HQ,2A,01,2A-SB01,6,2,0.0
C0000648,453416_S028,document,453416,OF,HRRJK,40,HQ,2A,01,2A-SB01,12,3,0.0
C0000649,453416_S028,document,453416,OF,HRRJK,40,HQ,3A,21,3A-SB02,1,1,0.0
C0000650,453416_S028,document,453416,OF,HRRJK,40,HQ,3A,21,3A-SB02,5,2,0.0
C0000651,453416_S028,document,453416,OF,HRRJK,40,HQ,3A,21,3A-SB02,10,4,0.0
C0000652,454585_S027,document,454585,OF,ESVLC,40,HQ,49,41,49-SB04,1,1,0.0
C0000653,454585_S027,document,454585,OF,ESVLC,40,HQ,49,41,49-SB04,7,2,0.0
C0000654,454585_S027,document,454585,OF,ESVLC,40,HQ,49,41,49-SB04,15,3,0.0
C0000655,454585_S027,document,454585,OF,ESVLC,40,HQ,69,53,69-SB05,1,1,0.0
C0000656,454585_S027,document,454585,OF,ESVLC,40,HQ,69,53,69-SB05,7,2,0.0
C0000657,454585_S027,document,454585,OF,ESVLC,40,HQ,69,53,69-SB05,15,3,0.0
C0000658,453388_S066,document,453388,OF,USTW2,40,HQ,4A,21,4A-SB02,1,1,0.0
C0000659,453388_S066,document,453388,OF,USTW2,40,HQ,4A,21,4A-SB02,7,2,0.0
C0000660,453388_S066,document,453388,OF,USTW2,40,HQ,4A,21,4A-SB02,14,4,0.0
C0000661,453388_S066,document,453388,OF,USTW2,40,HQ,4A,41,4A-SB04,1,1,0.0
C0000662,453388_S066,document,453388,OF,USTW2,40,HQ,4A,41,4A-SB04,7,2,0.0
C0000663,453388_S066,document,453388,OF,USTW2,40,HQ,4A,41,4A-SB04,14,3,0.0
C0000664,453412_S015,document,453412,OF,DEHAM,40,HQ,49,05,49-SB01,1,1,1.0
C0000665,453412_S015,document,453412,OF,DEHAM,40,HQ,49,05,49-SB01,7,2,1.0
C0000666,453412_S015,document,453412,OF,DEHAM,40,HQ,49,05,49-SB01,14,3,1.0
C0000667,453412_S015,document,453412,OF,DEHAM,40,HQ,49,09,49-SB01,1,1,1.0
C0000668,453412_S015,document,453412,OF,DEHAM,40,HQ,49,09,49-SB01,7,2,1.0
C0000669,453412_S015,document,453412,OF,DEHAM,40,HQ,49,09,49-SB01,14,3,1.0
C0000670,453416_S049,document,453416,OF,SIKOP,40,PQ,2A,09,2A-SB01,1,1,1.0
C0000671,453416_S049,document,453416,OF,SIKOP,40,PQ,2A,09,2A-SB01,7,2,1.0
C0000672,453416_S049,document,453416,OF,SIKOP,40,PQ,2A,09,2A-SB01,14,3,1.0
C0000673,453416_S049,document,453416,OF,SIKOP,40,PQ,3B,09,3B-SB01,1,1,1.0
C0000674,453416_S049,document,453416,OF,SIKOP,40,PQ,3B,09,3B-SB01,7,2,1.0
C0000675,453416_S049,document,453416,OF,SIKOP,40,PQ,3B,09,3B-SB01,14,4,1.0
C0000676,453388_S045,document,453388,OF,CAVAN,40,HQ,4A,01,4A-SB01,1,1,0.0
C0000677,453388_S045,document,453388,OF,CAVAN,40,HQ,4A,01,4A-SB01,6,2,0.0
C0000678,453388_S045,document,453388,OF,CAVAN,40,HQ,4A,01,4A-SB01,13,3,0.0
C0000679,453388_S045,document,453388,OF,CAVAN,40,HQ,4A,49,4A-SB05,1,1,0.0
C0000680,453388_S045,document,453388,OF,CAVAN,40,HQ,4A,49,4A-SB05,6,2,0.0
C0000681,453388_S045,document,453388,OF,CAVAN,40,HQ,4A,49,4A-SB05,13,3,0.0
C0000682,453416_S021,document,453416,OF,EGPSD,40,HQ,2A,37,2A-SB04,1,1,0.0
C0000683,453416_S021,document,453416,OF,EGPSD,40,HQ,2A,37,2A-SB04,6,2,0.0
C0000684,453416_S021,document,453416,OF,EGPSD,40,HQ,2A,37,2A-SB04,13,3,0.0
C0000685,453416_S021,document,453416,OF,EGPSD,40,HQ,E9,63,E9-SB05,1,1,0.0
C0000686,453416_S021,document,453416,OF,EGPSD,40,HQ,E9,63,E9-SB05,6,2,0.0
C0000687,453416_S021,document,453416,OF,EGPSD,40,HQ,E9,63,E9-SB05,13,4,0.0
C0000688,453416_S023,document,453416,OF,EGPSD,40,HQ,2A,37,2A-SB04,1,1,0.0
C0000689,453416_S023,document,453416,OF,EGPSD,40,HQ,2A,37,2A-SB04,6,2,0.0
C0000690,453416_S023,document,453416,OF,EGPSD,40,HQ,2A,37,2A-SB04,13,3,0.0
C0000691,453416_S023,document,453416,OF,EGPSD,40,HQ,E9,63,E9-SB05,1,1,0.0
C0000692,453416_S023,document,453416,OF,EGPSD,40,HQ,E9,63,E9-SB05,6,2,0.0
C0000693,453416_S023,document,453416,OF,EGPSD,40,HQ,E9,63,E9-SB05,13,4,0.0
C0000694,453388_S032,document,453388,OF,CAVA3,40,HQ,4A,05,4A-SB01,1,1,0.0
C0000695,453388_S032,document,453388,OF,CAVA3,40,HQ,4A,05,4A-SB01,6,2,0.0
C0000696,453388_S032,document,453388,OF,CAVA3,40,HQ,4A,05,4A-SB01,12,3,0.0
C0000697,453388_S032,document,453388,OF,CAVA3,40,HQ,4A,09,4A-SB01,1,1,0.0
C0000698,453388_S032,document,453388,OF,CAVA3,40,HQ,4A,09,4A-SB01,6,2,0.0
C0000699,453388_S032,document,453388,OF,CAVA3,40,HQ,4A,09,4A-SB01,12,4,0.0
C0000700,453388_S055,document,453388,OF,USTIW,40,HQ,4A,33,4A-SB03,1,1,0.0
C0000701,453388_S055,document,453388,OF,USTIW,40,HQ,4A,33,4A-SB03,6,2,0.0
C0000702,453388_S055,document,453388,OF,USTIW,40,HQ,4A,33,4A-SB03,12,3,0.0
C0000703,453388_S055,document,453388,OF,USTIW,40,HQ,4A,37,4A-SB04,1,1,0.0
C0000704,453388_S055,document,453388,OF,USTIW,40,HQ,4A,37,4A-SB04,6,2,0.0
C0000705,453388_S055,document,453388,OF,USTIW,40,HQ,4A,37,4A-SB04,12,3,0.0
C0000706,453416_S029,document,453416,OF,HRRJK,40,HQ,2A,01,2A-SB01,1,1,0.0
C0000707,453416_S029,document,453416,OF,HRRJK,40,HQ,2A,01,2A-SB01,6,2,0.0
C0000708,453416_S029,document,453416,OF,HRRJK,40,HQ,2A,01,2A-SB01,12,3,0.0
C0000709,453416_S029,document,453416,OF,HRRJK,40,HQ,3A,21,3A-SB02,1,1,0.0
C0000710,453416_S029,document,453416,OF,HRRJK,40,HQ,3A,21,3A-SB02,2,1,0.0
C0000711,453416_S029,document,453416,OF,HRRJK,40,HQ,3A,21,3A-SB02,5,2,0.0
C0000712,453416_S029,document,453416,OF,HRRJK,40,HQ,3A,21,3A-SB02,10,4,0.0
C0000713,453416_S040,document,453416,OF,MYTPP,40,HQ,2A,01,2A-SB01,1,1,0.0
C0000714,453416_S040,document,453416,OF,MYTPP,40,HQ,2A,01,2A-SB01,6,2,0.0
C0000715,453416_S040,document,453416,OF,MYTPP,40,HQ,2A,01,2A-SB01,12,3,0.0
C0000716,453416_S040,document,453416,OF,MYTPP,40,HQ,2A,45,2A-SB04,1,1,0.0
C0000717,453416_S040,document,453416,OF,MYTPP,40,HQ,2A,45,2A-SB04,6,2,0.0
C0000718,453416_S040,document,453416,OF,MYTPP,40,HQ,2A,45,2A-SB04,12,3,0.0
C0000719,453250_S013,document,453250,OF,KRPUS,40,HQ,2A,21,2A-SB02,1,1,0.0
C0000720,453250_S013,document,453250,OF,KRPUS,40,HQ,2A,21,2A-SB02,5,2,0.0
C0000721,453250_S013,document,453250,OF,KRPUS,40,HQ,2A,21,2A-SB02,11,3,0.0
C0000722,453250_S013,document,453250,OF,KRPUS,40,HQ,5B,53,5B-SB04,1,1,0.0
C0000723,453250_S013,document,453250,OF,KRPUS,40,HQ,5B,53,5B-SB04,5,1,0.0
C0000724,453250_S013,document,453250,OF,KRPUS,40,HQ,5B,53,5B-SB04,11,3,0.0
C0000725,453388_S026,document,453388,OF,CAVA2,40,HQ,4A,29,4A-SB03,1,1,0.0
C0000726,453388_S026,document,453388,OF,CAVA2,40,HQ,4A,29,4A-SB03,5,1,0.0
C0000727,453388_S026,document,453388,OF,CAVA2,40,HQ,4A,29,4A-SB03,11,3,0.0
C0000728,453388_S026,document,453388,OF,CAVA2,40,HQ,3C,05,3C-SB01,1,1,1.0
C0000729,453388_S026,document,453388,OF,CAVA2,40,HQ,3C,05,3C-SB01,5,2,1.0
C0000730,453388_S026,document,453388,OF,CAVA2,40,HQ,3C,05,3C-SB01,11,3,1.0
C0000731,453388_S051,document,453388,OF,USTIW,40,HQ,4A,33,4A-SB03,1,1,0.0
C0000732,453388_S051,document,453388,OF,USTIW,40,HQ,4A,33,4A-SB03,5,1,0.0
C0000733,453388_S051,document,453388,OF,USTIW,40,HQ,4A,33,4A-SB03,11,3,0.0
C0000734,453388_S051,document,453388,OF,USTIW,40,HQ,4A,37,4A-SB04,1,1,0.0
C0000735,453388_S051,document,453388,OF,USTIW,40,HQ,4A,37,4A-SB04,5,1,0.0
C0000736,453388_S051,document,453388,OF,USTIW,40,HQ,4A,37,4A-SB04,11,3,0.0
C0000737,453412_S034,document,453412,OF,NLRTM,40,HQ,49,17,49-SB02,1,1,0.0
C0000738,453412_S034,document,453412,OF,NLRTM,40,HQ,49,17,49-SB02,5,1,0.0
C0000739,453412_S034,document,453412,OF,NLRTM,40,HQ,49,17,49-SB02,11,3,0.0
C0000740,453412_S034,document,453412,OF,NLRTM,40,HQ,49,53,49-SB05,1,1,0.0
C0000741,453412_S034,document,453412,OF,NLRTM,40,HQ,49,53,49-SB05,5,1,0.0
C0000742,453412_S034,document,453412,OF,NLRTM,40,HQ,49,53,49-SB05,11,3,0.0
C0000743,453412_S035,document,453412,OF,NLRTM,40,HQ,49,17,49-SB02,1,1,0.0
C0000744,453412_S035,document,453412,OF,NLRTM,40,HQ,49,17,49-SB02,5,1,0.0
C0000745,453412_S035,document,453412,OF,NLRTM,40,HQ,49,17,49-SB02,11,3,0.0
C0000746,453412_S035,document,453412,OF,NLRTM,40,HQ,49,53,49-SB05,1,1,0.0
C0000747,453412_S035,document,453412,OF,NLRTM,40,HQ,49,53,49-SB05,5,1,0.0
C0000748,453412_S035,document,453412,OF,NLRTM,40,HQ,49,53,49-SB05,11,3,0.0
C0000749,453412_S037,document,453412,OF,NLRTM,40,HQ,49,17,49-SB02,1,1,0.0
C0000750,453412_S037,document,453412,OF,NLRTM,40,HQ,49,17,49-SB02,5,1,0.0
C0000751,453412_S037,document,453412,OF,NLRTM,40,HQ,49,17,49-SB02,10,2,0.0
C0000752,453412_S037,document,453412,OF,NLRTM,40,HQ,49,53,49-SB05,1,1,0.0
C0000753,453412_S037,document,453412,OF,NLRTM,40,HQ,49,53,49-SB05,5,1,0.0
C0000754,453412_S037,document,453412,OF,NLRTM,40,HQ,49,53,49-SB05,10,2,0.0
C0000755,454585_S021,document,454585,OF,ESVL3,40,HQ,5A,01,5A-SB01,1,1,1.0
C0000756,454585_S021,document,454585,OF,ESVL3,40,HQ,5A,01,5A-SB01,5,1,1.0
C0000757,454585_S021,document,454585,OF,ESVL3,40,HQ,5A,01,5A-SB01,10,2,1.0
C0000758,454585_S021,document,454585,OF,ESVL3,40,HQ,5A,05,5A-SB01,1,1,1.0
C0000759,454585_S021,document,454585,OF,ESVL3,40,HQ,5A,05,5A-SB01,5,1,1.0
C0000760,454585_S021,document,454585,OF,ESVL3,40,HQ,5A,05,5A-SB01,10,2,1.0
C0000761,453412_S027,document,453412,OF,MYTPP,40,HQ,6B,01,6B-SB01,1,1,0.0
C0000762,453412_S027,document,453412,OF,MYTPP,40,HQ,6B,01,6B-SB01,4,1,0.0
C0000763,453412_S027,document,453412,OF,MYTPP,40,HQ,6B,01,6B-SB01,9,2,0.0
C0000764,453412_S027,document,453412,OF,MYTPP,40,HQ,6B,25,6B-SB03,1,1,0.0
C0000765,453416_S027,document,453416,OF,HRRJK,40,HQ,2A,01,2A-SB01,1,1,0.0
C0000766,453416_S027,document,453416,OF,HRRJK,40,HQ,2A,01,2A-SB01,4,1,0.0
C0000767,453416_S027,document,453416,OF,HRRJK,40,HQ,2A,01,2A-SB01,9,2,0.0
C0000768,453416_S027,document,453416,OF,HRRJK,40,HQ,3A,21,3A-SB02,1,1,0.0
C0000769,453416_S027,document,453416,OF,HRRJK,40,HQ,3A,21,3A-SB02,4,2,0.0
C0000770,453416_S027,document,453416,OF,HRRJK,40,HQ,3A,21,3A-SB02,9,3,0.0
C0000771,453416_S031,document,453416,OF,HRRJK,40,HQ,2A,01,2A-SB01,1,1,0.0
C0000772,453416_S031,document,453416,OF,HRRJK,40,HQ,2A,01,2A-SB01,4,1,0.0
C0000773,453416_S031,document,453416,OF,HRRJK,40,HQ,2A,01,2A-SB01,9,2,0.0
C0000774,453416_S031,document,453416,OF,HRRJK,40,HQ,3A,21,3A-SB02,1,1,0.0
C0000775,453416_S031,document,453416,OF,HRRJK,40,HQ,3A,21,3A-SB02,4,2,0.0
C0000776,453416_S031,document,453416,OF,HRRJK,40,HQ,3A,21,3A-SB02,9,3,0.0
C0000777,453416_S039,document,453416,OF,MYTPP,40,HQ,2A,01,2A-SB01,1,1,0.0
C0000778,453416_S039,document,453416,OF,MYTPP,40,HQ,2A,01,2A-SB01,4,1,0.0
C0000779,453416_S039,document,453416,OF,MYTPP,40,HQ,2A,01,2A-SB01,9,2,0.0
C0000780,453416_S039,document,453416,OF,MYTPP,40,HQ,2A,45,2A-SB04,1,1,0.0
C0000781,453416_S039,document,453416,OF,MYTPP,40,HQ,2A,45,2A-SB04,4,1,0.0
C0000782,453416_S039,document,453416,OF,MYTPP,40,HQ,2A,45,2A-SB04,9,2,0.0
C0000783,454710_S017,document,454710,OF,ITGOA,40,HQ,6A,33,6A-SB03,1,1,0.0
C0000784,454710_S017,document,454710,OF,ITGOA,40,HQ,6A,33,6A-SB03,2,1,0.0
C0000785,454710_S017,document,454710,OF,ITGOA,40,HQ,1K,05,1K-SB01,1,1,1.0
C0000786,454710_S017,document,454710,OF,ITGOA,40,HQ,1K,05,1K-SB01,4,2,1.0
C0000787,454710_S017,document,454710,OF,ITGOA,40,HQ,1K,05,1K-SB01,9,3,1.0
C0000788,453388_S025,document,453388,OF,CAVA2,40,HQ,4A,29,4A-SB03,1,1,0.0
C0000789,453388_S025,document,453388,OF,CAVA2,40,HQ,4A,29,4A-SB03,4,1,0.0
C0000790,453388_S025,document,453388,OF,CAVA2,40,HQ,4A,29,4A-SB03,8,2,0.0
C0000791,453388_S025,document,453388,OF,CAVA2,40,HQ,19,37,19-SB02,1,1,1.0
C0000792,453388_S025,document,453388,OF,CAVA2,40,HQ,19,37,19-SB02,4,1,1.0
C0000793,453388_S025,document,453388,OF,CAVA2,40,HQ,19,37,19-SB02,8,2,1.0
C0000794,453388_S047,document,453388,OF,CAVAN,40,PQ,3C,05,3C-SB01,1,1,1.0
C0000795,453388_S047,document,453388,OF,CAVAN,40,PQ,3C,05,3C-SB01,4,1,1.0
C0000796,453388_S047,document,453388,OF,CAVAN,40,PQ,3C,05,3C-SB01,8,2,1.0
C0000797,453388_S047,document,453388,OF,CAVAN,40,PQ,3C,09,3C-SB01,1,1,1.0
C0000798,453388_S047,document,453388,OF,CAVAN,40,PQ,3C,09,3C-SB01,4,1,1.0
C0000799,453388_S047,document,453388,OF,CAVAN,40,PQ,3C,09,3C-SB01,8,2,1.0
C0000800,453388_S059,document,453388,OF,USTW1,40,HQ,4B,01,4B-SB01,1,1,1.0
C0000801,453388_S059,document,453388,OF,USTW1,40,HQ,4B,01,4B-SB01,4,1,1.0
C0000802,453388_S059,document,453388,OF,USTW1,40,HQ,4B,01,4B-SB01,8,2,1.0
C0000803,453388_S059,document,453388,OF,USTW1,40,HQ,4B,05,4B-SB01,1,1,1.0
C0000804,453388_S059,document,453388,OF,USTW1,40,HQ,4B,05,4B-SB01,4,1,1.0
C0000805,453388_S059,document,453388,OF,USTW1,40,HQ,4B,05,4B-SB01,8,2,1.0
C0000806,453416_S045,document,453416,OF,SIKOP,40,HQ,2A,21,2A-SB02,1,1,0.0
C0000807,453416_S045,document,453416,OF,SIKOP,40,HQ,2A,21,2A-SB02,4,1,0.0
C0000808,453416_S045,document,453416,OF,SIKOP,40,HQ,2A,21,2A-SB02,8,2,0.0
C0000809,453416_S045,document,453416,OF,SIKOP,40,HQ,2A,25,2A-SB03,1,1,0.0
C0000810,453416_S045,document,453416,OF,SIKOP,40,HQ,2A,25,2A-SB03,4,1,0.0
C0000811,453416_S045,document,453416,OF,SIKOP,40,HQ,2A,25,2A-SB03,8,2,0.0
C0000812,454585_S035,document,454585,OF,ZZOP1,40,HQ,5A,01,5A-SB01,1,1,1.0
C0000813,454585_S035,document,454585,OF,ZZOP1,40,HQ,5A,01,5A-SB01,4,1,1.0
C0000814,454585_S035,document,454585,OF,ZZOP1,40,HQ,5A,01,5A-SB01,8,2,1.0
C0000815,454585_S035,document,454585,OF,ZZOP1,40,HQ,5A,05,5A-SB01,1,1,1.0
C0000816,454585_S035,document,454585,OF,ZZOP1,40,HQ,5A,05,5A-SB01,4,1,1.0
C0000817,454585_S035,document,454585,OF,ZZOP1,40,HQ,5A,05,5A-SB01,8,2,1.0
C0000818,454585_S038,document,454585,OF,ZZOPT,40,HQ,5A,01,5A-SB01,1,1,1.0
C0000819,454585_S038,document,454585,OF,ZZOPT,40,HQ,5A,01,5A-SB01,4,1,1.0
C0000820,454585_S038,document,454585,OF,ZZOPT,40,HQ,5A,01,5A-SB01,8,2,1.0
C0000821,454585_S038,document,454585,OF,ZZOPT,40,HQ,5A,05,5A-SB01,1,1,1.0
C0000822,454585_S038,document,454585,OF,ZZOPT,40,HQ,5A,05,5A-SB01,4,1,1.0
C0000823,454585_S038,document,454585,OF,ZZOPT,40,HQ,5A,05,5A-SB01,8,2,1.0
C0000824,453388_S044,document,453388,OF,CAVAN,40,HQ,4A,01,4A-SB01,1,1,0.0
C0000825,453388_S044,document,453388,OF,CAVAN,40,HQ,4A,01,4A-SB01,3,1,0.0
C0000826,453388_S044,document,453388,OF,CAVAN,40,HQ,4A,01,4A-SB01,7,2,0.0
C0000827,453388_S044,document,453388,OF,CAVAN,40,HQ,4A,49,4A-SB05,1,1,0.0
C0000828,453388_S044,document,453388,OF,CAVAN,40,HQ,4A,49,4A-SB05,3,1,0.0
C0000829,453388_S044,document,453388,OF,CAVAN,40,HQ,4A,49,4A-SB05,7,2,0.0
C0000830,454585_S023,document,454585,OF,ESVLC,40,HQ,49,41,49-SB04,1,1,0.0
C0000831,454585_S023,document,454585,OF,ESVLC,40,HQ,49,41,49-SB04,3,1,0.0
C0000832,454585_S023,document,454585,OF,ESVLC,40,HQ,49,41,49-SB04,7,2,0.0
C0000833,454585_S023,document,454585,OF,ESVLC,40,HQ,69,53,69-SB05,1,1,0.0
C0000834,454585_S023,document,454585,OF,ESVLC,40,HQ,69,53,69-SB05,3,1,0.0
C0000835,454585_S023,document,454585,OF,ESVLC,40,HQ,69,53,69-SB05,7,2,0.0
C0000836,454710_S026,document,454710,OF,ITNAP,40,HQ,1K,05,1K-SB01,1,1,1.0
C0000837,454710_S026,document,454710,OF,ITNAP,40,HQ,1K,05,1K-SB01,3,1,1.0
C0000838,454710_S026,document,454710,OF,ITNAP,40,HQ,1K,05,1K-SB01,7,3,1.0
C0000839,454710_S026,document,454710,OF,ITNAP,40,HQ,1K,09,1K-SB01,1,1,1.0
C0000840,454710_S026,document,454710,OF,ITNAP,40,HQ,1K,09,1K-SB01,3,1,1.0
C0000841,454710_S026,document,454710,OF,ITNAP,40,HQ,1K,09,1K-SB01,7,3,1.0
C0000842,453250_S012,document,453250,OF,KRPUS,40,HQ,2A,21,2A-SB02,1,1,0.0
C0000843,453250_S012,document,453250,OF,KRPUS,40,HQ,2A,21,2A-SB02,3,1,0.0
C0000844,453250_S012,document,453250,OF,KRPUS,40,HQ,2A,21,2A-SB02,6,2,0.0
C0000845,453250_S012,document,453250,OF,KRPUS,40,HQ,2A,33,2A-SB03,1,1,0.0
C0000846,453250_S012,document,453250,OF,KRPUS,40,HQ,2A,33,2A-SB03,3,1,0.0
C0000847,453250_S012,document,453250,OF,KRPUS,40,HQ,2A,33,2A-SB03,6,2,0.0
C0000848,453412_S017,document,453412,OF,DEHAM,40,HQ,49,05,49-SB01,1,1,1.0
C0000849,453412_S017,document,453412,OF,DEHAM,40,HQ,49,05,49-SB01,3,1,1.0
C0000850,453412_S017,document,453412,OF,DEHAM,40,HQ,49,05,49-SB01,6,2,1.0
C0000851,453412_S017,document,453412,OF,DEHAM,40,HQ,49,09,49-SB01,1,1,1.0
C0000852,453412_S017,document,453412,OF,DEHAM,40,HQ,49,09,49-SB01,3,1,1.0
C0000853,453412_S017,document,453412,OF,DEHAM,40,HQ,49,09,49-SB01,6,2,1.0
C0000854,453412_S019,document,453412,OF,DEHAM,40,HQ,49,05,49-SB01,1,1,1.0
C0000855,453412_S019,document,453412,OF,DEHAM,40,HQ,49,05,49-SB01,3,1,1.0
C0000856,453412_S019,document,453412,OF,DEHAM,40,HQ,49,05,49-SB01,6,2,1.0
C0000857,453412_S019,document,453412,OF,DEHAM,40,HQ,49,09,49-SB01,1,1,1.0
C0000858,453412_S019,document,453412,OF,DEHAM,40,HQ,49,09,49-SB01,3,1,1.0
C0000859,453412_S019,document,453412,OF,DEHAM,40,HQ,49,09,49-SB01,6,2,1.0
C0000860,454585_S017,document,454585,OF,ESBCN,40,HQ,5A,01,5A-SB01,1,1,1.0
C0000861,454585_S017,document,454585,OF,ESBCN,40,HQ,5A,01,5A-SB01,3,1,1.0
C0000862,454585_S017,document,454585,OF,ESBCN,40,HQ,5A,01,5A-SB01,6,2,1.0
C0000863,454585_S017,document,454585,OF,ESBCN,40,HQ,5A,05,5A-SB01,1,1,1.0
C0000864,454585_S017,document,454585,OF,ESBCN,40,HQ,5A,05,5A-SB01,3,1,1.0
C0000865,454585_S017,document,454585,OF,ESBCN,40,HQ,5A,05,5A-SB01,6,2,1.0
C0000866,454710_S032,document,454710,OF,ITNAP,40,PQ,1K,05,1K-SB01,1,1,1.0
C0000867,454710_S032,document,454710,OF,ITNAP,40,PQ,1K,05,1K-SB01,3,1,1.0
C0000868,454710_S032,document,454710,OF,ITNAP,40,PQ,1K,05,1K-SB01,6,2,1.0
C0000869,454710_S032,document,454710,OF,ITNAP,40,PQ,1K,21,1K-SB02,1,1,1.0
C0000870,454710_S032,document,454710,OF,ITNAP,40,PQ,1K,21,1K-SB02,3,1,1.0
C0000871,454710_S032,document,454710,OF,ITNAP,40,PQ,1K,21,1K-SB02,6,2,1.0
C0000872,453250_S010,document,453250,OF,KRPUS,40,HQ,2A,21,2A-SB02,1,1,0.0
C0000873,453250_S010,document,453250,OF,KRPUS,40,HQ,2A,21,2A-SB02,2,1,0.0
C0000874,453250_S010,document,453250,OF,KRPUS,40,HQ,2A,21,2A-SB02,5,2,0.0
C0000875,453250_S010,document,453250,OF,KRPUS,40,HQ,2A,33,2A-SB03,1,1,0.0
C0000876,453250_S010,document,453250,OF,KRPUS,40,HQ,2A,33,2A-SB03,2,1,0.0
C0000877,453250_S010,document,453250,OF,KRPUS,40,HQ,2A,33,2A-SB03,5,2,0.0
C0000878,453388_S046,document,453388,OF,CAVAN,40,HQ,4A,01,4A-SB01,1,1,0.0
C0000879,453388_S046,document,453388,OF,CAVAN,40,HQ,4A,01,4A-SB01,2,1,0.0
C0000880,453388_S046,document,453388,OF,CAVAN,40,HQ,4A,01,4A-SB01,5,1,0.0
C0000881,453388_S046,document,453388,OF,CAVAN,40,HQ,4A,49,4A-SB05,1,1,0.0
C0000882,453388_S046,document,453388,OF,CAVAN,40,HQ,4A,49,4A-SB05,2,1,0.0
C0000883,453388_S046,document,453388,OF,CAVAN,40,HQ,4A,49,4A-SB05,5,1,0.0
C0000884,453388_S060,document,453388,OF,USTW1,40,HQ,4B,01,4B-SB01,1,1,1.0
C0000885,453388_S060,document,453388,OF,USTW1,40,HQ,4B,01,4B-SB01,2,1,1.0
C0000886,453388_S060,document,453388,OF,USTW1,40,HQ,4B,01,4B-SB01,5,1,1.0
C0000887,453388_S060,document,453388,OF,USTW1,40,HQ,4B,05,4B-SB01,1,1,1.0
C0000888,453388_S060,document,453388,OF,USTW1,40,HQ,4B,05,4B-SB01,2,1,1.0
C0000889,453388_S060,document,453388,OF,USTW1,40,HQ,4B,05,4B-SB01,5,1,1.0
C0000890,453396_S020,document,453396,OF,MYTPP,40,HQ,1C,01,1C-SB01,1,1,1.0
C0000891,453396_S020,document,453396,OF,MYTPP,40,HQ,1C,01,1C-SB01,2,1,1.0
C0000892,453396_S020,document,453396,OF,MYTPP,40,HQ,1C,01,1C-SB01,4,1,1.0
C0000893,453396_S020,document,453396,OF,MYTPP,40,HQ,1C,53,,1,1,7.0
C0000894,453396_S020,document,453396,OF,MYTPP,40,HQ,1C,53,,2,1,7.0
C0000895,453396_S020,document,453396,OF,MYTPP,40,HQ,1C,53,,5,1,7.0
C0000896,453396_S021,document,453396,OF,MYTPP,40,PQ,1C,53,,1,1,7.0
C0000897,453396_S021,document,453396,OF,MYTPP,40,PQ,1C,53,,2,1,7.0
C0000898,453396_S021,document,453396,OF,MYTPP,40,PQ,1C,53,,5,1,7.0
C0000899,453396_S021,document,453396,OF,MYTPP,40,PQ,6B,09,6B-SB01,1,1,1.0
C0000900,453396_S021,document,453396,OF,MYTPP,40,PQ,6B,09,6B-SB01,2,1,1.0
C0000901,453396_S021,document,453396,OF,MYTPP,40,PQ,6B,09,6B-SB01,5,1,1.0
C0000902,453412_S018,document,453412,OF,DEHAM,40,HQ,49,05,49-SB01,1,1,1.0
C0000903,453412_S018,document,453412,OF,DEHAM,40,HQ,49,05,49-SB01,2,1,1.0
C0000904,453412_S018,document,453412,OF,DEHAM,40,HQ,49,05,49-SB01,5,1,1.0
C0000905,453412_S018,document,453412,OF,DEHAM,40,HQ,49,09,49-SB01,1,1,1.0
C0000906,453412_S018,document,453412,OF,DEHAM,40,HQ,49,09,49-SB01,2,1,1.0
C0000907,453412_S018,document,453412,OF,DEHAM,40,HQ,49,09,49-SB01,5,1,1.0
C0000908,453412_S023,document,453412,OF,MYTPP,40,HQ,6B,01,6B-SB01,1,1,0.0
C0000909,453412_S023,document,453412,OF,MYTPP,40,HQ,6B,01,6B-SB01,2,1,0.0
C0000910,453412_S023,document,453412,OF,MYTPP,40,HQ,6B,01,6B-SB01,5,1,0.0
C0000911,453412_S023,document,453412,OF,MYTPP,40,HQ,6B,25,6B-SB03,1,1,0.0
C0000912,453412_S026,document,453412,OF,MYTPP,40,HQ,6B,01,6B-SB01,1,1,0.0
C0000913,453412_S026,document,453412,OF,MYTPP,40,HQ,6B,01,6B-SB01,2,1,0.0
C0000914,453412_S026,document,453412,OF,MYTPP,40,HQ,6B,01,6B-SB01,5,1,0.0
C0000915,453412_S026,document,453412,OF,MYTPP,40,HQ,6B,25,6B-SB03,1,1,0.0
C0000916,454585_S014,document,454585,OF,ESBCN,40,HQ,5A,01,5A-SB01,1,1,1.0
C0000917,454585_S014,document,454585,OF,ESBCN,40,HQ,5A,01,5A-SB01,2,1,1.0
C0000918,454585_S014,document,454585,OF,ESBCN,40,HQ,5A,01,5A-SB01,5,1,1.0
C0000919,454585_S014,document,454585,OF,ESBCN,40,HQ,5A,05,5A-SB01,1,1,1.0
C0000920,454585_S014,document,454585,OF,ESBCN,40,HQ,5A,05,5A-SB01,2,1,1.0
C0000921,454585_S014,document,454585,OF,ESBCN,40,HQ,5A,05,5A-SB01,5,1,1.0
C0000922,454585_S036,document,454585,OF,ZZOP1,40,HQ,5A,01,5A-SB01,1,1,1.0
C0000923,454585_S036,document,454585,OF,ZZOP1,40,HQ,5A,01,5A-SB01,2,1,1.0
C0000924,454585_S036,document,454585,OF,ZZOP1,40,HQ,5A,01,5A-SB01,5,1,1.0
C0000925,454585_S036,document,454585,OF,ZZOP1,40,HQ,5A,05,5A-SB01,1,1,1.0
C0000926,454585_S036,document,454585,OF,ZZOP1,40,HQ,5A,05,5A-SB01,2,1,1.0
C0000927,454585_S036,document,454585,OF,ZZOP1,40,HQ,5A,05,5A-SB01,5,1,1.0
C0000928,454710_S019,document,454710,OF,ITGOA,40,HQ,6A,33,6A-SB03,1,1,0.0
C0000929,454710_S019,document,454710,OF,ITGOA,40,HQ,6A,33,6A-SB03,2,1,0.0
C0000930,454710_S019,document,454710,OF,ITGOA,40,HQ,1D,25,1D-SB03,1,1,1.0
C0000931,454710_S019,document,454710,OF,ITGOA,40,HQ,1D,25,1D-SB03,2,1,1.0
C0000932,454710_S019,document,454710,OF,ITGOA,40,HQ,1D,25,1D-SB03,5,1,1.0
C0000933,454710_S020,document,454710,OF,ITGOA,40,HQ,6A,33,6A-SB03,1,1,0.0
C0000934,454710_S020,document,454710,OF,ITGOA,40,HQ,6A,33,6A-SB03,2,1,0.0
C0000935,454710_S020,document,454710,OF,ITGOA,40,HQ,1D,25,1D-SB03,1,1,1.0
C0000936,454710_S020,document,454710,OF,ITGOA,40,HQ,1D,25,1D-SB03,2,1,1.0
C0000937,454710_S020,document,454710,OF,ITGOA,40,HQ,1D,25,1D-SB03,5,1,1.0
C0000938,454710_S021,document,454710,OF,ITGOA,40,HQ,6A,33,6A-SB03,1,1,0.0
C0000939,454710_S021,document,454710,OF,ITGOA,40,HQ,6A,33,6A-SB03,2,1,0.0
C0000940,454710_S021,document,454710,OF,ITGOA,40,HQ,1D,25,1D-SB03,1,1,1.0
C0000941,454710_S021,document,454710,OF,ITGOA,40,HQ,1D,25,1D-SB03,2,1,1.0
C0000942,454710_S021,document,454710,OF,ITGOA,40,HQ,1D,25,1D-SB03,5,1,1.0
C0000943,453250_S011,document,453250,OF,KRPUS,40,HQ,2A,21,2A-SB02,1,1,0.0
C0000944,453250_S011,document,453250,OF,KRPUS,40,HQ,2A,21,2A-SB02,2,1,0.0
C0000945,453250_S011,document,453250,OF,KRPUS,40,HQ,2A,21,2A-SB02,4,1,0.0
C0000946,453250_S011,document,453250,OF,KRPUS,40,HQ,2A,33,2A-SB03,1,1,0.0
C0000947,453250_S011,document,453250,OF,KRPUS,40,HQ,2A,33,2A-SB03,2,1,0.0
C0000948,453250_S011,document,453250,OF,KRPUS,40,HQ,2A,33,2A-SB03,4,1,0.0
C0000949,453250_S018,document,453250,OF,USNWK,40,HQ,2A,01,2A-SB01,1,1,1.0
C0000950,453250_S018,document,453250,OF,USNWK,40,HQ,2A,01,2A-SB01,2,1,1.0
C0000951,453250_S018,document,453250,OF,USNWK,40,HQ,2A,01,2A-SB01,4,1,1.0
C0000952,453250_S018,document,453250,OF,USNWK,40,HQ,2A,09,2A-SB01,1,1,1.0
C0000953,453250_S018,document,453250,OF,USNWK,40,HQ,2A,09,2A-SB01,2,1,1.0
C0000954,453250_S018,document,453250,OF,USNWK,40,HQ,2A,09,2A-SB01,4,1,1.0
C0000955,453250_S021,document,453250,OF,USNYC,40,HQ,2A,25,2A-SB03,1,1,0.0
C0000956,453250_S021,document,453250,OF,USNYC,40,HQ,2A,25,2A-SB03,2,1,0.0
C0000957,453250_S021,document,453250,OF,USNYC,40,HQ,2A,25,2A-SB03,4,1,0.0
C0000958,453250_S021,document,453250,OF,USNYC,40,HQ,2A,01,2A-SB01,1,1,1.0
C0000959,453250_S021,document,453250,OF,USNYC,40,HQ,2A,01,2A-SB01,2,1,1.0
C0000960,453250_S021,document,453250,OF,USNYC,40,HQ,2A,01,2A-SB01,4,1,1.0
C0000961,453308_S018,document,453308,OF,ESBCN,40,HQ,ED,79,ED-SB07,1,1,0.0
C0000962,453308_S018,document,453308,OF,ESBCN,40,HQ,ED,79,ED-SB07,2,1,0.0
C0000963,453308_S018,document,453308,OF,ESBCN,40,HQ,ED,11,ED-SB01,1,1,1.0
C0000964,453308_S018,document,453308,OF,ESBCN,40,HQ,ED,11,ED-SB01,2,1,1.0
C0000965,453308_S018,document,453308,OF,ESBCN,40,HQ,ED,11,ED-SB01,4,1,1.0
C0000966,453352_S003,document,453352,OF,JPNGO,40,HQ,4B,01,4B-SB01,1,1,1.0
C0000967,453352_S003,document,453352,OF,JPNGO,40,HQ,4B,01,4B-SB01,2,1,1.0
C0000968,453352_S003,document,453352,OF,JPNGO,40,HQ,4B,01,4B-SB01,4,1,1.0
C0000969,453352_S003,document,453352,OF,JPNGO,40,HQ,4B,05,4B-SB01,1,1,1.0
C0000970,453352_S003,document,453352,OF,JPNGO,40,HQ,4B,05,4B-SB01,2,1,1.0
C0000971,453352_S003,document,453352,OF,JPNGO,40,HQ,4B,05,4B-SB01,4,1,1.0
C0000972,453388_S024,document,453388,OF,CAVA2,40,HQ,4A,29,4A-SB03,1,1,0.0
C0000973,453388_S024,document,453388,OF,CAVA2,40,HQ,4A,29,4A-SB03,2,1,0.0
C0000974,453388_S024,document,453388,OF,CAVA2,40,HQ,4A,29,4A-SB03,4,1,0.0
C0000975,453388_S024,document,453388,OF,CAVA2,40,HQ,19,37,19-SB02,1,1,1.0
C0000976,453388_S024,document,453388,OF,CAVA2,40,HQ,19,37,19-SB02,2,1,1.0
C0000977,453388_S024,document,453388,OF,CAVA2,40,HQ,19,37,19-SB02,4,1,1.0
C0000978,453388_S028,document,453388,OF,CAVA2,40,HQ,4A,29,4A-SB03,1,1,0.0
C0000979,453388_S028,document,453388,OF,CAVA2,40,HQ,4A,29,4A-SB03,2,1,0.0
C0000980,453388_S028,document,453388,OF,CAVA2,40,HQ,4A,29,4A-SB03,4,1,0.0
C0000981,453388_S028,document,453388,OF,CAVA2,40,HQ,19,37,19-SB02,1,1,1.0
C0000982,453388_S028,document,453388,OF,CAVA2,40,HQ,19,37,19-SB02,2,1,1.0
C0000983,453388_S028,document,453388,OF,CAVA2,40,HQ,19,37,19-SB02,4,1,1.0
C0000984,453388_S030,document,453388,OF,CAVA2,40,PQ,3C,05,3C-SB01,1,1,1.0
C0000985,453388_S030,document,453388,OF,CAVA2,40,PQ,3C,05,3C-SB01,2,1,1.0
C0000986,453388_S030,document,453388,OF,CAVA2,40,PQ,3C,05,3C-SB01,4,1,1.0
C0000987,453388_S030,document,453388,OF,CAVA2,40,PQ,3C,09,3C-SB01,1,1,1.0
C0000988,453388_S030,document,453388,OF,CAVA2,40,PQ,3C,09,3C-SB01,2,1,1.0
C0000989,453388_S030,document,453388,OF,CAVA2,40,PQ,3C,09,3C-SB01,4,1,1.0
C0000990,453388_S043,document,453388,OF,CAVAN,40,HQ,4A,01,4A-SB01,1,1,0.0
C0000991,453388_S043,document,453388,OF,CAVAN,40,HQ,4A,01,4A-SB01,2,1,0.0
C0000992,453388_S043,document,453388,OF,CAVAN,40,HQ,4A,01,4A-SB01,4,1,0.0
C0000993,453388_S043,document,453388,OF,CAVAN,40,HQ,4A,49,4A-SB05,1,1,0.0
C0000994,453388_S043,document,453388,OF,CAVAN,40,HQ,4A,49,4A-SB05,2,1,0.0
C0000995,453388_S043,document,453388,OF,CAVAN,40,HQ,4A,49,4A-SB05,4,1,0.0
C0000996,453396_S013,document,453396,OF,DEWVN,40,HQ,1C,01,1C-SB01,1,1,1.0
C0000997,453396_S013,document,453396,OF,DEWVN,40,HQ,1C,01,1C-SB01,2,1,1.0
C0000998,453396_S013,document,453396,OF,DEWVN,40,HQ,1C,01,1C-SB01,4,1,1.0
C0000999,453396_S013,document,453396,OF,DEWVN,40,HQ,1C,53,,1,1,7.0
C0001000,453396_S013,document,453396,OF,DEWVN,40,HQ,1C,53,,2,1,7.0
C0001001,453396_S013,document,453396,OF,DEWVN,40,HQ,1C,53,,4,1,7.0
C0001002,453396_S018,document,453396,OF,MYTPP,40,HQ,1C,01,1C-SB01,1,1,1.0
C0001003,453396_S018,document,453396,OF,MYTPP,40,HQ,1C,01,1C-SB01,2,1,1.0
C0001004,453396_S018,document,453396,OF,MYTPP,40,HQ,1C,01,1C-SB01,4,1,1.0
C0001005,453396_S018,document,453396,OF,MYTPP,40,HQ,1C,53,,1,1,7.0
C0001006,453396_S018,document,453396,OF,MYTPP,40,HQ,1C,53,,2,1,7.0
C0001007,453396_S018,document,453396,OF,MYTPP,40,HQ,1C,53,,4,1,7.0
C0001008,453412_S024,document,453412,OF,MYTPP,40,HQ,6B,01,6B-SB01,1,1,0.0
C0001009,453412_S024,document,453412,OF,MYTPP,40,HQ,6B,01,6B-SB01,2,1,0.0
C0001010,453412_S024,document,453412,OF,MYTPP,40,HQ,6B,01,6B-SB01,4,1,0.0
C0001011,453412_S024,document,453412,OF,MYTPP,40,HQ,6B,25,6B-SB03,1,1,0.0
C0001012,453412_S028,document,453412,OF,MYTPP,40,HQ,6B,01,6B-SB01,1,1,0.0
C0001013,453412_S028,document,453412,OF,MYTPP,40,HQ,6B,01,6B-SB01,2,1,0.0
C0001014,453412_S028,document,453412,OF,MYTPP,40,HQ,6B,01,6B-SB01,4,1,0.0
C0001015,453412_S028,document,453412,OF,MYTPP,40,HQ,6B,25,6B-SB03,1,1,0.0
C0001016,453416_S041,document,453416,OF,MYTPP,40,PQ,2A,09,2A-SB01,1,1,1.0
C0001017,453416_S041,document,453416,OF,MYTPP,40,PQ,2A,09,2A-SB01,2,1,1.0
C0001018,453416_S041,document,453416,OF,MYTPP,40,PQ,2A,09,2A-SB01,4,1,1.0
C0001019,453416_S041,document,453416,OF,MYTPP,40,PQ,3B,09,3B-SB01,1,1,1.0
C0001020,453416_S041,document,453416,OF,MYTPP,40,PQ,3B,09,3B-SB01,2,1,1.0
C0001021,453416_S041,document,453416,OF,MYTPP,40,PQ,3B,09,3B-SB01,4,1,1.0
C0001022,453416_S046,document,453416,OF,SIKOP,40,HQ,1A,37,1A-SB03,1,1,0.0
C0001023,453416_S046,document,453416,OF,SIKOP,40,HQ,1A,37,1A-SB03,2,1,0.0
C0001024,453416_S046,document,453416,OF,SIKOP,40,HQ,1A,37,1A-SB03,4,1,0.0
C0001025,453416_S046,document,453416,OF,SIKOP,40,HQ,1A,45,1A-SB04,1,1,0.0
C0001026,453416_S046,document,453416,OF,SIKOP,40,HQ,1A,45,1A-SB04,2,1,0.0
C0001027,453416_S046,document,453416,OF,SIKOP,40,HQ,1A,45,1A-SB04,4,2,0.0
C0001028,454585_S024,document,454585,OF,ESVLC,40,HQ,49,41,49-SB04,1,1,0.0
C0001029,454585_S024,document,454585,OF,ESVLC,40,HQ,49,41,49-SB04,2,1,0.0
C0001030,454585_S024,document,454585,OF,ESVLC,40,HQ,49,41,49-SB04,4,1,0.0
C0001031,454585_S024,document,454585,OF,ESVLC,40,HQ,69,53,69-SB05,1,1,0.0
C0001032,454585_S024,document,454585,OF,ESVLC,40,HQ,69,53,69-SB05,2,1,0.0
C0001033,454585_S024,document,454585,OF,ESVLC,40,HQ,69,53,69-SB05,4,1,0.0
C0001034,454585_S032,document,454585,OF,ITGIT,40,HQ,69,29,69-SB03,1,1,0.0
C0001035,454585_S032,document,454585,OF,ITGIT,40,HQ,69,29,69-SB03,2,1,0.0
C0001036,454585_S032,document,454585,OF,ITGIT,40,HQ,69,29,69-SB03,4,1,0.0
C0001037,454585_S032,document,454585,OF,ITGIT,40,HQ,69,69,69-SB06,1,1,0.0
C0001038,454585_S032,document,454585,OF,ITGIT,40,HQ,69,69,69-SB06,2,1,0.0
C0001039,454585_S032,document,454585,OF,ITGIT,40,HQ,69,69,69-SB06,4,1,0.0
C0001040,454710_S027,document,454710,OF,ITNAP,40,HQ,1D,13,1D-SB02,1,1,1.0
C0001041,454710_S027,document,454710,OF,ITNAP,40,HQ,1D,13,1D-SB02,2,1,1.0
C0001042,454710_S027,document,454710,OF,ITNAP,40,HQ,1D,13,1D-SB02,4,1,1.0
C0001043,454710_S027,document,454710,OF,ITNAP,40,HQ,1D,25,1D-SB03,1,1,1.0
C0001044,454710_S027,document,454710,OF,ITNAP,40,HQ,1D,25,1D-SB03,2,1,1.0
C0001045,454710_S027,document,454710,OF,ITNAP,40,HQ,1D,25,1D-SB03,4,1,1.0
C0001046,454710_S028,document,454710,OF,ITNAP,40,HQ,1D,13,1D-SB02,1,1,1.0
C0001047,454710_S028,document,454710,OF,ITNAP,40,HQ,1D,13,1D-SB02,2,1,1.0
C0001048,454710_S028,document,454710,OF,ITNAP,40,HQ,1D,13,1D-SB02,4,1,1.0
C0001049,454710_S028,document,454710,OF,ITNAP,40,HQ,1D,25,1D-SB03,1,1,1.0
C0001050,454710_S028,document,454710,OF,ITNAP,40,HQ,1D,25,1D-SB03,2,1,1.0
C0001051,454710_S028,document,454710,OF,ITNAP,40,HQ,1D,25,1D-SB03,4,1,1.0
C0001052,454710_S030,document,454710,OF,ITNAP,40,HQ,1D,13,1D-SB02,1,1,1.0
C0001053,454710_S030,document,454710,OF,ITNAP,40,HQ,1D,13,1D-SB02,2,1,1.0
C0001054,454710_S030,document,454710,OF,ITNAP,40,HQ,1D,13,1D-SB02,4,1,1.0
C0001055,454710_S030,document,454710,OF,ITNAP,40,HQ,1D,25,1D-SB03,1,1,1.0
C0001056,454710_S030,document,454710,OF,ITNAP,40,HQ,1D,25,1D-SB03,2,1,1.0
C0001057,454710_S030,document,454710,OF,ITNAP,40,HQ,1D,25,1D-SB03,4,1,1.0
C0001058,453308_S022,document,453308,OF,ESVLC,40,HQ,ED,11,ED-SB01,1,1,1.0
C0001059,453308_S022,document,453308,OF,ESVLC,40,HQ,ED,11,ED-SB01,3,1,1.0
C0001060,453308_S022,document,453308,OF,ESVLC,40,HQ,ED,23,ED-SB02,1,1,1.0
C0001061,453308_S022,document,453308,OF,ESVLC,40,HQ,ED,23,ED-SB02,3,1,1.0
C0001062,453324_S003,document,453324,OF,USLAX,40,HQ,38,37,38-SB02,1,1,0.0
C0001063,453324_S003,document,453324,OF,USLAX,40,HQ,38,37,38-SB02,3,1,0.0
C0001064,453324_S003,document,453324,OF,USLAX,40,HQ,38,17,,1,1,11.0
C0001065,453324_S003,document,453324,OF,USLAX,40,HQ,38,17,,2,1,11.0
C0001066,453324_S005,document,453324,OF,USLAX,40,HQ,38,37,38-SB02,1,1,0.0
C0001067,453324_S005,document,453324,OF,USLAX,40,HQ,38,37,38-SB02,3,1,0.0
C0001068,453324_S005,document,453324,OF,USLAX,40,HQ,38,17,,1,1,11.0
C0001069,453324_S005,document,453324,OF,USLAX,40,HQ,38,17,,2,1,11.0
C0001070,453388_S037,document,453388,OF,CAVA3,40,HQ,38,33,38-SB02,1,1,0.0
C0001071,453388_S037,document,453388,OF,CAVA3,40,HQ,38,33,38-SB02,3,1,0.0
C0001072,453388_S037,document,453388,OF,CAVA3,40,HQ,4A,05,4A-SB01,1,1,0.0
C0001073,453388_S037,document,453388,OF,CAVA3,40,HQ,4A,05,4A-SB01,3,1,0.0
C0001074,453388_S039,document,453388,OF,CAVA3,40,PQ,4A,13,4A-SB02,1,1,0.0
C0001075,453388_S039,document,453388,OF,CAVA3,40,PQ,4A,13,4A-SB02,3,1,0.0
C0001076,453388_S039,document,453388,OF,CAVA3,40,PQ,3C,05,3C-SB01,1,1,1.0
C0001077,453388_S039,document,453388,OF,CAVA3,40,PQ,3C,05,3C-SB01,3,1,1.0
C0001078,453388_S058,document,453388,OF,USTW1,40,HQ,4B,01,4B-SB01,1,1,1.0
C0001079,453388_S058,document,453388,OF,USTW1,40,HQ,4B,01,4B-SB01,3,1,1.0
C0001080,453388_S058,document,453388,OF,USTW1,40,HQ,4B,05,4B-SB01,1,1,1.0
C0001081,453388_S058,document,453388,OF,USTW1,40,HQ,4B,05,4B-SB01,3,1,1.0
C0001082,453412_S025,document,453412,OF,MYTPP,40,HQ,6B,01,6B-SB01,1,1,0.0
C0001083,453412_S025,document,453412,OF,MYTPP,40,HQ,6B,01,6B-SB01,3,1,0.0
C0001084,453412_S025,document,453412,OF,MYTPP,40,HQ,6B,25,6B-SB03,1,1,0.0
C0001085,453412_S036,document,453412,OF,NLRTM,40,HQ,49,17,49-SB02,1,1,0.0
C0001086,453412_S036,document,453412,OF,NLRTM,40,HQ,49,17,49-SB02,3,1,0.0
C0001087,453412_S036,document,453412,OF,NLRTM,40,HQ,49,53,49-SB05,1,1,0.0
C0001088,453412_S036,document,453412,OF,NLRTM,40,HQ,49,53,49-SB05,3,1,0.0
C0001089,453416_S032,document,453416,OF,HRRJK,40,HQ,1A,37,1A-SB03,1,1,0.0
C0001090,453416_S032,document,453416,OF,HRRJK,40,HQ,1A,37,1A-SB03,3,1,0.0
C0001091,453416_S032,document,453416,OF,HRRJK,40,HQ,2A,01,2A-SB01,1,1,0.0
C0001092,453416_S032,document,453416,OF,HRRJK,40,HQ,2A,01,2A-SB01,3,1,0.0
C0001093,453416_S034,document,453416,OF,HRRJK,40,PQ,2A,09,2A-SB01,1,1,1.0
C0001094,453416_S034,document,453416,OF,HRRJK,40,PQ,2A,09,2A-SB01,3,1,1.0
C0001095,453416_S034,document,453416,OF,HRRJK,40,PQ,3B,09,3B-SB01,1,1,1.0
C0001096,453416_S034,document,453416,OF,HRRJK,40,PQ,3B,09,3B-SB01,3,1,1.0
C0001097,453416_S038,document,453416,OF,MYTPP,40,HQ,2A,01,2A-SB01,1,1,0.0
C0001098,453416_S038,document,453416,OF,MYTPP,40,HQ,2A,01,2A-SB01,3,1,0.0
C0001099,453416_S038,document,453416,OF,MYTPP,40,HQ,2A,41,2A-SB04,1,1,0.0
C0001100,453416_S038,document,453416,OF,MYTPP,40,HQ,2A,41,2A-SB04,3,1,0.0
C0001101,453416_S048,document,453416,OF,SIKOP,40,PQ,2A,09,2A-SB01,1,1,1.0
C0001102,453416_S048,document,453416,OF,SIKOP,40,PQ,2A,09,2A-SB01,3,1,1.0
C0001103,453416_S048,document,453416,OF,SIKOP,40,PQ,3B,09,3B-SB01,1,1,1.0
C0001104,453416_S048,document,453416,OF,SIKOP,40,PQ,3B,09,3B-SB01,3,1,1.0
C0001105,454585_S009,document,454585,OF,DZAAE,40,HQ,5A,01,5A-SB01,1,1,1.0
C0001106,454585_S009,document,454585,OF,DZAAE,40,HQ,5A,01,5A-SB01,3,1,1.0
C0001107,454585_S009,document,454585,OF,DZAAE,40,HQ,5A,05,5A-SB01,1,1,1.0
C0001108,454585_S009,document,454585,OF,DZAAE,40,HQ,5A,05,5A-SB01,3,1,1.0
C0001109,454585_S011,document,454585,OF,ESBC1,40,HQ,5A,01,5A-SB01,1,1,1.0
C0001110,454585_S011,document,454585,OF,ESBC1,40,HQ,5A,01,5A-SB01,3,1,1.0
C0001111,454585_S011,document,454585,OF,ESBC1,40,HQ,5A,05,5A-SB01,1,1,1.0
C0001112,454585_S011,document,454585,OF,ESBC1,40,HQ,5A,05,5A-SB01,3,1,1.0
C0001113,454585_S018,document,454585,OF,ESVL3,40,HQ,5A,01,5A-SB01,1,1,1.0
C0001114,454585_S018,document,454585,OF,ESVL3,40,HQ,5A,01,5A-SB01,3,1,1.0
C0001115,454585_S018,document,454585,OF,ESVL3,40,HQ,5A,05,5A-SB01,1,1,1.0
C0001116,454585_S018,document,454585,OF,ESVL3,40,HQ,5A,05,5A-SB01,3,1,1.0
C0001117,454585_S033,document,454585,OF,ITGIT,40,HQ,69,29,69-SB03,1,1,0.0
C0001118,454585_S033,document,454585,OF,ITGIT,40,HQ,69,29,69-SB03,3,1,0.0
C0001119,454585_S033,document,454585,OF,ITGIT,40,HQ,69,69,69-SB06,1,1,0.0
C0001120,454585_S033,document,454585,OF,ITGIT,40,HQ,69,69,69-SB06,3,1,0.0
C0001121,454710_S031,document,454710,OF,ITNAP,40,PQ,1K,05,1K-SB01,1,1,1.0
C0001122,454710_S031,document,454710,OF,ITNAP,40,PQ,1K,05,1K-SB01,3,1,1.0
C0001123,454710_S031,document,454710,OF,ITNAP,40,PQ,1K,21,1K-SB02,1,1,1.0
C0001124,454710_S031,document,454710,OF,ITNAP,40,PQ,1K,21,1K-SB02,3,1,1.0
C0001125,454710_S034,document,454710,OF,ITSPE,40,HQ,1K,05,1K-SB01,1,1,1.0
C0001126,454710_S034,document,454710,OF,ITSPE,40,HQ,1K,05,1K-SB01,3,1,1.0
C0001127,454710_S034,document,454710,OF,ITSPE,40,HQ,1K,09,1K-SB01,1,1,1.0
C0001128,454710_S034,document,454710,OF,ITSPE,40,HQ,1K,09,1K-SB01,3,1,1.0
C0001129,453250_S008,document,453250,OF,COCTG,40,HQ,2A,01,2A-SB01,1,1,1.0
C0001130,453250_S008,document,453250,OF,COCTG,40,HQ,2A,01,2A-SB01,2,1,1.0
C0001131,453250_S008,document,453250,OF,COCTG,40,HQ,2A,09,2A-SB01,1,1,1.0
C0001132,453250_S008,document,453250,OF,COCTG,40,HQ,2A,09,2A-SB01,2,1,1.0
C0001133,453250_S014,document,453250,OF,KRPUS,40,HQ,2A,21,2A-SB02,1,1,0.0
C0001134,453250_S014,document,453250,OF,KRPUS,40,HQ,2A,21,2A-SB02,2,1,0.0
C0001135,453250_S014,document,453250,OF,KRPUS,40,HQ,2A,33,2A-SB03,1,1,0.0
C0001136,453250_S014,document,453250,OF,KRPUS,40,HQ,2A,33,2A-SB03,2,1,0.0
C0001137,453250_S015,document,453250,OF,KRPUS,40,HQ,2A,21,2A-SB02,1,1,0.0
C0001138,453250_S015,document,453250,OF,KRPUS,40,HQ,2A,21,2A-SB02,2,1,0.0
C0001139,453250_S015,document,453250,OF,KRPUS,40,HQ,2A,33,2A-SB03,1,1,0.0
C0001140,453250_S015,document,453250,OF,KRPUS,40,HQ,2A,33,2A-SB03,2,1,0.0
C0001141,453250_S022,document,453250,OF,USNYC,40,HQ,2A,25,2A-SB03,1,1,0.0
C0001142,453250_S022,document,453250,OF,USNYC,40,HQ,2A,25,2A-SB03,2,1,0.0
C0001143,453250_S022,document,453250,OF,USNYC,40,HQ,2A,01,2A-SB01,1,1,1.0
C0001144,453250_S022,document,453250,OF,USNYC,40,HQ,2A,01,2A-SB01,2,1,1.0
C0001145,453250_S023,document,453250,OF,USNYC,40,HQ,2A,25,2A-SB03,1,1,0.0
C0001146,453250_S023,document,453250,OF,USNYC,40,HQ,2A,25,2A-SB03,2,1,0.0
C0001147,453250_S023,document,453250,OF,USNYC,40,HQ,2A,01,2A-SB01,1,1,1.0
C0001148,453250_S023,document,453250,OF,USNYC,40,HQ,2A,01,2A-SB01,2,1,1.0
C0001149,453308_S025,document,453308,OF,ITGOA,40,HQ,ED,79,ED-SB07,1,1,0.0
C0001150,453308_S025,document,453308,OF,ITGOA,40,HQ,ED,79,ED-SB07,2,1,0.0
C0001151,453308_S025,document,453308,OF,ITGOA,40,HQ,ED,11,ED-SB01,1,1,1.0
C0001152,453308_S025,document,453308,OF,ITGOA,40,HQ,ED,11,ED-SB01,2,1,1.0
C0001153,453308_S026,document,453308,OF,ITGOA,40,PQ,ED,11,ED-SB01,1,1,1.0
C0001154,453308_S026,document,453308,OF,ITGOA,40,PQ,ED,11,ED-SB01,2,1,1.0
C0001155,453308_S026,document,453308,OF,ITGOA,40,PQ,ED,23,ED-SB02,1,1,1.0
C0001156,453308_S026,document,453308,OF,ITGOA,40,PQ,ED,23,ED-SB02,2,1,1.0
C0001157,453308_S032,document,453308,OF,MYTPP,40,HQ,ED,59,ED-SB05,1,1,0.0
C0001158,453308_S032,document,453308,OF,MYTPP,40,HQ,ED,59,ED-SB05,2,1,0.0
C0001159,453308_S032,document,453308,OF,MYTPP,40,HQ,ED,11,ED-SB01,1,1,1.0
C0001160,453308_S032,document,453308,OF,MYTPP,40,HQ,ED,11,ED-SB01,2,1,1.0
C0001161,453308_S033,document,453308,OF,MYTPP,40,HQ,ED,59,ED-SB05,1,1,0.0
C0001162,453308_S033,document,453308,OF,MYTPP,40,HQ,ED,59,ED-SB05,2,1,0.0
C0001163,453308_S033,document,453308,OF,MYTPP,40,HQ,ED,11,ED-SB01,1,1,1.0
C0001164,453308_S033,document,453308,OF,MYTPP,40,HQ,ED,11,ED-SB01,2,1,1.0
C0001165,453308_S034,document,453308,OF,MYTPP,40,HQ,ED,59,ED-SB05,1,1,0.0
C0001166,453308_S034,document,453308,OF,MYTPP,40,HQ,ED,59,ED-SB05,2,1,0.0
C0001167,453308_S034,document,453308,OF,MYTPP,40,HQ,ED,11,ED-SB01,1,1,1.0
C0001168,453308_S034,document,453308,OF,MYTPP,40,HQ,ED,11,ED-SB01,2,1,1.0
C0001169,453324_S006,document,453324,OF,USLAX,40,PQ,4J,01,4J-SB01,1,1,1.0
C0001170,453324_S006,document,453324,OF,USLAX,40,PQ,4J,01,4J-SB01,2,1,1.0
C0001171,453324_S006,document,453324,OF,USLAX,40,PQ,4J,05,4J-SB01,1,1,1.0
C0001172,453324_S006,document,453324,OF,USLAX,40,PQ,4J,05,4J-SB01,2,1,1.0
C0001173,453352_S004,document,453352,OF,JPNGO,40,HQ,4B,01,4B-SB01,1,1,1.0
C0001174,453352_S004,document,453352,OF,JPNGO,40,HQ,4B,01,4B-SB01,2,1,1.0
C0001175,453352_S004,document,453352,OF,JPNGO,40,HQ,4B,05,4B-SB01,1,1,1.0
C0001176,453352_S004,document,453352,OF,JPNGO,40,HQ,4B,05,4B-SB01,2,1,1.0
C0001177,453352_S005,document,453352,OF,JPUKB,40,HQ,4B,01,4B-SB01,1,1,1.0
C0001178,453352_S005,document,453352,OF,JPUKB,40,HQ,4B,01,4B-SB01,2,1,1.0
C0001179,453352_S005,document,453352,OF,JPUKB,40,HQ,4B,05,4B-SB01,1,1,1.0
C0001180,453352_S005,document,453352,OF,JPUKB,40,HQ,4B,05,4B-SB01,2,1,1.0
C0001181,453356_S004,document,453356,OF,USNYC,40,HQ,3D,05,3D-SB01,1,1,1.0
C0001182,453356_S004,document,453356,OF,USNYC,40,HQ,3D,05,3D-SB01,2,1,1.0
C0001183,453356_S004,document,453356,OF,USNYC,40,HQ,3D,09,3D-SB01,1,1,1.0
C0001184,453356_S004,document,453356,OF,USNYC,40,HQ,3D,09,3D-SB01,2,1,1.0
C0001185,453388_S038,document,453388,OF,CAVA3,40,PQ,4A,13,4A-SB02,1,1,0.0
C0001186,453388_S038,document,453388,OF,CAVA3,40,PQ,4A,13,4A-SB02,2,1,0.0
C0001187,453388_S038,document,453388,OF,CAVA3,40,PQ,3C,05,3C-SB01,1,1,1.0
C0001188,453388_S038,document,453388,OF,CAVA3,40,PQ,3C,05,3C-SB01,2,1,1.0
C0001189,453388_S048,document,453388,OF,CAVAN,40,PQ,3C,05,3C-SB01,1,1,1.0
C0001190,453388_S048,document,453388,OF,CAVAN,40,PQ,3C,05,3C-SB01,2,1,1.0
C0001191,453388_S048,document,453388,OF,CAVAN,40,PQ,3C,09,3C-SB01,1,1,1.0
C0001192,453388_S048,document,453388,OF,CAVAN,40,PQ,3C,09,3C-SB01,2,1,1.0
C0001193,453388_S050,document,453388,OF,KRPUS,40,HQ,4B,01,4B-SB01,1,1,1.0
C0001194,453388_S050,document,453388,OF,KRPUS,40,HQ,4B,01,4B-SB01,2,1,1.0
C0001195,453388_S050,document,453388,OF,KRPUS,40,HQ,4B,05,4B-SB01,1,1,1.0
C0001196,453388_S050,document,453388,OF,KRPUS,40,HQ,4B,05,4B-SB01,2,1,1.0
C0001197,453388_S056,document,453388,OF,USTIW,40,PQ,3C,05,3C-SB01,1,1,1.0
C0001198,453388_S056,document,453388,OF,USTIW,40,PQ,3C,05,3C-SB01,2,1,1.0
C0001199,453388_S056,document,453388,OF,USTIW,40,PQ,3C,09,3C-SB01,1,1,1.0
C0001200,453388_S056,document,453388,OF,USTIW,40,PQ,3C,09,3C-SB01,2,1,1.0
C0001201,453388_S061,document,453388,OF,USTW1,40,HQ,4B,01,4B-SB01,1,1,1.0
C0001202,453388_S061,document,453388,OF,USTW1,40,HQ,4B,01,4B-SB01,2,1,1.0
C0001203,453388_S061,document,453388,OF,USTW1,40,HQ,4B,05,4B-SB01,1,1,1.0
C0001204,453388_S061,document,453388,OF,USTW1,40,HQ,4B,05,4B-SB01,2,1,1.0
C0001205,453388_S068,document,453388,OF,USTW2,40,PQ,4A,25,4A-SB03,1,1,0.0
C0001206,453388_S068,document,453388,OF,USTW2,40,PQ,4A,25,4A-SB03,2,1,0.0
C0001207,453388_S068,document,453388,OF,USTW2,40,PQ,3C,05,3C-SB01,1,1,1.0
C0001208,453388_S068,document,453388,OF,USTW2,40,PQ,3C,05,3C-SB01,2,1,1.0
C0001209,453396_S012,document,453396,OF,DEWVN,40,HQ,1C,01,1C-SB01,1,1,1.0
C0001210,453396_S012,document,453396,OF,DEWVN,40,HQ,1C,01,1C-SB01,2,1,1.0
C0001211,453396_S012,document,453396,OF,DEWVN,40,HQ,1C,53,,1,1,7.0
C0001212,453396_S012,document,453396,OF,DEWVN,40,HQ,1C,53,,2,1,7.0
C0001213,453396_S017,document,453396,OF,MATAT,40,HQ,1C,01,1C-SB01,1,1,1.0
C0001214,453396_S017,document,453396,OF,MATAT,40,HQ,1C,01,1C-SB01,2,1,1.0
C0001215,453396_S017,document,453396,OF,MATAT,40,HQ,1C,53,,1,1,7.0
C0001216,453396_S017,document,453396,OF,MATAT,40,HQ,1C,53,,2,1,7.0
C0001217,453412_S011,document,453412,OF,BEANR,40,HQ,49,05,49-SB01,1,1,1.0
C0001218,453412_S011,document,453412,OF,BEANR,40,HQ,49,05,49-SB01,2,1,1.0
C0001219,453412_S011,document,453412,OF,BEANR,40,HQ,49,09,49-SB01,1,1,1.0
C0001220,453412_S011,document,453412,OF,BEANR,40,HQ,49,09,49-SB01,2,1,1.0
C0001221,453412_S021,document,453412,OF,DEHAM,40,PQ,49,05,49-SB01,1,1,1.0
C0001222,453412_S021,document,453412,OF,DEHAM,40,PQ,49,05,49-SB01,2,1,1.0
C0001223,453412_S021,document,453412,OF,DEHAM,40,PQ,49,09,49-SB01,1,1,1.0
C0001224,453412_S021,document,453412,OF,DEHAM,40,PQ,49,09,49-SB01,2,1,1.0
C0001225,453412_S031,document,453412,OF,NLR10,40,HQ,49,05,49-SB01,1,1,1.0
C0001226,453412_S031,document,453412,OF,NLR10,40,HQ,49,05,49-SB01,2,1,1.0
C0001227,453412_S031,document,453412,OF,NLR10,40,HQ,49,09,49-SB01,1,1,1.0
C0001228,453412_S031,document,453412,OF,NLR10,40,HQ,49,09,49-SB01,2,1,1.0
C0001229,453412_S039,document,453412,OF,NLRTM,40,PQ,49,05,49-SB01,1,1,1.0
C0001230,453412_S039,document,453412,OF,NLRTM,40,PQ,49,05,49-SB01,2,1,1.0
C0001231,453412_S039,document,453412,OF,NLRTM,40,PQ,49,09,49-SB01,1,1,1.0
C0001232,453412_S039,document,453412,OF,NLRTM,40,PQ,49,09,49-SB01,2,1,1.0
C0001233,453416_S024,document,453416,OF,EGPSD,40,PQ,2A,09,2A-SB01,1,1,1.0
C0001234,453416_S024,document,453416,OF,EGPSD,40,PQ,2A,09,2A-SB01,2,1,1.0
C0001235,453416_S024,document,453416,OF,EGPSD,40,PQ,3B,09,3B-SB01,1,1,1.0
C0001236,453416_S024,document,453416,OF,EGPSD,40,PQ,3B,09,3B-SB01,2,1,1.0
C0001237,453416_S025,document,453416,OF,EGPSD,40,PQ,2A,09,2A-SB01,1,1,1.0
C0001238,453416_S025,document,453416,OF,EGPSD,40,PQ,2A,09,2A-SB01,2,1,1.0
C0001239,453416_S025,document,453416,OF,EGPSD,40,PQ,3B,09,3B-SB01,1,1,1.0
C0001240,453416_S025,document,453416,OF,EGPSD,40,PQ,3B,09,3B-SB01,2,1,1.0
C0001241,453416_S033,document,453416,OF,HRRJK,40,PQ,2A,09,2A-SB01,1,1,1.0
C0001242,453416_S033,document,453416,OF,HRRJK,40,PQ,2A,09,2A-SB01,2,1,1.0
C0001243,453416_S033,document,453416,OF,HRRJK,40,PQ,3B,09,3B-SB01,1,1,1.0
C0001244,453416_S033,document,453416,OF,HRRJK,40,PQ,3B,09,3B-SB01,2,1,1.0
C0001245,453416_S050,document,453416,OF,SIKOP,40,PQ,2A,09,2A-SB01,1,1,1.0
C0001246,453416_S050,document,453416,OF,SIKOP,40,PQ,2A,09,2A-SB01,2,1,1.0
C0001247,453416_S050,document,453416,OF,SIKOP,40,PQ,3B,09,3B-SB01,1,1,1.0
C0001248,453416_S050,document,453416,OF,SIKOP,40,PQ,3B,09,3B-SB01,2,1,1.0
C0001249,454549_S008,document,454549,OF,ILHFA,40,HQ,2K,17,2K-SB01,1,1,1.0
C0001250,454549_S008,document,454549,OF,ILHFA,40,HQ,2K,17,2K-SB01,2,1,1.0
C0001251,454549_S008,document,454549,OF,ILHFA,40,HQ,2K,21,2K-SB01,1,1,1.0
C0001252,454549_S008,document,454549,OF,ILHFA,40,HQ,2K,21,2K-SB01,2,1,1.0
C0001253,454585_S019,document,454585,OF,ESVL3,40,HQ,5A,01,5A-SB01,1,1,1.0
C0001254,454585_S019,document,454585,OF,ESVL3,40,HQ,5A,01,5A-SB01,2,1,1.0
C0001255,454585_S019,document,454585,OF,ESVL3,40,HQ,5A,05,5A-SB01,1,1,1.0
C0001256,454585_S019,document,454585,OF,ESVL3,40,HQ,5A,05,5A-SB01,2,1,1.0
C0001257,454585_S020,document,454585,OF,ESVL3,40,HQ,5A,01,5A-SB01,1,1,1.0
C0001258,454585_S020,document,454585,OF,ESVL3,40,HQ,5A,01,5A-SB01,2,1,1.0
C0001259,454585_S020,document,454585,OF,ESVL3,40,HQ,5A,05,5A-SB01,1,1,1.0
C0001260,454585_S020,document,454585,OF,ESVL3,40,HQ,5A,05,5A-SB01,2,1,1.0
C0001261,454585_S025,document,454585,OF,ESVLC,40,HQ,49,41,49-SB04,1,1,0.0
C0001262,454585_S025,document,454585,OF,ESVLC,40,HQ,49,41,49-SB04,2,1,0.0
C0001263,454585_S025,document,454585,OF,ESVLC,40,HQ,59,37,59-SB04,1,1,0.0
C0001264,454585_S025,document,454585,OF,ESVLC,40,HQ,59,37,59-SB04,2,1,0.0
C0001265,454585_S026,document,454585,OF,ESVLC,40,HQ,49,41,49-SB04,1,1,0.0
C0001266,454585_S026,document,454585,OF,ESVLC,40,HQ,49,41,49-SB04,2,1,0.0
C0001267,454585_S026,document,454585,OF,ESVLC,40,HQ,59,37,59-SB04,1,1,0.0
C0001268,454585_S026,document,454585,OF,ESVLC,40,HQ,59,37,59-SB04,2,1,0.0
C0001269,454585_S039,document,454585,OF,ZZOPT,40,HQ,5A,01,5A-SB01,1,1,1.0
C0001270,454585_S039,document,454585,OF,ZZOPT,40,HQ,5A,01,5A-SB01,2,1,1.0
C0001271,454585_S039,document,454585,OF,ZZOPT,40,HQ,5A,05,5A-SB01,1,1,1.0
C0001272,454585_S039,document,454585,OF,ZZOPT,40,HQ,5A,05,5A-SB01,2,1,1.0
C0001273,454585_S041,document,454585,OF,ZZOPT,40,HQ,5A,01,5A-SB01,1,1,1.0
C0001274,454585_S041,document,454585,OF,ZZOPT,40,HQ,5A,01,5A-SB01,2,1,1.0
C0001275,454585_S041,document,454585,OF,ZZOPT,40,HQ,5A,05,5A-SB01,1,1,1.0
C0001276,454585_S041,document,454585,OF,ZZOPT,40,HQ,5A,05,5A-SB01,2,1,1.0
C0001277,454585_S042,document,454585,OF,ZZOPT,40,HQ,5A,01,5A-SB01,1,1,1.0
C0001278,454585_S042,document,454585,OF,ZZOPT,40,HQ,5A,01,5A-SB01,2,1,1.0
C0001279,454585_S042,document,454585,OF,ZZOPT,40,HQ,5A,05,5A-SB01,1,1,1.0
C0001280,454585_S042,document,454585,OF,ZZOPT,40,HQ,5A,05,5A-SB01,2,1,1.0
C0001281,454710_S015,document,454710,OF,ESAGP,40,HQ,1K,05,1K-SB01,1,1,1.0
C0001282,454710_S015,document,454710,OF,ESAGP,40,HQ,1K,05,1K-SB01,2,1,1.0
C0001283,454710_S015,document,454710,OF,ESAGP,40,HQ,1K,09,1K-SB01,1,1,1.0
C0001284,454710_S015,document,454710,OF,ESAGP,40,HQ,1K,09,1K-SB01,2,1,1.0
C0001285,454710_S036,document,454710,OF,ITSPE,40,HQ,1K,05,1K-SB01,1,1,1.0
C0001286,454710_S036,document,454710,OF,ITSPE,40,HQ,1K,05,1K-SB01,2,1,1.0
C0001287,454710_S036,document,454710,OF,ITSPE,40,HQ,1K,09,1K-SB01,1,1,1.0
C0001288,454710_S036,document,454710,OF,ITSPE,40,HQ,1K,09,1K-SB01,2,1,1.0
C0001289,454710_S040,document,454710,OF,ITSPE,40,PQ,1K,05,1K-SB01,1,1,1.0
C0001290,454710_S040,document,454710,OF,ITSPE,40,PQ,1K,05,1K-SB01,2,1,1.0
C0001291,454710_S040,document,454710,OF,ITSPE,40,PQ,1K,21,1K-SB02,1,1,1.0
C0001292,454710_S040,document,454710,OF,ITSPE,40,PQ,1K,21,1K-SB02,2,1,1.0
C0001293,454710_S042,document,454710,OF,SGSIN,40,HQ,1K,05,1K-SB01,1,1,1.0
C0001294,454710_S042,document,454710,OF,SGSIN,40,HQ,1K,05,1K-SB01,2,1,1.0
C0001295,454710_S042,document,454710,OF,SGSIN,40,HQ,1K,09,1K-SB01,1,1,1.0
C0001296,454710_S042,document,454710,OF,SGSIN,40,HQ,1K,09,1K-SB01,2,1,1.0
C0001297,453250_S009,document,453250,OF,COCTG,40,HQ,2A,01,2A-SB01,1,1,1.0
C0001298,453250_S009,document,453250,OF,COCTG,40,HQ,2A,09,2A-SB01,1,1,1.0
C0001299,453250_S016,document,453250,OF,USNW2,40,HQ,2A,01,2A-SB01,1,1,1.0
C0001300,453250_S016,document,453250,OF,USNW2,40,HQ,2A,09,2A-SB01,1,1,1.0
C0001301,453250_S017,document,453250,OF,USNW2,40,HQ,2A,01,2A-SB01,1,1,1.0
C0001302,453250_S017,document,453250,OF,USNW2,40,HQ,2A,09,2A-SB01,1,1,1.0
C0001303,453250_S019,document,453250,OF,USNWK,40,HQ,2A,01,2A-SB01,1,1,1.0
C0001304,453250_S019,document,453250,OF,USNWK,40,HQ,2A,09,2A-SB01,1,1,1.0
C0001305,453250_S020,document,453250,OF,USNWK,40,HQ,2A,01,2A-SB01,1,1,1.0
C0001306,453250_S020,document,453250,OF,USNWK,40,HQ,2A,09,2A-SB01,1,1,1.0
C0001307,453250_S024,document,453250,OF,USORF,40,HQ,2A,01,2A-SB01,1,1,1.0
C0001308,453250_S024,document,453250,OF,USORF,40,HQ,2A,09,2A-SB01,1,1,1.0
C0001309,453250_S025,document,453250,OF,USORF,40,HQ,2A,01,2A-SB01,1,1,1.0
C0001310,453250_S025,document,453250,OF,USORF,40,HQ,2A,09,2A-SB01,1,1,1.0
C0001311,453250_S026,document,453250,OF,USORF,40,HQ,2A,01,2A-SB01,1,1,1.0
C0001312,453250_S026,document,453250,OF,USORF,40,HQ,2A,09,2A-SB01,1,1,1.0
C0001313,453308_S019,document,453308,OF,ESBCN,40,HQ,ED,79,ED-SB07,1,1,0.0
C0001314,453308_S019,document,453308,OF,ESBCN,40,HQ,ED,11,ED-SB01,1,1,1.0
C0001315,453308_S020,document,453308,OF,ESVLC,40,HQ,ED,11,ED-SB01,1,1,1.0
C0001316,453308_S020,document,453308,OF,ESVLC,40,HQ,ED,23,ED-SB02,1,1,1.0
C0001317,453308_S021,document,453308,OF,ESVLC,40,HQ,ED,11,ED-SB01,1,1,1.0
C0001318,453308_S021,document,453308,OF,ESVLC,40,HQ,ED,23,ED-SB02,1,1,1.0
C0001319,453308_S023,document,453308,OF,ITGOA,40,HQ,ED,79,ED-SB07,1,1,0.0
C0001320,453308_S023,document,453308,OF,ITGOA,40,HQ,ED,11,ED-SB01,1,1,1.0
C0001321,453308_S024,document,453308,OF,ITGOA,40,HQ,ED,79,ED-SB07,1,1,0.0
C0001322,453308_S024,document,453308,OF,ITGOA,40,HQ,ED,11,ED-SB01,1,1,1.0
C0001323,453308_S027,document,453308,OF,ITSPE,40,HQ,ED,11,ED-SB01,1,1,1.0
C0001324,453308_S027,document,453308,OF,ITSPE,40,HQ,ED,23,ED-SB02,1,1,1.0
C0001325,453308_S028,document,453308,OF,ITSPE,40,PQ,ED,11,ED-SB01,1,1,1.0
C0001326,453308_S028,document,453308,OF,ITSPE,40,PQ,ED,23,ED-SB02,1,1,1.0
C0001327,453308_S029,document,453308,OF,MAMED,40,HQ,ED,11,ED-SB01,1,1,1.0
C0001328,453308_S029,document,453308,OF,MAMED,40,HQ,ED,23,ED-SB02,1,1,1.0
C0001329,453308_S030,document,453308,OF,MYTPP,40,HQ,ED,59,ED-SB05,1,1,0.0
C0001330,453308_S030,document,453308,OF,MYTPP,40,HQ,ED,11,ED-SB01,1,1,1.0
C0001331,453308_S031,document,453308,OF,MYTPP,40,HQ,ED,59,ED-SB05,1,1,0.0
C0001332,453308_S031,document,453308,OF,MYTPP,40,HQ,ED,11,ED-SB01,1,1,1.0
C0001333,453324_S004,document,453324,OF,USLAX,40,HQ,38,37,38-SB02,1,1,0.0
C0001334,453324_S004,document,453324,OF,USLAX,40,HQ,38,17,,1,1,11.0
C0001335,453324_S007,document,453324,OF,USLSA,40,HQ,38,37,38-SB02,1,1,1.0
C0001336,453324_S007,document,453324,OF,USLSA,40,HQ,38,17,,1,1,11.0
C0001337,453324_S008,document,453324,OF,USLSA,40,HQ,38,37,38-SB02,1,1,1.0
C0001338,453324_S008,document,453324,OF,USLSA,40,HQ,38,17,,1,1,11.0
C0001339,453324_S009,document,453324,OF,USPS2,40,PQ,4J,01,4J-SB01,1,1,1.0
C0001340,453324_S009,document,453324,OF,USPS2,40,PQ,4J,05,4J-SB01,1,1,1.0
C0001341,453352_S001,document,453352,OF,JPNGO,40,HQ,4B,01,4B-SB01,1,1,1.0
C0001342,453352_S001,document,453352,OF,JPNGO,40,HQ,4B,05,4B-SB01,1,1,1.0
C0001343,453352_S002,document,453352,OF,JPNGO,40,HQ,4B,01,4B-SB01,1,1,1.0
C0001344,453352_S002,document,453352,OF,JPNGO,40,HQ,4B,05,4B-SB01,1,1,1.0
C0001345,453352_S006,document,453352,OF,JPUKB,40,HQ,4B,01,4B-SB01,1,1,1.0
C0001346,453352_S006,document,453352,OF,JPUKB,40,HQ,4B,05,4B-SB01,1,1,1.0
C0001347,453356_S005,document,453356,OF,USNYC,40,PQ,3D,05,3D-SB01,1,1,1.0
C0001348,453356_S005,document,453356,OF,USNYC,40,PQ,3D,09,3D-SB01,1,1,1.0
C0001349,453356_S006,document,453356,OF,USSA3,40,PQ,3D,05,3D-SB01,1,1,1.0
C0001350,453356_S006,document,453356,OF,USSA3,40,PQ,3D,09,3D-SB01,1,1,1.0
C0001351,453388_S029,document,453388,OF,CAVA2,40,PQ,3C,05,3C-SB01,1,1,1.0
C0001352,453388_S029,document,453388,OF,CAVA2,40,PQ,3C,09,3C-SB01,1,1,1.0
C0001353,453388_S031,document,453388,OF,CAVA2,40,PQ,3C,05,3C-SB01,1,1,1.0
C0001354,453388_S031,document,453388,OF,CAVA2,40,PQ,3C,09,3C-SB01,1,1,1.0
C0001355,453388_S040,document,453388,OF,CAVA3,40,PQ,4A,13,4A-SB02,1,1,0.0
C0001356,453388_S040,document,453388,OF,CAVA3,40,PQ,3C,05,3C-SB01,1,1,1.0
C0001357,453388_S049,document,453388,OF,CAVAN,40,PQ,3C,05,3C-SB01,1,1,1.0
C0001358,453388_S049,document,453388,OF,CAVAN,40,PQ,3C,09,3C-SB01,1,1,1.0
C0001359,453388_S057,document,453388,OF,USTIW,40,PQ,3C,05,3C-SB01,1,1,1.0
C0001360,453388_S057,document,453388,OF,USTIW,40,PQ,3C,09,3C-SB01,1,1,1.0
C0001361,453388_S062,document,453388,OF,USTW1,40,PQ,4B,09,4B-SB01,1,1,1.0
C0001362,453388_S062,document,453388,OF,USTW1,40,PQ,4B,17,4B-SB02,1,1,1.0
C0001363,453388_S063,document,453388,OF,USTW1,40,PQ,4B,09,4B-SB01,1,1,1.0
C0001364,453388_S063,document,453388,OF,USTW1,40,PQ,4B,17,4B-SB02,1,1,1.0
C0001365,453388_S069,document,453388,OF,USTW2,40,PQ,4A,25,4A-SB03,1,1,0.0
C0001366,453388_S069,document,453388,OF,USTW2,40,PQ,3C,05,3C-SB01,1,1,1.0
C0001367,453396_S010,document,453396,OF,DEBRV,40,HQ,1C,01,1C-SB01,1,1,1.0
C0001368,453396_S010,document,453396,OF,DEBRV,40,HQ,1C,53,,1,1,7.0
C0001369,453396_S014,document,453396,OF,DEWVN,40,HQ,1C,01,1C-SB01,1,1,1.0
C0001370,453396_S014,document,453396,OF,DEWVN,40,HQ,1C,53,,1,1,7.0
C0001371,453396_S015,document,453396,OF,MAPTM,40,HQ,1C,01,1C-SB01,1,1,1.0
C0001372,453396_S015,document,453396,OF,MAPTM,40,HQ,1C,53,,1,1,7.0
C0001373,453396_S016,document,453396,OF,MAPTM,40,HQ,1C,01,1C-SB01,1,1,1.0
C0001374,453396_S016,document,453396,OF,MAPTM,40,HQ,1C,53,,1,1,7.0
C0001375,453396_S019,document,453396,OF,MYTPP,40,HQ,1C,01,1C-SB01,1,1,1.0
C0001376,453396_S019,document,453396,OF,MYTPP,40,HQ,1C,53,,1,1,7.0
C0001377,453396_S022,document,453396,OF,NLRTM,40,HQ,1C,01,1C-SB01,1,1,1.0
C0001378,453396_S022,document,453396,OF,NLRTM,40,HQ,1C,53,,1,1,7.0
C0001379,453412_S013,document,453412,OF,BEANR,40,HQ,49,05,49-SB01,1,1,1.0
C0001380,453412_S013,document,453412,OF,BEANR,40,HQ,49,09,49-SB01,1,1,1.0
C0001381,453412_S014,document,453412,OF,BEANR,40,HQ,49,05,49-SB01,1,1,1.0
C0001382,453412_S014,document,453412,OF,BEANR,40,HQ,49,09,49-SB01,1,1,1.0
C0001383,453412_S020,document,453412,OF,DEHAM,40,HQ,49,05,49-SB01,1,1,1.0
C0001384,453412_S020,document,453412,OF,DEHAM,40,HQ,49,09,49-SB01,1,1,1.0
C0001385,453412_S022,document,453412,OF,GBLGP,40,HQ,49,05,49-SB01,1,1,1.0
C0001386,453412_S022,document,453412,OF,GBLGP,40,HQ,49,09,49-SB01,1,1,1.0
C0001387,453412_S029,document,453412,OF,MYTPP,40,PQ,49,05,49-SB01,1,1,1.0
C0001388,453412_S029,document,453412,OF,MYTPP,40,PQ,49,09,49-SB01,1,1,1.0
C0001389,453412_S030,document,453412,OF,MYTPP,40,PQ,49,05,49-SB01,1,1,1.0
C0001390,453412_S030,document,453412,OF,MYTPP,40,PQ,49,09,49-SB01,1,1,1.0
C0001391,453412_S032,document,453412,OF,NLR10,40,HQ,49,05,49-SB01,1,1,1.0
C0001392,453412_S032,document,453412,OF,NLR10,40,HQ,49,09,49-SB01,1,1,1.0
C0001393,453412_S038,document,453412,OF,NLRTM,40,PQ,49,05,49-SB01,1,1,1.0
C0001394,453412_S038,document,453412,OF,NLRTM,40,PQ,49,09,49-SB01,1,1,1.0
C0001395,453416_S026,document,453416,OF,HRRJ3,40,HQ,5A,01,5A-SB01,1,1,1.0
C0001396,453416_S026,document,453416,OF,HRRJ3,40,HQ,5A,05,5A-SB01,1,1,1.0
C0001397,453416_S037,document,453416,OF,MYTPP,40,HQ,2A,01,2A-SB01,1,1,0.0
C0001398,453416_S037,document,453416,OF,MYTPP,40,HQ,2A,41,2A-SB04,1,1,0.0
C0001399,453416_S042,document,453416,OF,MYTPP,40,PQ,2A,09,2A-SB01,1,1,1.0
C0001400,453416_S042,document,453416,OF,MYTPP,40,PQ,3B,09,3B-SB01,1,1,1.0
C0001401,454549_S007,document,454549,OF,ILHFA,40,HQ,2K,17,2K-SB01,1,1,1.0
C0001402,454549_S007,document,454549,OF,ILHFA,40,HQ,2K,21,2K-SB01,1,1,1.0
C0001403,454549_S009,document,454549,OF,TRALI,40,HQ,2K,17,2K-SB01,1,1,1.0
C0001404,454549_S009,document,454549,OF,TRALI,40,HQ,2K,21,2K-SB01,1,1,1.0
C0001405,454585_S010,document,454585,OF,ESBC1,40,HQ,5A,01,5A-SB01,1,1,1.0
C0001406,454585_S010,document,454585,OF,ESBC1,40,HQ,5A,05,5A-SB01,1,1,1.0
C0001407,454585_S012,document,454585,OF,ESBC1,40,PQ,5A,01,5A-SB01,1,1,1.0
C0001408,454585_S012,document,454585,OF,ESBC1,40,PQ,5A,05,5A-SB01,1,1,1.0
C0001409,454585_S013,document,454585,OF,ESBCN,40,HQ,5A,01,5A-SB01,1,1,1.0
C0001410,454585_S013,document,454585,OF,ESBCN,40,HQ,5A,05,5A-SB01,1,1,1.0
C0001411,454585_S015,document,454585,OF,ESBCN,40,HQ,5A,01,5A-SB01,1,1,1.0
C0001412,454585_S015,document,454585,OF,ESBCN,40,HQ,5A,05,5A-SB01,1,1,1.0
C0001413,454585_S016,document,454585,OF,ESBCN,40,HQ,5A,01,5A-SB01,1,1,1.0
C0001414,454585_S016,document,454585,OF,ESBCN,40,HQ,5A,05,5A-SB01,1,1,1.0
C0001415,454585_S022,document,454585,OF,ESVL3,40,PQ,5A,01,5A-SB01,1,1,1.0
C0001416,454585_S022,document,454585,OF,ESVL3,40,PQ,5A,05,5A-SB01,1,1,1.0
C0001417,454585_S028,document,454585,OF,FRFOS,40,HQ,5A,01,5A-SB01,1,1,1.0
C0001418,454585_S028,document,454585,OF,FRFOS,40,HQ,5A,05,5A-SB01,1,1,1.0
C0001419,454585_S029,document,454585,OF,FRFOS,40,HQ,5A,01,5A-SB01,1,1,1.0
C0001420,454585_S029,document,454585,OF,FRFOS,40,HQ,5A,05,5A-SB01,1,1,1.0
C0001421,454585_S030,document,454585,OF,FRFOS,40,PQ,5A,01,5A-SB01,1,1,1.0
C0001422,454585_S030,document,454585,OF,FRFOS,40,PQ,5A,05,5A-SB01,1,1,1.0
C0001423,454585_S034,document,454585,OF,MACAS,40,HQ,5A,01,5A-SB01,1,1,1.0
C0001424,454585_S034,document,454585,OF,MACAS,40,HQ,5A,05,5A-SB01,1,1,1.0
C0001425,454585_S037,document,454585,OF,ZZOP1,40,HQ,5A,01,5A-SB01,1,1,1.0
C0001426,454585_S037,document,454585,OF,ZZOP1,40,HQ,5A,05,5A-SB01,1,1,1.0
C0001427,454585_S040,document,454585,OF,ZZOPT,40,HQ,5A,01,5A-SB01,1,1,1.0
C0001428,454585_S040,document,454585,OF,ZZOPT,40,HQ,5A,05,5A-SB01,1,1,1.0
C0001429,454710_S016,document,454710,OF,ESAGP,40,HQ,1K,05,1K-SB01,1,1,1.0
C0001430,454710_S016,document,454710,OF,ESAGP,40,HQ,1K,09,1K-SB01,1,1,1.0
C0001431,454710_S022,document,454710,OF,ITGOA,40,PQ,1K,05,1K-SB01,1,1,1.0
C0001432,454710_S022,document,454710,OF,ITGOA,40,PQ,1K,21,1K-SB02,1,1,1.0
C0001433,454710_S023,document,454710,OF,ITGOA,40,PQ,1K,05,1K-SB01,1,1,1.0
C0001434,454710_S023,document,454710,OF,ITGOA,40,PQ,1K,21,1K-SB02,1,1,1.0
C0001435,454710_S024,document,454710,OF,ITGOA,40,PQ,1K,05,1K-SB01,1,1,1.0
C0001436,454710_S024,document,454710,OF,ITGOA,40,PQ,1K,21,1K-SB02,1,1,1.0
C0001437,454710_S025,document,454710,OF,ITGOA,40,PQ,1K,05,1K-SB01,1,1,1.0
C0001438,454710_S025,document,454710,OF,ITGOA,40,PQ,1K,21,1K-SB02,1,1,1.0
C0001439,454710_S029,document,454710,OF,ITNAP,40,HQ,1D,13,1D-SB02,1,1,1.0
C0001440,454710_S029,document,454710,OF,ITNAP,40,HQ,1D,25,1D-SB03,1,1,1.0
C0001441,454710_S033,document,454710,OF,ITSPE,40,HQ,1K,05,1K-SB01,1,1,1.0
C0001442,454710_S033,document,454710,OF,ITSPE,40,HQ,1K,09,1K-SB01,1,1,1.0
C0001443,454710_S035,document,454710,OF,ITSPE,40,HQ,1K,05,1K-SB01,1,1,1.0
C0001444,454710_S035,document,454710,OF,ITSPE,40,HQ,1K,09,1K-SB01,1,1,1.0
C0001445,454710_S037,document,454710,OF,ITSPE,40,HQ,1K,05,1K-SB01,1,1,1.0
C0001446,454710_S037,document,454710,OF,ITSPE,40,HQ,1K,09,1K-SB01,1,1,1.0
C0001447,454710_S038,document,454710,OF,ITSPE,40,PQ,1K,05,1K-SB01,1,1,1.0
C0001448,454710_S038,document,454710,OF,ITSPE,40,PQ,1K,21,1K-SB02,1,1,1.0
C0001449,454710_S039,document,454710,OF,ITSPE,40,PQ,1K,05,1K-SB01,1,1,1.0
C0001450,454710_S039,document,454710,OF,ITSPE,40,PQ,1K,21,1K-SB02,1,1,1.0
C0001451,454710_S041,document,454710,OF,ITSPE,40,PQ,1K,05,1K-SB01,1,1,1.0
C0001452,454710_S041,document,454710,OF,ITSPE,40,PQ,1K,21,1K-SB02,1,1,1.0
C0001453,453388_S070,document,453388,OF,CAVAN,45,HQ,7A,69,,6,2,7.0
C0001454,453388_S071,document,453388,OF,CAVAN,45,HQ,7A,69,,2,1,7.0
C0001455,453388_S072,document,453388,OF,CAVAN,45,HQ,38,05,38-SB01,1,1,0.0
C0001456,453388_S009,document,453388,OF,CAVA3,20,PQ,69,35,69-SB03,26,6,1.0
C0001457,453388_S009,document,453388,OF,CAVA3,20,PQ,69,43,69-SB04,26,6,1.0
C0001458,453388_S009,document,453388,OF,CAVA3,20,PQ,19,37,19-SB02,26,6,1.0
C0001459,453388_S009,document,453388,OF,CAVA3,20,PQ,19,05,,12,3,7.0
C0001460,453416_S009,document,453416,OF,HRRJK,20,PQ,59,55,59-SB05,18,4,1.0
C0001461,453416_S009,document,453416,OF,HRRJK,20,PQ,59,53,59-SB05,3,1,1.0
C0001462,453416_S009,document,453416,OF,HRRJK,20,PQ,59,13,59-SB02,15,3,1.0
C0001463,453388_S014,document,453388,OF,CAVAN,20,PQ,19,15,19-SB01,26,6,1.0
C0001464,453388_S014,document,453388,OF,CAVAN,20,PQ,19,05,,2,1,7.0
C0001465,453308_S007,document,453308,OF,ESVLC,20,PQ,89,51,89-SB04,26,6,1.0
C0001466,453308_S007,document,453308,OF,ESVLC,20,PQ,29,31,29-SB03,1,1,1.0
C0001467,453250_S003,document,453250,OF,KRPUS,20,PQ,49,25,49-SB02,10,2,1.0
C0001468,453250_S003,document,453250,OF,KRPUS,20,PQ,49,27,49-SB02,2,1,1.0
C0001469,453250_S003,document,453250,OF,KRPUS,20,PQ,29,31,29-SB03,7,2,1.0
C0001470,453388_S004,document,453388,OF,CAVA3,20,HQ,2B,37,2B-SB03,16,4,1.0
C0001471,453388_S004,document,453388,OF,CAVA3,20,HQ,2B,23,2B-SB02,2,1,1.0
C0001472,453388_S010,document,453388,OF,CAVA3,20,PQ,2B,59,,10,2,7.0
C0001473,453388_S010,document,453388,OF,CAVA3,20,PQ,2B,31,2B-SB02,8,2,1.0
C0001474,453308_S017,document,453308,OF,MYTPP,20,PQ,6A,63,6A-SB05,14,3,1.0
C0001475,453416_S002,document,453416,OF,EGPSD,20,PQ,5A,13,5A-SB02,11,3,1.0
C0001476,453388_S001,document,453388,OF,CAVA2,20,PQ,2B,57,,9,2,7.0
C0001477,453388_S002,document,453388,OF,CAVA2,20,PQ,2B,57,,7,2,7.0
C0001478,453388_S002,document,453388,OF,CAVA2,20,PQ,4A,53,4A-SB05,2,1,0.0
C0001479,453388_S022,document,453388,OF,USTW2,20,PQ,4A,55,4A-SB05,6,3,0.0
C0001480,453388_S022,document,453388,OF,USTW2,20,PQ,2B,57,,2,1,7.0
C0001481,453308_S016,document,453308,OF,MYTPP,20,PQ,6A,63,6A-SB05,7,2,1.0
C0001482,453412_S001,document,453412,OF,DEHAM,20,PQ,49,25,49-SB02,7,2,1.0
C0001483,453416_S003,document,453416,OF,EGPSD,20,PQ,5A,13,5A-SB02,7,2,1.0
C0001484,453416_S016,document,453416,OF,SIKOP,20,PQ,5A,17,5A-SB02,7,2,1.0
C0001485,453388_S023,document,453388,OF,USTW2,20,PQ,2B,59,,5,1,7.0
C0001486,453388_S023,document,453388,OF,USTW2,20,PQ,2B,57,,1,1,7.0
C0001487,453308_S002,document,453308,OF,ESBCN,20,PQ,1A,55,,4,1,7.0
C0001488,453308_S004,document,453308,OF,ESBCN,20,PQ,1A,55,,1,1,7.0
C0001489,453308_S004,document,453308,OF,ESBCN,20,PQ,1A,53,1A-SB04,2,1,1.0
C0001490,453308_S004,document,453308,OF,ESBCN,20,PQ,1A,35,1A-SB03,1,1,1.0
C0001491,453308_S004,document,453308,OF,ESBCN,20,PQ,6A,11,6A-SB01,1,1,1.0
C0001492,453308_S011,document,453308,OF,ITGOA,20,PQ,6A,11,6A-SB01,4,2,0.0
C0001493,453388_S006,document,453388,OF,CAVA3,20,PQ,2B,57,,4,1,7.0
C0001494,453388_S006,document,453388,OF,CAVA3,20,PQ,2B,21,2B-SB02,1,1,1.0
C0001495,453388_S008,document,453388,OF,CAVA3,20,PQ,19,05,,3,1,7.0
C0001496,453388_S008,document,453388,OF,CAVA3,20,PQ,2B,21,2B-SB02,2,1,1.0
C0001497,453416_S008,document,453416,OF,HRRJK,20,PQ,1A,55,,5,1,7.0
C0001498,453388_S019,document,453388,OF,USTIW,20,PQ,2B,31,2B-SB02,4,1,1.0
C0001499,453412_S006,document,453412,OF,MYTPP,20,PQ,49,25,49-SB02,4,1,1.0
C0001500,454710_S009,document,454710,OF,ITSPE,20,PQ,8A,59,8A-SB05,1,1,1.0
C0001501,454710_S009,document,454710,OF,ITSPE,20,PQ,8B,21,8B-SB02,3,1,1.0
C0001502,454710_S011,document,454710,OF,ITSPE,20,PQ,8B,21,8B-SB02,4,2,1.0
C0001503,453388_S017,document,453388,OF,USTIW,20,PQ,2B,31,2B-SB02,1,1,1.0
C0001504,453388_S017,document,453388,OF,USTIW,20,PQ,4B,13,4B-SB02,2,1,1.0
C0001505,453412_S007,document,453412,OF,NLRTM,20,PQ,49,27,49-SB02,3,1,1.0
C0001506,453416_S001,document,453416,OF,EGPSD,20,PQ,5A,13,5A-SB02,3,1,1.0
C0001507,453416_S005,document,453416,OF,HRRJK,20,PQ,1A,55,,1,1,7.0
C0001508,453416_S005,document,453416,OF,HRRJK,20,PQ,5A,17,5A-SB02,2,1,1.0
C0001509,454710_S007,document,454710,OF,ITNAP,20,PQ,8B,39,8B-SB03,3,1,1.0
C0001510,454710_S012,document,454710,OF,ITSPE,20,PQ,8B,21,8B-SB02,3,1,1.0
C0001511,453250_S001,document,453250,OF,KRPUS,20,PQ,29,31,29-SB03,2,1,1.0
C0001512,453308_S005,document,453308,OF,ESVLC,20,PQ,29,31,29-SB03,2,1,1.0
C0001513,453308_S009,document,453308,OF,ITGOA,20,PQ,1A,53,1A-SB04,2,1,1.0
C0001514,453308_S014,document,453308,OF,MYTPP,20,PQ,6A,63,6A-SB05,2,1,1.0
C0001515,453308_S015,document,453308,OF,MYTPP,20,PQ,6A,11,6A-SB01,2,1,1.0
C0001516,453356_S002,document,453356,OF,USCHS,20,PQ,39,09,,2,1,7.0
C0001517,453388_S003,document,453388,OF,CAVA2,20,PQ,4B,13,4B-SB02,2,1,1.0
C0001518,453388_S005,document,453388,OF,CAVA3,20,HQ,2B,23,2B-SB02,2,1,1.0
C0001519,453388_S007,document,453388,OF,CAVA3,20,PQ,2B,21,2B-SB02,1,1,1.0
C0001520,453388_S018,document,453388,OF,USTIW,20,PQ,4B,13,4B-SB02,2,1,1.0
C0001521,453396_S003,document,453396,OF,DEWVN,20,PQ,6B,57,6B-SB04,1,1,0.0
C0001522,453416_S006,document,453416,OF,HRRJK,20,PQ,5A,17,5A-SB02,2,1,1.0
C0001523,453416_S012,document,453416,OF,MYTPP,20,PQ,59,29,59-SB03,2,1,0.0
C0001524,453416_S013,document,453416,OF,MYTPP,20,PQ,59,29,59-SB03,2,1,0.0
C0001525,453416_S014,document,453416,OF,MYTPP,20,PQ,59,29,59-SB03,2,1,0.0
C0001526,453416_S015,document,453416,OF,SIKOP,20,PQ,5A,17,5A-SB02,1,1,1.0
C0001527,453416_S015,document,453416,OF,SIKOP,20,PQ,1A,25,,1,1,7.0
C0001528,453416_S017,document,453416,OF,SIKOP,20,PQ,1A,55,,1,1,7.0
C0001529,453416_S017,document,453416,OF,SIKOP,20,PQ,38,13,38-SB01,1,1,0.0
C0001530,454585_S004,document,454585,OF,ESBCN,20,PQ,69,15,69-SB02,2,1,0.0
C0001531,454710_S003,document,454710,OF,ITGOA,20,PQ,8B,23,8B-SB02,2,1,1.0
C0001532,454710_S004,document,454710,OF,ITGOA,20,PQ,8B,23,8B-SB02,2,1,1.0
C0001533,454710_S008,document,454710,OF,ITNAP,20,PQ,8B,23,8B-SB02,2,1,1.0
C0001534,454710_S010,document,454710,OF,ITSPE,20,PQ,8B,21,8B-SB02,2,1,1.0
C0001535,453250_S002,document,453250,OF,KRPUS,20,PQ,29,31,29-SB03,1,1,1.0
C0001536,453250_S004,document,453250,OF,USNYC,20,PQ,6A,05,6A-SB01,1,1,0.0
C0001537,453250_S005,document,453250,OF,USNYC,20,PQ,2A,31,2A-SB03,1,1,0.0
C0001538,453308_S001,document,453308,OF,ESBCN,20,PQ,6A,11,6A-SB01,1,1,1.0
C0001539,453308_S006,document,453308,OF,ESVLC,20,PQ,29,31,29-SB03,1,1,1.0
C0001540,453308_S008,document,453308,OF,ITGOA,20,PQ,1A,53,1A-SB04,1,1,1.0
C0001541,453324_S002,document,453324,OF,USLAX,20,PQ,29,31,29-SB03,1,1,1.0
C0001542,453356_S001,document,453356,OF,USCHS,20,PQ,39,09,,1,1,7.0
C0001543,453388_S020,document,453388,OF,USTW2,20,PQ,4B,13,4B-SB02,1,1,1.0
C0001544,453388_S021,document,453388,OF,USTW2,20,PQ,4B,13,4B-SB02,1,1,1.0
C0001545,453396_S001,document,453396,OF,DEBRV,20,PQ,6B,59,6B-SB04,1,1,1.0
C0001546,453396_S002,document,453396,OF,DEWVN,20,PQ,6B,57,6B-SB04,1,1,0.0
C0001547,453396_S006,document,453396,OF,MAPTM,20,PQ,6B,59,6B-SB04,1,1,1.0
C0001548,453412_S002,document,453412,OF,DEHAM,20,PQ,49,25,49-SB02,1,1,1.0
C0001549,453412_S003,document,453412,OF,MYTPP,20,PQ,49,25,49-SB02,1,1,1.0
C0001550,453412_S004,document,453412,OF,MYTPP,20,PQ,49,27,49-SB02,1,1,1.0
C0001551,453412_S005,document,453412,OF,MYTPP,20,PQ,49,27,49-SB02,1,1,1.0
C0001552,453412_S008,document,453412,OF,NLRTM,20,PQ,49,27,49-SB02,1,1,1.0
C0001553,453412_S009,document,453412,OF,NLRTM,20,PQ,49,27,49-SB02,1,1,1.0
C0001554,453412_S010,document,453412,OF,NLRTM,20,PQ,49,27,49-SB02,1,1,1.0
C0001555,453416_S004,document,453416,OF,EGPSD,20,PQ,5A,13,5A-SB02,1,1,1.0
C0001556,453416_S007,document,453416,OF,HRRJK,20,PQ,5A,17,5A-SB02,1,1,1.0
C0001557,453416_S010,document,453416,OF,MYTPP,20,PQ,59,69,59-SB06,1,1,0.0
C0001558,453416_S011,document,453416,OF,MYTPP,20,PQ,59,69,59-SB06,1,1,0.0
C0001559,454549_S001,document,454549,OF,ILHFA,20,PQ,69,15,69-SB02,1,1,0.0
C0001560,454549_S002,document,454549,OF,ILHFA,20,PQ,69,15,69-SB02,1,1,0.0
C0001561,454549_S005,document,454549,OF,SGSIN,20,PQ,49,27,49-SB02,1,1,1.0
C0001562,454549_S006,document,454549,OF,TRALI,20,PQ,1A,25,,1,1,7.0
C0001563,454585_S001,document,454585,OF,ESBC1,20,PQ,69,05,69-SB01,1,1,0.0
C0001564,454585_S002,document,454585,OF,ESBC1,20,PQ,69,05,69-SB01,1,1,0.0
C0001565,454585_S003,document,454585,OF,ESBCN,20,PQ,69,15,69-SB02,1,1,0.0
C0001566,454585_S005,document,454585,OF,ESVL3,20,PQ,69,15,69-SB02,1,1,0.0
C0001567,454585_S006,document,454585,OF,ESVLC,20,PQ,59,31,59-SB03,1,1,0.0
C0001568,454585_S007,document,454585,OF,ESVLC,20,PQ,59,31,59-SB03,1,1,0.0
C0001569,454585_S008,document,454585,OF,ITGIT,20,PQ,69,33,69-SB03,1,1,0.0
C0001570,454710_S001,document,454710,OF,ESAGP,20,PQ,8B,23,8B-SB02,1,1,1.0
C0001571,454710_S002,document,454710,OF,ESAGP,20,PQ,8B,23,8B-SB02,1,1,1.0
C0001572,454710_S005,document,454710,OF,ITGOA,20,PQ,8B,23,8B-SB02,1,1,1.0
C0001573,453416_S018,document,453416,OF,EGPSD,40,HQ,5A,09,5A-SB01,26,6,1.0
C0001574,453416_S018,document,453416,OF,EGPSD,40,HQ,5A,29,5A-SB03,22,5,1.0
C0001575,453388_S033,document,453388,OF,CAVA3,40,HQ,4B,37,4B-SB04,26,6,1.0
C0001576,453388_S033,document,453388,OF,CAVA3,40,HQ,4B,05,4B-SB01,13,3,1.0
C0001577,454585_S031,document,454585,OF,ITGIT,40,HQ,5A,01,5A-SB01,14,3,1.0
C0001578,454585_S031,document,454585,OF,ITGIT,40,HQ,5A,25,5A-SB03,5,1,1.0
C0001579,454585_S031,document,454585,OF,ITGIT,40,HQ,69,17,69-SB02,2,2,0.0
C0001580,453416_S043,document,453416,OF,SIKOP,40,HQ,5A,05,5A-SB01,26,6,1.0
C0001581,453416_S043,document,453416,OF,SIKOP,40,HQ,5A,25,5A-SB03,3,1,1.0
C0001582,453416_S043,document,453416,OF,SIKOP,40,HQ,E9,95,,5,2,6.0
C0001583,453416_S019,document,453416,OF,EGPSD,40,HQ,5A,33,5A-SB03,26,6,1.0
C0001584,453416_S019,document,453416,OF,EGPSD,40,HQ,5A,29,5A-SB03,4,1,1.0
C0001585,453416_S035,document,453416,OF,MYTPP,40,HQ,5A,61,5A-SB06,26,6,1.0
C0001586,453416_S035,document,453416,OF,MYTPP,40,HQ,5A,65,5A-SB06,4,1,1.0
C0001587,453388_S036,document,453388,OF,CAVA3,40,HQ,4B,09,4B-SB01,25,5,1.0
C0001588,453388_S036,document,453388,OF,CAVA3,40,HQ,4B,05,4B-SB01,2,1,1.0
C0001589,453388_S036,document,453388,OF,CAVA3,40,HQ,4B,45,4B-SB04,2,1,1.0
C0001590,453416_S044,document,453416,OF,SIKOP,40,HQ,E9,95,,10,3,6.0
C0001591,453416_S044,document,453416,OF,SIKOP,40,HQ,4A,29,4A-SB03,19,4,1.0
C0001592,453416_S022,document,453416,OF,EGPSD,40,HQ,4A,41,4A-SB04,15,3,1.0
C0001593,453416_S022,document,453416,OF,EGPSD,40,HQ,4A,33,4A-SB03,13,3,1.0
C0001594,453388_S052,document,453388,OF,USTIW,40,HQ,4B,41,4B-SB04,24,5,1.0
C0001595,453388_S064,document,453388,OF,USTW2,40,HQ,69,53,69-SB05,20,4,1.0
C0001596,453388_S064,document,453388,OF,USTW2,40,HQ,4B,61,,4,1,7.0
C0001597,453412_S012,document,453412,OF,BEANR,40,HQ,49,41,49-SB04,10,2,1.0
C0001598,453412_S012,document,453412,OF,BEANR,40,HQ,49,09,49-SB01,5,1,1.0
C0001599,453412_S012,document,453412,OF,BEANR,40,HQ,49,33,49-SB03,5,1,1.0
C0001600,453412_S016,document,453412,OF,DEHAM,40,HQ,6B,01,6B-SB01,20,4,1.0
C0001601,453396_S011,document,453396,OF,DEBRV,40,HQ,1C,53,,17,4,7.0
C0001602,453396_S011,document,453396,OF,DEBRV,40,HQ,38,09,38-SB01,2,1,0.0
C0001603,453416_S030,document,453416,OF,HRRJK,40,HQ,4A,21,4A-SB02,19,5,1.0
C0001604,453416_S047,document,453416,OF,SIKOP,40,HQ,4A,29,4A-SB03,5,1,1.0
C0001605,453416_S047,document,453416,OF,SIKOP,40,HQ,4A,33,4A-SB03,4,1,1.0
C0001606,453416_S047,document,453416,OF,SIKOP,40,HQ,4A,37,4A-SB04,3,1,1.0
C0001607,453416_S047,document,453416,OF,SIKOP,40,HQ,4A,41,4A-SB04,2,1,1.0
C0001608,453416_S047,document,453416,OF,SIKOP,40,HQ,1A,45,1A-SB04,5,3,0.0
C0001609,453388_S035,document,453388,OF,CAVA3,40,HQ,69,69,69-SB06,17,4,1.0
C0001610,453388_S035,document,453388,OF,CAVA3,40,HQ,4B,45,4B-SB04,1,1,1.0
C0001611,453388_S053,document,453388,OF,USTIW,40,HQ,69,61,69-SB06,17,4,1.0
C0001612,453388_S053,document,453388,OF,USTIW,40,HQ,4B,61,,1,1,7.0
C0001613,453388_S034,document,453388,OF,CAVA3,40,HQ,4A,09,4A-SB01,15,5,0.0
C0001614,453388_S034,document,453388,OF,CAVA3,40,HQ,4A,01,4A-SB01,2,1,1.0
C0001615,453388_S041,document,453388,OF,CAVAN,40,HQ,69,57,69-SB05,15,3,1.0
C0001616,453388_S041,document,453388,OF,CAVAN,40,HQ,69,37,69-SB04,2,1,1.0
C0001617,453416_S036,document,453416,OF,MYTPP,40,HQ,4A,05,4A-SB01,16,4,1.0
C0001618,454710_S018,document,454710,OF,ITGOA,40,HQ,8A,65,8A-SB06,10,2,1.0
C0001619,454710_S018,document,454710,OF,ITGOA,40,HQ,8A,21,8A-SB02,3,1,1.0
C0001620,454710_S018,document,454710,OF,ITGOA,40,HQ,5C,13,,3,1,6.0
C0001621,453388_S042,document,453388,OF,CAVAN,40,HQ,69,65,69-SB06,15,3,1.0
C0001622,453388_S054,document,453388,OF,USTIW,40,HQ,4B,45,4B-SB04,12,3,1.0
C0001623,453388_S054,document,453388,OF,USTIW,40,HQ,4B,41,4B-SB04,2,1,1.0
C0001624,453388_S054,document,453388,OF,USTIW,40,HQ,4B,61,,1,1,7.0
C0001625,453388_S065,document,453388,OF,USTW2,40,HQ,4B,05,4B-SB01,10,2,1.0
C0001626,453388_S065,document,453388,OF,USTW2,40,HQ,4B,61,,4,1,7.0
C0001627,453388_S065,document,453388,OF,USTW2,40,HQ,4B,17,4B-SB02,1,1,1.0
C0001628,453388_S067,document,453388,OF,USTW2,40,HQ,4B,17,4B-SB02,9,2,1.0
C0001629,453388_S067,document,453388,OF,USTW2,40,HQ,4B,45,4B-SB04,6,2,1.0
C0001630,453412_S033,document,453412,OF,NLRTM,40,HQ,49,09,49-SB01,15,3,1.0
C0001631,453416_S020,document,453416,OF,EGPSD,40,HQ,5A,25,5A-SB03,15,3,1.0
C0001632,453416_S028,document,453416,OF,HRRJK,40,HQ,4A,37,4A-SB04,15,3,1.0
C0001633,454585_S027,document,454585,OF,ESVLC,40,HQ,E1,95,,15,8,7.0
C0001634,453388_S066,document,453388,OF,USTW2,40,HQ,4B,45,4B-SB04,4,1,1.0
C0001635,453388_S066,document,453388,OF,USTW2,40,HQ,4A,21,4A-SB02,4,1,0.0
C0001636,453388_S066,document,453388,OF,USTW2,40,HQ,2B,13,,3,1,7.0
C0001637,453388_S066,document,453388,OF,USTW2,40,HQ,19,21,19-SB01,3,1,1.0
C0001638,453412_S015,document,453412,OF,DEHAM,40,HQ,49,49,49-SB04,14,3,1.0
C0001639,453416_S049,document,453416,OF,SIKOP,40,PQ,2A,61,,14,3,7.0
C0001640,453388_S045,document,453388,OF,CAVAN,40,HQ,4B,25,4B-SB03,13,3,1.0
C0001641,453416_S021,document,453416,OF,EGPSD,40,HQ,2A,41,2A-SB04,10,2,0.0
C0001642,453416_S021,document,453416,OF,EGPSD,40,HQ,2A,45,2A-SB04,2,1,1.0
C0001643,453416_S021,document,453416,OF,EGPSD,40,HQ,2A,09,2A-SB01,1,1,1.0
C0001644,453416_S023,document,453416,OF,EGPSD,40,HQ,4A,37,4A-SB04,3,1,1.0
C0001645,453416_S023,document,453416,OF,EGPSD,40,HQ,2A,09,2A-SB01,2,1,1.0
C0001646,453416_S023,document,453416,OF,EGPSD,40,HQ,2A,53,2A-SB05,2,1,1.0
C0001647,453416_S023,document,453416,OF,EGPSD,40,HQ,2A,33,2A-SB03,1,1,1.0
C0001648,453416_S023,document,453416,OF,EGPSD,40,HQ,5A,25,5A-SB03,3,1,1.0
C0001649,453416_S023,document,453416,OF,EGPSD,40,HQ,E9,95,,2,1,7.0
C0001650,453388_S032,document,453388,OF,CAVA3,40,HQ,4B,17,4B-SB02,10,2,1.0
C0001651,453388_S032,document,453388,OF,CAVA3,40,HQ,4B,45,4B-SB04,1,1,1.0
C0001652,453388_S032,document,453388,OF,CAVA3,40,HQ,4B,49,4B-SB05,1,1,1.0
C0001653,453388_S055,document,453388,OF,USTIW,40,HQ,4B,21,4B-SB02,12,3,1.0
C0001654,453416_S029,document,453416,OF,HRRJK,40,HQ,4A,01,4A-SB01,12,3,1.0
C0001655,453416_S040,document,453416,OF,MYTPP,40,HQ,4A,49,4A-SB05,12,3,1.0
C0001656,453388_S026,document,453388,OF,CAVA2,40,HQ,4B,25,4B-SB03,6,2,1.0
C0001657,453388_S026,document,453388,OF,CAVA2,40,HQ,4B,21,4B-SB02,5,1,1.0
C0001658,453388_S051,document,453388,OF,USTIW,40,HQ,4B,17,4B-SB02,3,1,1.0
C0001659,453388_S051,document,453388,OF,USTIW,40,HQ,4B,21,4B-SB02,1,1,1.0
C0001660,453388_S051,document,453388,OF,USTIW,40,HQ,2B,33,2B-SB03,4,1,1.0
C0001661,453388_S051,document,453388,OF,USTIW,40,HQ,2B,13,,3,1,7.0
C0001662,453412_S035,document,453412,OF,NLRTM,40,HQ,6B,05,6B-SB01,11,3,0.0
C0001663,453412_S037,document,453412,OF,NLRTM,40,HQ,6B,33,6B-SB03,8,2,1.0
C0001664,453412_S037,document,453412,OF,NLRTM,40,HQ,6B,25,6B-SB03,2,1,0.0
C0001665,454585_S021,document,454585,OF,ESVL3,40,HQ,4J,01,4J-SB01,7,2,1.0
C0001666,454585_S021,document,454585,OF,ESVL3,40,HQ,4J,61,,3,1,7.0
C0001667,453412_S027,document,453412,OF,MYTPP,40,HQ,49,05,49-SB01,9,2,1.0
C0001668,453416_S027,document,453416,OF,HRRJK,40,HQ,4A,21,4A-SB02,1,1,1.0
C0001669,453416_S027,document,453416,OF,HRRJK,40,HQ,2K,05,,8,3,7.0
C0001670,453416_S031,document,453416,OF,HRRJK,40,HQ,2K,53,,2,1,7.0
C0001671,453416_S031,document,453416,OF,HRRJK,40,HQ,2K,17,2K-SB01,1,1,1.0
C0001672,453416_S031,document,453416,OF,HRRJK,40,HQ,6C,57,,6,2,7.0
C0001673,453416_S039,document,453416,OF,MYTPP,40,HQ,4A,05,4A-SB01,4,1,1.0
C0001674,453416_S039,document,453416,OF,MYTPP,40,HQ,4A,01,4A-SB01,2,1,1.0
C0001675,453416_S039,document,453416,OF,MYTPP,40,HQ,4A,49,4A-SB05,3,1,1.0
C0001676,454710_S017,document,454710,OF,ITGOA,40,HQ,5C,13,,5,2,6.0
C0001677,454710_S017,document,454710,OF,ITGOA,40,HQ,5C,17,,2,1,6.0
C0001678,454710_S017,document,454710,OF,ITGOA,40,HQ,5C,05,5C-SB01,2,1,1.0
C0001679,453388_S025,document,453388,OF,CAVA2,40,HQ,2B,53,2B-SB04,6,2,1.0
C0001680,453388_S025,document,453388,OF,CAVA2,40,HQ,2B,13,,2,1,7.0
C0001681,453388_S047,document,453388,OF,CAVAN,40,PQ,4A,13,4A-SB02,8,2,1.0
C0001682,453388_S059,document,453388,OF,USTW1,40,HQ,4B,21,4B-SB02,8,2,1.0
C0001683,453416_S045,document,453416,OF,SIKOP,40,HQ,1A,49,1A-SB04,6,2,0.0
C0001684,453416_S045,document,453416,OF,SIKOP,40,HQ,1A,45,1A-SB04,1,1,0.0
C0001685,453416_S045,document,453416,OF,SIKOP,40,HQ,1A,37,1A-SB03,1,1,0.0
C0001686,454585_S035,document,454585,OF,ZZOP1,40,HQ,4J,61,,5,1,7.0
C0001687,454585_S035,document,454585,OF,ZZOP1,40,HQ,4J,01,4J-SB01,3,1,1.0
C0001688,454585_S038,document,454585,OF,ZZOPT,40,HQ,8B,45,8B-SB03,6,2,1.0
C0001689,454585_S038,document,454585,OF,ZZOPT,40,HQ,E3,91,,2,1,7.0
C0001690,453388_S044,document,453388,OF,CAVAN,40,HQ,4A,01,4A-SB01,5,1,0.0
C0001691,453388_S044,document,453388,OF,CAVAN,40,HQ,69,37,69-SB04,2,1,1.0
C0001692,454585_S023,document,454585,OF,ESVLC,40,HQ,E1,95,,1,1,7.0
C0001693,454585_S023,document,454585,OF,ESVLC,40,HQ,E1,43,E1-SB04,2,1,1.0
C0001694,454585_S023,document,454585,OF,ESVLC,40,HQ,E1,47,E1-SB04,4,2,1.0
C0001695,454710_S026,document,454710,OF,ITNAP,40,HQ,1K,41,,7,3,7.0
C0001696,453412_S017,document,453412,OF,DEHAM,40,HQ,49,49,49-SB04,3,1,1.0
C0001697,453412_S017,document,453412,OF,DEHAM,40,HQ,49,57,49-SB05,3,1,1.0
C0001698,453412_S019,document,453412,OF,DEHAM,40,HQ,49,57,49-SB05,6,2,1.0
C0001699,454585_S017,document,454585,OF,ESBCN,40,HQ,E3,91,,6,3,7.0
C0001700,453250_S010,document,453250,OF,KRPUS,40,HQ,2A,13,2A-SB02,4,1,1.0
C0001701,453388_S046,document,453388,OF,CAVAN,40,HQ,69,37,69-SB04,3,1,1.0
C0001702,453388_S046,document,453388,OF,CAVAN,40,HQ,4B,17,4B-SB02,2,1,1.0
C0001703,453388_S060,document,453388,OF,USTW1,40,HQ,4B,25,4B-SB03,5,1,1.0
C0001704,453396_S020,document,453396,OF,MYTPP,40,HQ,89,53,89-SB04,5,2,0.0
C0001705,453396_S021,document,453396,OF,MYTPP,40,PQ,1K,05,1K-SB01,2,1,1.0
C0001706,453396_S021,document,453396,OF,MYTPP,40,PQ,49,29,49-SB03,3,1,1.0
C0001707,453412_S018,document,453412,OF,DEHAM,40,HQ,49,57,49-SB05,5,1,1.0
C0001708,453412_S023,document,453412,OF,MYTPP,40,HQ,49,05,49-SB01,5,1,1.0
C0001709,453412_S026,document,453412,OF,MYTPP,40,HQ,49,41,49-SB04,5,1,1.0
C0001710,454585_S014,document,454585,OF,ESBCN,40,HQ,E3,91,,5,3,7.0
C0001711,454585_S036,document,454585,OF,ZZOP1,40,HQ,4J,01,4J-SB01,3,1,1.0
C0001712,454585_S036,document,454585,OF,ZZOP1,40,HQ,8B,53,8B-SB04,2,1,1.0
C0001713,454710_S019,document,454710,OF,ITGOA,40,HQ,5C,05,5C-SB01,2,1,1.0
C0001714,454710_S019,document,454710,OF,ITGOA,40,HQ,8B,09,8B-SB01,3,1,1.0
C0001715,454710_S020,document,454710,OF,ITGOA,40,HQ,8B,49,8B-SB04,5,1,1.0
C0001716,454710_S021,document,454710,OF,ITGOA,40,HQ,8B,53,8B-SB04,3,1,1.0
C0001717,454710_S021,document,454710,OF,ITGOA,40,HQ,8B,49,8B-SB04,2,1,1.0
C0001718,453250_S011,document,453250,OF,KRPUS,40,HQ,2A,13,2A-SB02,4,1,1.0
C0001719,453250_S018,document,453250,OF,USNWK,40,HQ,5B,49,5B-SB04,4,1,1.0
C0001720,453250_S021,document,453250,OF,USNYC,40,HQ,29,25,29-SB03,4,1,0.0
C0001721,453308_S018,document,453308,OF,ESBCN,40,HQ,AB,57,,4,2,6.0
C0001722,453352_S003,document,453352,OF,JPNGO,40,HQ,4J,61,,4,1,7.0
C0001723,453388_S024,document,453388,OF,CAVA2,40,HQ,2B,33,2B-SB03,4,1,1.0
C0001724,453388_S028,document,453388,OF,CAVA2,40,HQ,2B,13,,1,1,7.0
C0001725,453388_S028,document,453388,OF,CAVA2,40,HQ,19,21,19-SB01,3,1,1.0
C0001726,453388_S030,document,453388,OF,CAVA2,40,PQ,4A,25,4A-SB03,4,1,1.0
C0001727,453388_S043,document,453388,OF,CAVAN,40,HQ,4B,17,4B-SB02,1,1,1.0
C0001728,453388_S043,document,453388,OF,CAVAN,40,HQ,19,21,19-SB01,3,1,1.0
C0001729,453396_S013,document,453396,OF,DEWVN,40,HQ,6B,45,,4,1,6.0
C0001730,453396_S018,document,453396,OF,MYTPP,40,HQ,89,53,89-SB04,2,1,0.0
C0001731,453396_S018,document,453396,OF,MYTPP,40,HQ,EE,11,EE-SB01,2,1,1.0
C0001732,453412_S024,document,453412,OF,MYTPP,40,HQ,49,41,49-SB04,4,1,1.0
C0001733,453412_S028,document,453412,OF,MYTPP,40,HQ,49,49,49-SB04,4,1,1.0
C0001734,453416_S041,document,453416,OF,MYTPP,40,PQ,2A,61,,4,1,7.0
C0001735,453416_S046,document,453416,OF,SIKOP,40,HQ,1A,37,1A-SB03,3,1,0.0
C0001736,453416_S046,document,453416,OF,SIKOP,40,HQ,3A,37,3A-SB03,1,1,0.0
C0001737,454585_S024,document,454585,OF,ESVLC,40,HQ,E1,47,E1-SB04,1,1,1.0
C0001738,454585_S024,document,454585,OF,ESVLC,40,HQ,59,37,59-SB04,3,1,0.0
C0001739,454585_S032,document,454585,OF,ITGIT,40,HQ,E3,91,,4,2,7.0
C0001740,454710_S027,document,454710,OF,ITNAP,40,HQ,1K,09,1K-SB01,4,2,1.0
C0001741,454710_S028,document,454710,OF,ITNAP,40,HQ,1K,09,1K-SB01,4,2,1.0
C0001742,454710_S030,document,454710,OF,ITNAP,40,HQ,1K,13,1K-SB01,4,2,1.0
C0001743,453308_S022,document,453308,OF,ESVLC,40,HQ,ED,91,,2,1,7.0
C0001744,453324_S003,document,453324,OF,USLAX,40,HQ,28,01,,3,1,6.0
C0001745,453324_S005,document,453324,OF,USLAX,40,HQ,4J,05,4J-SB01,2,1,1.0
C0001746,453388_S037,document,453388,OF,CAVA3,40,HQ,4B,49,4B-SB05,2,1,1.0
C0001747,453388_S037,document,453388,OF,CAVA3,40,HQ,4A,01,4A-SB01,1,1,1.0
C0001748,453388_S058,document,453388,OF,USTW1,40,HQ,4B,49,4B-SB05,3,1,1.0
C0001749,453412_S025,document,453412,OF,MYTPP,40,HQ,49,05,49-SB01,1,1,1.0
C0001750,453412_S025,document,453412,OF,MYTPP,40,HQ,49,41,49-SB04,1,1,1.0
C0001751,453412_S025,document,453412,OF,MYTPP,40,HQ,49,49,49-SB04,1,1,1.0
C0001752,453412_S036,document,453412,OF,NLRTM,40,HQ,6B,01,6B-SB01,3,1,1.0
C0001753,453416_S032,document,453416,OF,HRRJK,40,HQ,6C,57,,2,1,7.0
C0001754,453416_S032,document,453416,OF,HRRJK,40,HQ,3A,21,3A-SB02,1,1,0.0
C0001755,453416_S034,document,453416,OF,HRRJK,40,PQ,4A,25,4A-SB03,3,1,1.0
C0001756,453416_S048,document,453416,OF,SIKOP,40,PQ,4A,25,4A-SB03,3,1,1.0
C0001757,454585_S009,document,454585,OF,DZAAE,40,HQ,8A,17,8A-SB02,2,1,0.0
C0001758,454585_S009,document,454585,OF,DZAAE,40,HQ,E1,95,,1,1,7.0
C0001759,454585_S011,document,454585,OF,ESBC1,40,HQ,69,09,69-SB01,3,1,0.0
C0001760,454585_S018,document,454585,OF,ESVL3,40,HQ,4J,05,4J-SB01,1,1,1.0
C0001761,454585_S018,document,454585,OF,ESVL3,40,HQ,AC,23,,1,1,7.0
C0001762,454585_S018,document,454585,OF,ESVL3,40,HQ,8A,29,8A-SB03,1,1,0.0
C0001763,454585_S033,document,454585,OF,ITGIT,40,HQ,E3,91,,1,1,7.0
C0001764,454585_S033,document,454585,OF,ITGIT,40,HQ,8A,17,8A-SB02,2,1,0.0
C0001765,454710_S034,document,454710,OF,ITSPE,40,HQ,5C,01,5C-SB01,3,1,1.0
C0001766,453250_S008,document,453250,OF,COCTG,40,HQ,5B,05,5B-SB01,2,1,0.0
C0001767,453250_S014,document,453250,OF,KRPUS,40,HQ,2A,13,2A-SB02,2,1,1.0
C0001768,453250_S015,document,453250,OF,KRPUS,40,HQ,2A,13,2A-SB02,2,1,1.0
C0001769,453250_S022,document,453250,OF,USNYC,40,HQ,29,25,29-SB03,2,1,0.0
C0001770,453250_S023,document,453250,OF,USNYC,40,HQ,29,25,29-SB03,2,1,0.0
C0001771,453308_S025,document,453308,OF,ITGOA,40,HQ,6A,69,,2,1,6.0
C0001772,453308_S032,document,453308,OF,MYTPP,40,HQ,EE,91,,2,1,7.0
C0001773,453308_S033,document,453308,OF,MYTPP,40,HQ,EE,91,,2,1,7.0
C0001774,453308_S034,document,453308,OF,MYTPP,40,HQ,EE,91,,2,1,7.0
C0001775,453352_S004,document,453352,OF,JPNGO,40,HQ,4J,61,,2,1,7.0
C0001776,453352_S005,document,453352,OF,JPUKB,40,HQ,4B,49,4B-SB05,2,1,1.0
C0001777,453356_S004,document,453356,OF,USNYC,40,HQ,28,37,,2,1,6.0
C0001778,453388_S048,document,453388,OF,CAVAN,40,PQ,4A,13,4A-SB02,2,1,1.0
C0001779,453388_S050,document,453388,OF,KRPUS,40,HQ,2B,61,,2,1,6.0
C0001780,453388_S056,document,453388,OF,USTIW,40,PQ,4A,13,4A-SB02,2,1,1.0
C0001781,453388_S061,document,453388,OF,USTW1,40,HQ,4B,49,4B-SB05,2,1,1.0
C0001782,453396_S012,document,453396,OF,DEWVN,40,HQ,6B,45,,2,1,6.0
C0001783,453396_S017,document,453396,OF,MATAT,40,HQ,6B,69,,2,1,6.0
C0001784,453412_S011,document,453412,OF,BEANR,40,HQ,6B,05,6B-SB01,2,1,1.0
C0001785,453412_S021,document,453412,OF,DEHAM,40,PQ,49,29,49-SB03,2,1,1.0
C0001786,453412_S031,document,453412,OF,NLR10,40,HQ,49,41,49-SB04,2,1,1.0
C0001787,453412_S039,document,453412,OF,NLRTM,40,PQ,49,29,49-SB03,2,1,1.0
C0001788,453416_S024,document,453416,OF,EGPSD,40,PQ,4A,25,4A-SB03,2,1,1.0
C0001789,453416_S025,document,453416,OF,EGPSD,40,PQ,4A,25,4A-SB03,2,1,1.0
C0001790,453416_S033,document,453416,OF,HRRJK,40,PQ,4A,25,4A-SB03,2,1,1.0
C0001791,453416_S050,document,453416,OF,SIKOP,40,PQ,4A,25,4A-SB03,2,1,1.0
C0001792,454549_S008,document,454549,OF,ILHFA,40,HQ,5F,61,,2,1,7.0
C0001793,454585_S019,document,454585,OF,ESVL3,40,HQ,8A,29,8A-SB03,2,1,0.0
C0001794,454585_S020,document,454585,OF,ESVL3,40,HQ,8A,29,8A-SB03,2,1,0.0
C0001795,454585_S025,document,454585,OF,ESVLC,40,HQ,8A,25,8A-SB03,2,1,0.0
C0001796,454585_S026,document,454585,OF,ESVLC,40,HQ,8A,49,8A-SB05,2,1,0.0
C0001797,454585_S039,document,454585,OF,ZZOPT,40,HQ,E3,91,,2,1,7.0
C0001798,454585_S041,document,454585,OF,ZZOPT,40,HQ,8A,29,8A-SB03,2,1,0.0
C0001799,454585_S042,document,454585,OF,ZZOPT,40,HQ,8A,29,8A-SB03,2,1,0.0
C0001800,454710_S015,document,454710,OF,ESAGP,40,HQ,2D,13,,2,1,7.0
C0001801,454710_S036,document,454710,OF,ITSPE,40,HQ,5C,13,,2,1,7.0
C0001802,454710_S042,document,454710,OF,SGSIN,40,HQ,1D,49,,1,1,6.0
C0001803,454710_S042,document,454710,OF,SGSIN,40,HQ,49,57,49-SB05,1,1,1.0
C0001804,453250_S009,document,453250,OF,COCTG,40,HQ,5B,05,5B-SB01,1,1,0.0
C0001805,453250_S016,document,453250,OF,USNW2,40,HQ,6A,25,6A-SB02,1,1,0.0
C0001806,453250_S017,document,453250,OF,USNW2,40,HQ,6A,25,6A-SB02,1,1,0.0
C0001807,453250_S019,document,453250,OF,USNWK,40,HQ,5B,49,5B-SB04,1,1,1.0
C0001808,453250_S020,document,453250,OF,USNWK,40,HQ,5B,49,5B-SB04,1,1,1.0
C0001809,453250_S024,document,453250,OF,USORF,40,HQ,E9,91,,1,1,6.0
C0001810,453250_S025,document,453250,OF,USORF,40,HQ,E9,91,,1,1,6.0
C0001811,453250_S026,document,453250,OF,USORF,40,HQ,E9,91,,1,1,6.0
C0001812,453308_S019,document,453308,OF,ESBCN,40,HQ,AB,09,AB-SB01,1,1,0.0
C0001813,453308_S021,document,453308,OF,ESVLC,40,HQ,6A,33,6A-SB03,1,1,0.0
C0001814,453308_S023,document,453308,OF,ITGOA,40,HQ,6A,33,6A-SB03,1,1,0.0
C0001815,453308_S024,document,453308,OF,ITGOA,40,HQ,6A,33,6A-SB03,1,1,0.0
C0001816,453308_S027,document,453308,OF,ITSPE,40,HQ,ED,91,,1,1,7.0
C0001817,453308_S029,document,453308,OF,MAMED,40,HQ,ED,91,,1,1,7.0
C0001818,453308_S030,document,453308,OF,MYTPP,40,HQ,EE,91,,1,1,7.0
C0001819,453308_S031,document,453308,OF,MYTPP,40,HQ,EE,91,,1,1,7.0
C0001820,453324_S007,document,453324,OF,USLSA,40,HQ,28,33,,1,1,6.0
C0001821,453324_S008,document,453324,OF,USLSA,40,HQ,28,33,,1,1,6.0
C0001822,453352_S001,document,453352,OF,JPNGO,40,HQ,4J,61,,1,1,7.0
C0001823,453352_S002,document,453352,OF,JPNGO,40,HQ,4J,61,,1,1,7.0
C0001824,453352_S006,document,453352,OF,JPUKB,40,HQ,4B,49,4B-SB05,1,1,1.0
C0001825,453388_S029,document,453388,OF,CAVA2,40,PQ,4A,25,4A-SB03,1,1,1.0
C0001826,453388_S057,document,453388,OF,USTIW,40,PQ,4A,13,4A-SB02,1,1,1.0
C0001827,453388_S062,document,453388,OF,USTW1,40,PQ,3C,05,3C-SB01,1,1,1.0
C0001828,453388_S063,document,453388,OF,USTW1,40,PQ,3C,05,3C-SB01,1,1,1.0
C0001829,453396_S010,document,453396,OF,DEBRV,40,HQ,38,09,38-SB01,1,1,0.0
C0001830,453396_S014,document,453396,OF,DEWVN,40,HQ,6B,45,,1,1,6.0
C0001831,453396_S015,document,453396,OF,MAPTM,40,HQ,6B,49,,1,1,6.0
C0001832,453396_S016,document,453396,OF,MAPTM,40,HQ,6B,49,,1,1,6.0
C0001833,453396_S019,document,453396,OF,MYTPP,40,HQ,EE,11,EE-SB01,1,1,1.0
C0001834,453396_S022,document,453396,OF,NLRTM,40,HQ,6B,25,6B-SB03,1,1,0.0
C0001835,453412_S013,document,453412,OF,BEANR,40,HQ,6B,05,6B-SB01,1,1,1.0
C0001836,453412_S014,document,453412,OF,BEANR,40,HQ,6B,05,6B-SB01,1,1,1.0
C0001837,453412_S020,document,453412,OF,DEHAM,40,HQ,49,33,49-SB03,1,1,1.0
C0001838,453412_S022,document,453412,OF,GBLGP,40,HQ,49,41,49-SB04,1,1,1.0
C0001839,453412_S029,document,453412,OF,MYTPP,40,PQ,49,29,49-SB03,1,1,1.0
C0001840,453412_S030,document,453412,OF,MYTPP,40,PQ,49,29,49-SB03,1,1,1.0
C0001841,453412_S032,document,453412,OF,NLR10,40,HQ,49,41,49-SB04,1,1,1.0
C0001842,453412_S038,document,453412,OF,NLRTM,40,PQ,49,29,49-SB03,1,1,1.0
C0001843,453416_S026,document,453416,OF,HRRJ3,40,HQ,1B,49,,1,1,7.0
C0001844,453416_S042,document,453416,OF,MYTPP,40,PQ,2A,61,,1,1,7.0
C0001845,454549_S007,document,454549,OF,ILHFA,40,HQ,5F,61,,1,1,7.0
C0001846,454549_S009,document,454549,OF,TRALI,40,HQ,E2,95,,1,1,7.0
C0001847,454585_S010,document,454585,OF,ESBC1,40,HQ,69,09,69-SB01,1,1,0.0
C0001848,454585_S013,document,454585,OF,ESBCN,40,HQ,E3,91,,1,1,7.0
C0001849,454585_S015,document,454585,OF,ESBCN,40,HQ,69,09,69-SB01,1,1,0.0
C0001850,454585_S016,document,454585,OF,ESBCN,40,HQ,69,09,69-SB01,1,1,0.0
C0001851,454585_S028,document,454585,OF,FRFOS,40,HQ,E3,95,,1,1,7.0
C0001852,454585_S029,document,454585,OF,FRFOS,40,HQ,E3,95,,1,1,7.0
C0001853,454585_S030,document,454585,OF,FRFOS,40,PQ,E3,15,E3-SB01,1,1,1.0
C0001854,454585_S034,document,454585,OF,MACAS,40,HQ,8A,13,8A-SB02,1,1,0.0
C0001855,454585_S037,document,454585,OF,ZZOP1,40,HQ,8B,53,8B-SB04,1,1,1.0
C0001856,454585_S040,document,454585,OF,ZZOPT,40,HQ,8A,29,8A-SB03,1,1,0.0
C0001857,454710_S016,document,454710,OF,ESAGP,40,HQ,2D,13,,1,1,7.0
C0001858,454710_S029,document,454710,OF,ITNAP,40,HQ,1K,13,1K-SB01,1,1,1.0
C0001859,454710_S033,document,454710,OF,ITSPE,40,HQ,5C,01,5C-SB01,1,1,1.0
C0001860,454710_S035,document,454710,OF,ITSPE,40,HQ,5C,01,5C-SB01,1,1,1.0
C0001861,454710_S037,document,454710,OF,ITSPE,40,HQ,5C,05,5C-SB01,1,1,1.0
C0001862,453324_S003,document,453324,OF,USLAX,40,HQ,4J,05,4J-SB01,1,1,1.0
C0001863,453324_S003,document,453324,OF,USLAX,40,HQ,4J,05,4J-SB01,2,1,1.0
C0001864,453324_S003,document,453324,OF,USLAX,40,HQ,28,01,,1,1,6.0
C0001865,453324_S004,document,453324,OF,USLAX,40,HQ,4J,05,4J-SB01,1,1,1.0
C0001866,453324_S004,document,453324,OF,USLAX,40,HQ,28,01,,1,1,6.0
C0001867,453324_S005,document,453324,OF,USLAX,40,HQ,4J,05,4J-SB01,1,1,1.0
C0001868,453324_S005,document,453324,OF,USLAX,40,HQ,28,01,,1,1,6.0
C0001869,453324_S005,document,453324,OF,USLAX,40,HQ,28,01,,3,1,6.0
C0001870,454710_S033,document,454710,OF,ITSPE,40,HQ,5C,05,5C-SB01,1,1,1.0
C0001871,454710_S033,document,454710,OF,ITSPE,40,HQ,5C,13,,1,1,7.0
C0001872,454710_S033,document,454710,OF,ITSPE,40,HQ,8A,25,8A-SB03,1,1,0.0
C0001873,454710_S034,document,454710,OF,ITSPE,40,HQ,5C,01,5C-SB01,1,1,1.0
C0001874,454710_S034,document,454710,OF,ITSPE,40,HQ,5C,05,5C-SB01,1,1,1.0
C0001875,454710_S034,document,454710,OF,ITSPE,40,HQ,5C,05,5C-SB01,3,1,1.0
C0001876,454710_S034,document,454710,OF,ITSPE,40,HQ,5C,13,,1,1,7.0
C0001877,454710_S034,document,454710,OF,ITSPE,40,HQ,5C,13,,2,1,7.0
C0001878,454710_S034,document,454710,OF,ITSPE,40,HQ,8A,25,8A-SB03,1,1,0.0
C0001879,454710_S035,document,454710,OF,ITSPE,40,HQ,5C,05,5C-SB01,1,1,1.0
C0001880,454710_S035,document,454710,OF,ITSPE,40,HQ,5C,13,,1,1,7.0
C0001881,454710_S035,document,454710,OF,ITSPE,40,HQ,8A,25,8A-SB03,1,1,0.0
C0001882,454710_S036,document,454710,OF,ITSPE,40,HQ,5C,01,5C-SB01,1,1,1.0
C0001883,454710_S036,document,454710,OF,ITSPE,40,HQ,5C,01,5C-SB01,2,1,1.0
C0001884,454710_S036,document,454710,OF,ITSPE,40,HQ,5C,05,5C-SB01,1,1,1.0
C0001885,454710_S036,document,454710,OF,ITSPE,40,HQ,5C,05,5C-SB01,2,1,1.0
C0001886,454710_S036,document,454710,OF,ITSPE,40,HQ,5C,13,,1,1,7.0
C0001887,454710_S036,document,454710,OF,ITSPE,40,HQ,8A,25,8A-SB03,1,1,0.0
C0001888,454710_S037,document,454710,OF,ITSPE,40,HQ,5C,01,5C-SB01,1,1,1.0
C0001889,454710_S037,document,454710,OF,ITSPE,40,HQ,5C,13,,1,1,7.0
C0001890,454710_S037,document,454710,OF,ITSPE,40,HQ,8A,25,8A-SB03,1,1,0.0
