plan_level,voyage_id,flow,port,size,area_no,bay_no,six_bay_block_id,six_bay_block_bays,planned_boxes,document_boxes,forecast_fallback_boxes,IYC_CHEIGHTCD,IYC_CSZ_CSIZECD,IYC_CWEIGHT,IYC_POT_UNLDPORT,IYC_EVOY_ID
medium,453250,OF,CAVA3,40,29,61,,,1,0,1,MIXED,MIXED,MIXED,MIXED,
medium,453250,OF,COCTG,40,6A,01,6A-SB01,01|03|05|07|09|11,2,2,0,HQ,40,1,COCTG,
medium,453250,OF,COCTG,40,6A,01,6A-SB01,01|03|05|07|09|11,1,1,0,HQ,40,3,COCTG,
medium,453250,OF,KRPUS,20,19,37,19-SB03,37|39|41|43|45|51,2,2,0,PQ,20,1,KRPUS,
medium,453250,OF,KRPUS,20,19,37,19-SB03,37|39|41|43|45|51,1,1,0,PQ,20,3,KRPUS,
medium,453250,OF,KRPUS,20,19,37,19-SB03,37|39|41|43|45|51,19,19,0,PQ,20,4,KRPUS,
medium,453250,OF,KRPUS,40,29,01,29-SB01,01|03|05|07|09|11,5,5,0,HQ,40,3,KRPUS,
medium,453250,OF,KRPUS,40,29,01,29-SB01,01|03|05|07|09|11,11,11,0,HQ,40,4,KRPUS,
medium,453250,OF,KRPUS,40,29,09,29-SB01,01|03|05|07|09|11,5,5,0,HQ,40,1,KRPUS,
medium,453250,OF,KRPUS,40,29,09,29-SB01,01|03|05|07|09|11,1,1,0,HQ,40,2,KRPUS,
medium,453250,OF,KRPUS,40,29,09,29-SB01,01|03|05|07|09|11,1,1,0,HQ,40,3,KRPUS,
medium,453250,OF,KRPUS,40,29,13,29-SB02,13|15|17|19|21|23,3,3,0,HQ,40,2,KRPUS,
medium,453250,OF,KRPUS,40,29,13,29-SB02,13|15|17|19|21|23,2,2,0,HQ,40,5,KRPUS,
medium,453250,OF,KRPUS,40,29,13,29-SB02,13|15|17|19|21|23,2,2,0,HQ,40,6,KRPUS,
medium,453250,OF,USNW2,40,19,01,19-SB01,01|03|05|15|17|19,1,1,0,HQ,40,1,USNW2,
medium,453250,OF,USNW2,40,19,01,19-SB01,01|03|05|15|17|19,1,1,0,HQ,40,4,USNW2,
medium,453250,OF,USNWK,40,6A,01,6A-SB01,01|03|05|07|09|11,1,1,0,HQ,40,3,USNWK,
medium,453250,OF,USNWK,40,6A,01,6A-SB01,01|03|05|07|09|11,1,1,0,HQ,40,4,USNWK,
medium,453250,OF,USNWK,40,6A,09,6A-SB01,01|03|05|07|09|11,4,4,0,HQ,40,1,USNWK,
medium,453250,OF,USNYC,20,19,05,19-SB01,01|03|05|15|17|19,1,1,0,PQ,20,1,USNYC,
medium,453250,OF,USNYC,20,19,05,19-SB01,01|03|05|15|17|19,1,1,0,PQ,20,3,USNYC,
medium,453250,OF,USNYC,40,19,01,19-SB01,01|03|05|15|17|19,4,4,0,HQ,40,1,USNYC,
medium,453250,OF,USNYC,40,19,01,19-SB01,01|03|05|15|17|19,2,2,0,HQ,40,2,USNYC,
medium,453250,OF,USNYC,40,19,19,19-SB01,01|03|05|15|17|19,2,2,0,HQ,40,3,USNYC,
medium,453250,OF,USORF,20,19,05,19-SB01,01|03|05|15|17|19,1,1,0,PQ,20,1,USORF,
medium,453250,OF,USORF,20,19,05,19-SB01,01|03|05|15|17|19,1,1,0,PQ,20,2,USORF,
medium,453250,OF,USORF,40,6A,01,6A-SB01,01|03|05|07|09|11,1,1,0,HQ,40,2,USORF,
medium,453250,OF,USORF,40,6A,01,6A-SB01,01|03|05|07|09|11,1,1,0,HQ,40,3,USORF,
medium,453250,OF,USORF,40,6A,01,6A-SB01,01|03|05|07|09|11,1,1,0,HQ,40,4,USORF,
medium,453273,IE,CNSHA,20,E3,99,,,22,22,0,PQ,20,1,CNSHA,
medium,453273,IE,CNSHA,20,E3,A1,,,8,8,0,PQ,20,1,CNSHA,
medium,453273,IE,CNSHA,20,E3,A5,,,22,22,0,PQ,20,1,CNSHA,
medium,453273,IE,CNSHA,40,12,37,12-SB01,09|11|23|37|39|47,1,1,0,HQ,40,1,CNSHA,
medium,453273,IE,CNSHA,40,12,47,12-SB01,09|11|23|37|39|47,1,1,0,HQ,40,1,CNSHA,
medium,453273,IE,CNSHA,40,21,05,21-SB01,05|07|09|11|33|35,5,5,0,HQ,40,1,CNSHA,
medium,453273,IE,CNSHA,40,21,09,21-SB01,05|07|09|11|33|35,1,1,0,HQ,40,1,CNSHA,
medium,453273,IE,CNSHA,40,21,33,21-SB01,05|07|09|11|33|35,2,2,0,HQ,40,1,CNSHA,
medium,453273,IE,CNSHA,40,29,29,29-SB03,25|27|29|31|33|35,14,14,0,HQ,40,1,CNSHA,
medium,453273,IE,CNSHA,40,30,33,30-SB01,15|17|19|21|23|33,1,1,0,HQ,40,1,CNSHA,
medium,453273,IE,CNSHA,40,30,41,30-SB02,35|41|43|49|51|53,1,1,0,HQ,40,1,CNSHA,
medium,453273,IE,CNSHA,40,31,05,31-SB01,05|07|17|19|21|23,1,1,0,HQ,40,1,CNSHA,
medium,453273,IE,CNSHA,40,31,21,31-SB01,05|07|17|19|21|23,2,2,0,HQ,40,1,CNSHA,
medium,453273,IE,CNSHA,40,31,25,31-SB02,25|27|41|43|49|51,1,1,0,HQ,40,1,CNSHA,
medium,453273,IE,CNSHA,40,31,49,31-SB02,25|27|41|43|49|51,2,2,0,HQ,40,1,CNSHA,
medium,453273,IE,CNSHA,40,31,57,,,1,1,0,HQ,40,1,CNSHA,
medium,453273,IE,CNSHA,40,40,01,,,1,1,0,HQ,40,1,CNSHA,
medium,453273,IE,CNSHA,40,40,05,,,1,1,0,HQ,40,1,CNSHA,
medium,453273,IE,CNSHA,40,40,09,,,1,1,0,HQ,40,1,CNSHA,
medium,453273,IE,CNSHA,40,40,13,,,2,2,0,HQ,40,1,CNSHA,
medium,453273,IE,CNSHA,40,40,17,,,1,1,0,HQ,40,1,CNSHA,
medium,453273,IE,CNSHA,40,40,29,,,1,1,0,HQ,40,1,CNSHA,
medium,453273,IE,CNSHA,40,40,37,,,1,1,0,HQ,40,1,CNSHA,
medium,453273,IE,CNSHA,40,41,01,41-SB01,01|03|05|07|09|15,1,1,0,HQ,40,1,CNSHA,
medium,453273,IE,CNSHA,40,41,05,41-SB01,01|03|05|07|09|15,1,1,0,HQ,40,1,CNSHA,
medium,453273,IE,CNSHA,40,41,25,41-SB02,17|19|25|27|29|31,2,2,0,HQ,40,1,CNSHA,
medium,453273,IE,CNSHA,40,41,29,41-SB02,17|19|25|27|29|31,1,1,0,HQ,40,1,CNSHA,
medium,453273,IE,CNSHA,40,41,41,41-SB03,41|43|45|47|53|55,1,1,0,HQ,40,1,CNSHA,
medium,453273,IE,CNSHA,40,41,45,41-SB03,41|43|45|47|53|55,5,5,0,HQ,40,1,CNSHA,
medium,453273,IE,CNSHA,40,41,53,41-SB03,41|43|45|47|53|55,1,1,0,HQ,40,1,CNSHA,
medium,453273,IE,CNSHA,40,49,29,49-SB03,25|27|29|31|33|35,2,2,0,HQ,40,1,CNSHA,
medium,453273,IE,CNSHA,40,49,41,49-SB04,37|39|41|43|45|47,1,1,0,HQ,40,1,CNSHA,
medium,453273,IE,CNSHA,40,49,49,49-SB05,49|51|53|55|57|59,18,18,0,HQ,40,1,CNSHA,
medium,453273,IE,CNSHA,40,51,01,51-SB01,01|03|21|23|25|27,1,1,0,HQ,40,1,CNSHA,
medium,453273,IE,CNSHA,40,51,21,51-SB01,01|03|21|23|25|27,3,3,0,HQ,40,1,CNSHA,
medium,453273,IE,CNSHA,40,51,25,51-SB01,01|03|21|23|25|27,6,6,0,HQ,40,1,CNSHA,
medium,453273,IE,CNSHA,40,51,33,51-SB02,33|35|41|43|65|67,1,1,0,HQ,40,1,CNSHA,
medium,453273,IE,CNSHA,40,51,41,51-SB02,33|35|41|43|65|67,2,2,0,HQ,40,1,CNSHA,
medium,453273,IE,CNSHA,40,51,65,51-SB02,33|35|41|43|65|67,1,1,0,HQ,40,1,CNSHA,
medium,453273,IE,CNSHA,40,5B,25,5B-SB02,13|15|17|19|25|27,18,18,0,HQ,40,1,CNSHA,
medium,453273,IE,CNSHA,40,5B,49,5B-SB04,41|43|45|47|49|51,26,26,0,HQ,40,1,CNSHA,
medium,453273,IE,CNSHA,40,60,03,60-SB01,03|05|07|17|19|21,2,2,0,HQ,40,1,CNSHA,
medium,453273,IE,CNSHA,40,60,17,60-SB01,03|05|07|17|19|21,1,1,0,HQ,40,1,CNSHA,
medium,453273,IE,CNSHA,40,60,21,60-SB01,03|05|07|17|19|21,2,2,0,HQ,40,1,CNSHA,
medium,453273,IE,CNSHA,40,60,35,60-SB02,23|25|35|37|39|41,2,2,0,HQ,40,1,CNSHA,
medium,453273,IE,CNSHA,40,60,39,60-SB02,23|25|35|37|39|41,1,1,0,HQ,40,1,CNSHA,
medium,453273,IE,CNSHA,40,60,49,60-SB03,43|49|51|53|55|61,2,2,0,HQ,40,1,CNSHA,
medium,453273,IE,CNSHA,40,60,53,60-SB03,43|49|51|53|55|61,1,1,0,HQ,40,1,CNSHA,
medium,453273,IE,CNSHA,40,60,61,60-SB03,43|49|51|53|55|61,2,2,0,HQ,40,1,CNSHA,
medium,453273,IE,CNSHA,40,61,09,61-SB01,09|11|23|25|41|43,1,1,0,HQ,40,1,CNSHA,
medium,453273,IE,CNSHA,40,61,23,61-SB01,09|11|23|25|41|43,1,1,0,HQ,40,1,CNSHA,
medium,453273,IE,CNSHA,40,61,41,61-SB01,09|11|23|25|41|43,2,2,0,HQ,40,1,CNSHA,
medium,453273,IE,CNSHA,40,61,55,61-SB02,55|57|59|61|65|67,1,1,0,HQ,40,1,CNSHA,
medium,453273,IE,CNSHA,40,61,59,61-SB02,55|57|59|61|65|67,3,3,0,HQ,40,1,CNSHA,
medium,453273,IE,CNSHA,40,61,65,61-SB02,55|57|59|61|65|67,1,1,0,HQ,40,1,CNSHA,
medium,453273,IE,CNSHA,40,61,69,,,1,1,0,HQ,40,1,CNSHA,
medium,453273,IE,CNSHA,40,70,01,70-SB01,01|03|11|17|19|23,1,1,0,HQ,40,1,CNSHA,
medium,453273,IE,CNSHA,40,70,17,70-SB01,01|03|11|17|19|23,2,2,0,HQ,40,1,CNSHA,
medium,453273,IE,CNSHA,40,70,23,70-SB01,01|03|11|17|19|23,1,1,0,HQ,40,1,CNSHA,
medium,453273,IE,CNSHA,40,70,27,70-SB02,25|27|29|35|45|47,4,4,0,HQ,40,1,CNSHA,
medium,453273,IE,CNSHA,40,70,45,70-SB02,25|27|29|35|45|47,1,1,0,HQ,40,1,CNSHA,
medium,453273,IE,CNSHA,40,71,01,71-SB01,01|03|05|07|15|37,3,3,0,HQ,40,1,CNSHA,
medium,453273,IE,CNSHA,40,71,05,71-SB01,01|03|05|07|15|37,6,6,0,HQ,40,1,CNSHA,
medium,453273,IE,CNSHA,40,71,59,71-SB02,39|41|59|61|63|65,1,1,0,HQ,40,1,CNSHA,
medium,453273,IE,CNSHA,40,71,63,71-SB02,39|41|59|61|63|65,1,1,0,HQ,40,1,CNSHA,
medium,453273,IE,CNSHA,40,80,47,80-SB02,35|47|49|57|59|61,3,3,0,HQ,40,1,CNSHA,
medium,453273,IE,CNSHA,40,80,57,80-SB02,35|47|49|57|59|61,1,1,0,HQ,40,1,CNSHA,
medium,453273,IE,CNSHA,40,80,61,80-SB02,35|47|49|57|59|61,2,2,0,HQ,40,1,CNSHA,
medium,453273,IE,CNSHA,40,81,01,81-SB01,01|03|11|13|23|25,1,1,0,HQ,40,1,CNSHA,
medium,453273,IE,CNSHA,40,81,11,81-SB01,01|03|11|13|23|25,1,1,0,HQ,40,1,CNSHA,
medium,453273,IE,CNSHA,40,81,27,81-SB02,27|29|41|43|45|47,2,2,0,HQ,40,1,CNSHA,
medium,453273,IE,CNSHA,40,81,41,81-SB02,27|29|41|43|45|47,2,2,0,HQ,40,1,CNSHA,
medium,453273,IE,CNSHA,40,81,45,81-SB02,27|29|41|43|45|47,2,2,0,HQ,40,1,CNSHA,
medium,453273,IE,CNSHA,40,81,49,81-SB03,49|51|53|55|57|65,2,2,0,HQ,40,1,CNSHA,
medium,453273,IE,CNSHA,40,81,53,81-SB03,49|51|53|55|57|65,1,1,0,HQ,40,1,CNSHA,
medium,453273,IE,CNSHA,40,81,65,81-SB03,49|51|53|55|57|65,1,1,0,HQ,40,1,CNSHA,
medium,453273,IE,CNSHA,40,81,69,,,1,1,0,HQ,40,1,CNSHA,
medium,453273,IE,CNSHA,40,E1,11,E1-SB01,11|13|15|17|19|21,6,6,0,HQ,40,1,CNSHA,
medium,453273,IE,CNSHA,40,E1,15,E1-SB01,11|13|15|17|19|21,11,11,0,HQ,40,1,CNSHA,
medium,453273,IE,CNSHA,40,E1,19,E1-SB01,11|13|15|17|19|21,10,10,0,HQ,40,1,CNSHA,
medium,453273,IE,CNSHA,40,E1,23,E1-SB02,23|25|27|29|31|33,11,11,0,HQ,40,1,CNSHA,
medium,453273,IE,CNSHA,40,E1,27,E1-SB02,23|25|27|29|31|33,11,11,0,HQ,40,1,CNSHA,
medium,453273,IE,CNSHA,40,E1,31,E1-SB02,23|25|27|29|31|33,3,3,0,HQ,40,1,CNSHA,
medium,453273,IE,CNSHA,40,E1,39,E1-SB03,35|37|39|41|43|45,2,2,0,HQ,40,1,CNSHA,
medium,453273,IE,CNSHA,40,E1,43,E1-SB03,35|37|39|41|43|45,5,5,0,HQ,40,1,CNSHA,
medium,453273,IE,CNSHA,40,E1,47,E1-SB04,47|49|51|53|55|57,11,11,0,HQ,40,1,CNSHA,
medium,453273,IE,CNSHA,40,E1,55,E1-SB04,47|49|51|53|55|57,2,2,0,HQ,40,1,CNSHA,
medium,453273,IE,CNSHA,40,E1,59,E1-SB05,59|61|63|65|67|69,1,1,0,HQ,40,1,CNSHA,
medium,453273,IE,CNSHA,40,E1,63,E1-SB05,59|61|63|65|67|69,2,2,0,HQ,40,1,CNSHA,
medium,453273,IE,CNSHA,40,E1,67,E1-SB05,59|61|63|65|67|69,2,2,0,HQ,40,1,CNSHA,
medium,453273,IE,CNSHA,40,E1,71,E1-SB06,71|73|75|77|79|81,6,6,0,HQ,40,1,CNSHA,
medium,453273,IE,CNSHA,40,E1,75,E1-SB06,71|73|75|77|79|81,14,14,0,HQ,40,1,CNSHA,
medium,453273,IE,CNSHA,40,E1,83,E1-SB07,83|85|87|89|91|93,8,8,0,PQ,40,1,CNSHA,
medium,453273,IE,CNSHA,40,E1,95,,,17,17,0,HQ,40,1,CNSHA,
medium,453273,IE,CNSHA,40,E2,11,E2-SB01,11|13|15|17|19|21,8,8,0,HQ,40,1,CNSHA,
medium,453273,IE,CNSHA,40,E2,15,E2-SB01,11|13|15|17|19|21,10,10,0,HQ,40,1,CNSHA,
medium,453273,IE,CNSHA,40,E2,19,E2-SB01,11|13|15|17|19|21,11,11,0,HQ,40,1,CNSHA,
medium,453273,IE,CNSHA,40,E2,27,E2-SB02,23|25|27|29|31|33,7,7,0,HQ,40,1,CNSHA,
medium,453273,IE,CNSHA,40,E2,31,E2-SB02,23|25|27|29|31|33,7,7,0,HQ,40,1,CNSHA,
medium,453273,IE,CNSHA,40,E2,35,E2-SB03,35|37|39|41|43|45,7,7,0,HQ,40,1,CNSHA,
medium,453273,IE,CNSHA,40,E2,43,E2-SB03,35|37|39|41|43|45,5,5,0,HQ,40,1,CNSHA,
medium,453273,IE,CNSHA,40,E2,67,E2-SB05,59|61|63|65|67|69,2,2,0,HQ,40,1,CNSHA,
medium,453273,IE,CNSHA,40,E2,87,E2-SB07,83|85|87|89|91|93,5,5,0,HQ,40,1,CNSHA,
medium,453273,IE,CNSHA,40,E2,91,E2-SB07,83|85|87|89|91|93,11,11,0,HQ,40,1,CNSHA,
medium,453273,IE,CNSHA,40,E2,95,,,4,4,0,HQ,40,1,CNSHA,
medium,453273,IE,CNSHA,40,E3,11,E3-SB01,11|13|15|17|19|21,20,20,0,HQ,40,1,CNSHA,
medium,453273,IE,CNSHA,40,E3,15,E3-SB01,11|13|15|17|19|21,22,22,0,HQ,40,1,CNSHA,
medium,453273,IE,CNSHA,40,E3,19,E3-SB01,11|13|15|17|19|21,21,21,0,HQ,40,1,CNSHA,
medium,453273,IE,CNSHA,40,E3,23,E3-SB02,23|25|27|29|31|33,21,21,0,HQ,40,1,CNSHA,
medium,453273,IE,CNSHA,40,E3,27,E3-SB02,23|25|27|29|31|33,14,14,0,HQ,40,1,CNSHA,
medium,453273,IE,CNSHA,40,E3,31,E3-SB02,23|25|27|29|31|33,14,14,0,HQ,40,1,CNSHA,
medium,453273,IE,CNSHA,40,E3,35,E3-SB03,35|37|39|41|43|45,16,16,0,HQ,40,1,CNSHA,
medium,453273,IE,CNSHA,40,E3,39,E3-SB03,35|37|39|41|43|45,21,21,0,HQ,40,1,CNSHA,
medium,453273,IE,CNSHA,40,E3,43,E3-SB03,35|37|39|41|43|45,22,22,0,HQ,40,1,CNSHA,
medium,453273,IE,CNSHA,40,E3,47,E3-SB04,47|49|51|53|55|57,22,22,0,HQ,40,1,CNSHA,
medium,453273,IE,CNSHA,40,E3,51,E3-SB04,47|49|51|53|55|57,22,22,0,HQ,40,1,CNSHA,
medium,453273,IE,CNSHA,40,E3,55,E3-SB04,47|49|51|53|55|57,21,21,0,HQ,40,1,CNSHA,
medium,453273,IE,CNSHA,40,E3,59,E3-SB05,59|61|63|65|67|69,22,22,0,HQ,40,1,CNSHA,
medium,453273,IE,CNSHA,40,E3,63,E3-SB05,59|61|63|65|67|69,22,22,0,HQ,40,1,CNSHA,
medium,453273,IE,CNSHA,40,E3,67,E3-SB05,59|61|63|65|67|69,20,20,0,HQ,40,1,CNSHA,
medium,453273,IE,CNSHA,40,E3,71,E3-SB06,71|73|75|77|79|81,15,15,0,HQ,40,1,CNSHA,
medium,453273,IE,CNSHA,40,E3,75,E3-SB06,71|73|75|77|79|81,20,20,0,HQ,40,1,CNSHA,
medium,453273,IE,CNSHA,40,E3,79,E3-SB06,71|73|75|77|79|81,22,22,0,HQ,40,1,CNSHA,
medium,453273,IE,CNSHA,40,E3,83,E3-SB07,83|85|87|89|91|93,15,15,0,PQ,40,1,CNSHA,
medium,453273,IE,CNSHA,40,E3,87,E3-SB07,83|85|87|89|91|93,20,20,0,HQ,40,1,CNSHA,
medium,453273,IE,CNSHA,40,E3,91,E3-SB07,83|85|87|89|91|93,21,21,0,HQ,40,1,CNSHA,
medium,453273,IE,CNSHA,40,E3,95,,,21,21,0,HQ,40,1,CNSHA,
medium,453273,IE,CNSHA,40,E4,11,E4-SB01,11|13|15|17|19|21,5,5,0,HQ,40,1,CNSHA,
medium,453273,IE,CNSHA,40,E4,15,E4-SB01,11|13|15|17|19|21,24,24,0,HQ,40,1,CNSHA,
medium,453273,IE,CNSHA,40,E4,27,E4-SB02,23|25|27|29|31|33,28,28,0,HQ,40,1,CNSHA,
medium,453273,IE,CNSHA,40,E4,31,E4-SB02,23|25|27|29|31|33,26,26,0,HQ,40,1,CNSHA,
medium,453273,IE,CNSHA,40,E4,39,E4-SB03,35|37|39|41|43|45,17,17,0,HQ,40,1,CNSHA,
medium,453273,IE,CNSHA,40,E4,43,E4-SB03,35|37|39|41|43|45,23,23,0,HQ,40,1,CNSHA,
medium,453273,IE,CNSHA,40,E4,47,E4-SB04,47|49|51|53|55|57,31,31,0,HQ,40,1,CNSHA,
medium,453273,IE,CNSHA,40,E4,51,E4-SB04,47|49|51|53|55|57,34,34,0,PQ,40,1,CNSHA,
medium,453273,IE,CNSHA,40,E4,55,E4-SB04,47|49|51|53|55|57,23,23,0,HQ,40,1,CNSHA,
medium,453273,IE,CNSHA,40,E4,59,E4-SB05,59|61|63|65|67|69,30,30,0,HQ,40,1,CNSHA,
medium,453273,IE,CNSHA,40,E4,63,E4-SB05,59|61|63|65|67|69,22,22,0,HQ,40,1,CNSHA,
medium,453273,IE,CNSHA,40,E4,67,E4-SB05,59|61|63|65|67|69,19,19,0,HQ,40,1,CNSHA,
medium,453273,IE,CNSHA,40,E4,75,E4-SB06,71|73|75|77|79|81,17,17,0,HQ,40,1,CNSHA,
medium,453273,IE,CNSHA,40,E4,79,E4-SB06,71|73|75|77|79|81,29,29,0,HQ,40,1,CNSHA,
medium,453273,IE,CNSHA,40,E4,83,E4-SB07,83|85|87|89|91|93,3,3,0,PQ,40,1,CNSHA,
medium,453273,IE,CNSHA,40,E4,87,E4-SB07,83|85|87|89|91|93,1,1,0,HQ,40,1,CNSHA,
medium,453273,IE,CNSHA,40,E4,95,,,26,26,0,HQ,40,1,CNSHA,
medium,453273,IE,CNSHA,40,ED,11,ED-SB01,11|13|15|17|19|21,7,7,0,HQ,40,1,CNSHA,
medium,453273,IE,CNSHA,40,EE,11,EE-SB01,07|09|11|13|15|17,40,40,0,HQ,40,1,CNSHA,
medium,453273,IE,CNSHA,40,EE,15,EE-SB01,07|09|11|13|15|17,35,35,0,HQ,40,1,CNSHA,
medium,453273,IE,CNSHA,40,EE,19,EE-SB02,19|21|23|25|27|29,40,40,0,HQ,40,1,CNSHA,
medium,453273,IE,CNSHA,40,EE,23,EE-SB02,19|21|23|25|27|29,37,37,0,HQ,40,1,CNSHA,
medium,453273,IE,CNSHA,40,EE,27,EE-SB02,19|21|23|25|27|29,26,26,0,HQ,40,1,CNSHA,
medium,453273,IE,CNSHA,40,EE,31,EE-SB03,31|33|35|37|39|41,22,22,0,HQ,40,1,CNSHA,
medium,453273,IE,CNSHA,40,EE,35,EE-SB03,31|33|35|37|39|41,9,9,0,HQ,40,1,CNSHA,
medium,453273,IE,CNSHA,40,EE,39,EE-SB03,31|33|35|37|39|41,6,6,0,HQ,40,1,CNSHA,
medium,453273,IE,CNSHA,40,EE,43,EE-SB04,43|45|47|49|51|53,40,40,0,HQ,40,1,CNSHA,
medium,453273,IE,CNSHA,40,EE,47,EE-SB04,43|45|47|49|51|53,40,40,0,HQ,40,1,CNSHA,
medium,453273,IE,CNSHA,40,EE,51,EE-SB04,43|45|47|49|51|53,30,30,0,HQ,40,1,CNSHA,
medium,453273,IE,CNSHA,40,EE,55,EE-SB05,55|57|59|61|63|65,34,34,0,HQ,40,1,CNSHA,
medium,453273,IE,CNSHA,40,EE,59,EE-SB05,55|57|59|61|63|65,40,40,0,HQ,40,1,CNSHA,
medium,453273,IE,CNSHA,40,EE,63,EE-SB05,55|57|59|61|63|65,3,3,0,HQ,40,1,CNSHA,
medium,453273,IE,CNSHA,40,EE,67,EE-SB06,67|69|71|73|75|77,40,40,0,HQ,40,1,CNSHA,
medium,453273,IE,CNSHA,40,EE,71,EE-SB06,67|69|71|73|75|77,25,25,0,HQ,40,1,CNSHA,
medium,453273,IE,CNSHA,40,EE,75,EE-SB06,67|69|71|73|75|77,40,40,0,HQ,40,1,CNSHA,
medium,453273,IE,CNSHA,40,EE,79,EE-SB07,79|81|83|85|87|89,40,40,0,HQ,40,1,CNSHA,
medium,453273,IE,CNSHA,40,EE,83,EE-SB07,79|81|83|85|87|89,40,40,0,HQ,40,1,CNSHA,
medium,453273,IE,CNSHA,40,EE,87,EE-SB07,79|81|83|85|87|89,15,15,0,HQ,40,1,CNSHA,
medium,453273,IE,CNSHA,40,EE,91,EE-SB08,91|93|95|97|99|A1,34,34,0,HQ,40,1,CNSHA,
medium,453273,IE,CNSHA,40,EE,95,EE-SB08,91|93|95|97|99|A1,6,6,0,HQ,40,1,CNSHA,
medium,453273,IE,CNSHA,45,10,55,,,1,1,0,HQ,45,1,CNSHA,
medium,453273,IF,CNSHA,20,79,05,79-SB01,01|03|05|07|09|11,6,6,0,PQ,20,1,CNSHA,
medium,453273,IF,CNSHA,20,79,05,79-SB01,01|03|05|07|09|11,1,1,0,PQ,20,2,CNSHA,
medium,453273,IF,CNSHA,20,79,07,79-SB01,01|03|05|07|09|11,4,4,0,PQ,20,2,CNSHA,
medium,453273,IF,CNSHA,20,79,07,79-SB01,01|03|05|07|09|11,3,3,0,PQ,20,3,CNSHA,
medium,453273,IF,CNSHA,20,79,09,79-SB01,01|03|05|07|09|11,1,1,0,PQ,20,3,CNSHA,
medium,453273,IF,CNSHA,20,79,09,79-SB01,01|03|05|07|09|11,4,4,0,PQ,20,4,CNSHA,
medium,453273,IF,CNSHA,20,79,11,79-SB01,01|03|05|07|09|11,6,6,0,PQ,20,1,CNSHA,
medium,453273,IF,CNSHA,20,79,11,79-SB01,01|03|05|07|09|11,19,19,0,PQ,20,5,CNSHA,
medium,453273,IF,CNSHA,20,79,39,79-SB04,37|39|41|43|45|47,26,26,0,PQ,20,5,CNSHA,
medium,453273,IF,CNSHA,20,79,65,79-SB06,61|63|65|67|69|71,1,1,0,LQ,20,2,CNSHA,
medium,453273,IF,CNSHA,40,79,05,79-SB01,01|03|05|07|09|11,2,2,0,PQ,40,1,CNSHA,
medium,453273,IF,CNSHA,40,7B,33,7B-SB03,25|27|29|31|33|35,2,2,0,HQ,40,5,CNSHA,
medium,453273,IF,CNSHA,40,7B,33,7B-SB03,25|27|29|31|33|35,3,3,0,HQ,40,6,CNSHA,
medium,453273,IF,CNSHA,40,7B,37,7B-SB04,37|39|41|43|45|47,3,3,0,HQ,40,1,CNSHA,
medium,453273,IF,CNSHA,40,7B,37,7B-SB04,37|39|41|43|45|47,3,3,0,HQ,40,3,CNSHA,
medium,453273,IF,CNSHA,40,7B,41,7B-SB04,37|39|41|43|45|47,3,3,0,HQ,40,3,CNSHA,
medium,453273,IF,CNSHA,40,7B,41,7B-SB04,37|39|41|43|45|47,10,10,0,HQ,40,6,CNSHA,
medium,453273,IF,CNSHA,40,7B,45,7B-SB04,37|39|41|43|45|47,14,14,0,HQ,40,5,CNSHA,
medium,453273,IF,CNSHA,40,7B,53,7B-SB05,49|51|53|55|57|59,1,1,0,HQ,40,1,CNSHA,
medium,453273,IF,CNSHA,40,7B,53,7B-SB05,49|51|53|55|57|59,4,4,0,HQ,40,2,CNSHA,
medium,453273,IF,CNSHA,40,7B,53,7B-SB05,49|51|53|55|57|59,2,2,0,HQ,40,4,CNSHA,
medium,453273,IF,CNSHA,40,7B,61,7B-SB06,61|63|65|67|69|71,14,14,0,HQ,40,5,CNSHA,
medium,453273,IZ,CNJIU,40,68,37,68-SB04,37|39|41|43|45|47,19,19,0,HQ,40,5,CNJIU,
medium,453273,IZ,CNNKG,20,68,05,68-SB01,01|03|05|07|09|11,1,1,0,PQ,20,4,CNNKG,
medium,453273,IZ,CNNKG,20,68,05,68-SB01,01|03|05|07|09|11,2,2,0,PQ,20,5,CNNKG,
medium,453273,IZ,CNTOL,20,68,05,68-SB01,01|03|05|07|09|11,1,1,0,PQ,20,5,CNTOL,
medium,453273,IZ,CNTOL,20,68,41,68-SB04,37|39|41|43|45|47,26,26,0,PQ,20,5,CNTOL,
medium,453273,IZ,CNTOL,20,68,43,68-SB04,37|39|41|43|45|47,26,26,0,PQ,20,5,CNTOL,
medium,453273,IZ,CNTOL,20,68,45,68-SB04,37|39|41|43|45|47,26,26,0,PQ,20,5,CNTOL,
medium,453273,IZ,CNTOL,20,68,47,68-SB04,37|39|41|43|45|47,26,26,0,PQ,20,5,CNTOL,
medium,453273,IZ,CNWUH,40,58,31,,,3,3,0,HQ,40,5,CNWUH,
medium,453273,IZ,CNWUH,40,58,39,,,1,1,0,HQ,40,5,CNWUH,
medium,453273,IZ,CNWUH,40,68,21,68-SB02,13|15|17|19|21|23,2,2,0,HQ,40,5,CNWUH,
medium,453273,IZ,CNWUH,40,68,33,68-SB03,25|27|29|31|33|35,6,6,0,HQ,40,5,CNWUH,
medium,453273,IZ,CNWUH,40,68,37,68-SB04,37|39|41|43|45|47,7,7,0,HQ,40,5,CNWUH,
medium,453273,IZ,CNWUH,40,68,49,68-SB05,49|51|53|55|57|59,16,16,0,HQ,40,5,CNWUH,
medium,453273,IZ,CNWUH,40,78,01,78-SB01,01|03|05|07|13|15,2,2,0,HQ,40,5,CNWUH,
medium,453273,IZ,CNWUH,40,78,05,78-SB01,01|03|05|07|13|15,1,1,0,HQ,40,5,CNWUH,
medium,453273,IZ,CNWUH,40,78,13,78-SB01,01|03|05|07|13|15,1,1,0,HQ,40,5,CNWUH,
medium,453273,IZ,CNWUH,40,E6,55,E6-SB04,47|49|51|53|55|57,1,1,0,PQ,40,2,CNWUH,
medium,453273,IZ,CNXMN,20,68,29,68-SB03,25|27|29|31|33|35,1,1,0,PQ,20,3,CNXMN,
medium,453273,IZ,CNXMN,20,68,29,68-SB03,25|27|29|31|33|35,5,5,0,PQ,20,4,CNXMN,
medium,453273,IZ,CNXMN,20,68,29,68-SB03,25|27|29|31|33|35,14,14,0,PQ,20,5,CNXMN,
medium,453273,IZ,CNYUY,20,68,05,68-SB01,01|03|05|07|09|11,1,1,0,PQ,20,6,CNYUY,
medium,453273,IZ,CNYUY,20,68,31,68-SB03,25|27|29|31|33|35,24,24,0,PQ,20,6,CNYUY,
medium,453273,IZ,CNYUY,20,68,65,68-SB06,61|63|65|67|69|71,19,19,0,PQ,20,6,CNYUY,
medium,453273,IZ,CNYUY,20,68,67,68-SB06,61|63|65|67|69|71,26,26,0,PQ,20,6,CNYUY,
medium,453273,IZ,CNYZH,40,68,21,68-SB02,13|15|17|19|21|23,4,4,0,HQ,40,5,CNYZH,
medium,453273,IZ,CNZJG,20,68,19,68-SB02,13|15|17|19|21|23,10,10,0,PQ,20,5,CNZJG,
medium,453273,IZ,CNZJG,40,68,21,68-SB02,13|15|17|19|21|23,2,2,0,HQ,40,6,CNZJG,
medium,453273,IZ,MIXED,40,68,33,68-SB03,25|27|29|31|33|35,6,6,0,HQ,40,5,,454780
medium,453273,IZ,MIXED,40,68,57,68-SB05,49|51|53|55|57|59,24,24,0,HQ,40,5,,454780
medium,453273,IZ,MIXED,40,68,61,68-SB06,61|63|65|67|69|71,22,22,0,HQ,40,5,,454780
medium,453273,IZ,MIXED,40,68,69,68-SB06,61|63|65|67|69|71,26,26,0,HQ,40,5,,454780
medium,453273,T,ARBUE,20,83,07,83-SB01,01|03|05|07|09|11,3,3,0,PQ,20,1,ARBUE,
medium,453273,T,ARBUE,20,83,07,83-SB01,01|03|05|07|09|11,1,1,0,PQ,20,4,ARBUE,
medium,453273,T,ARBUE,40,44,09,44-SB01,01|03|05|07|09|11,3,3,0,HQ,40,2,ARBUE,
medium,453273,T,ARBUE,40,44,09,44-SB01,01|03|05|07|09|11,1,1,0,HQ,40,3,ARBUE,
medium,453273,T,BRIOA,20,83,07,83-SB01,01|03|05|07|09|11,4,4,0,PQ,20,5,BRIOA,
medium,453273,T,BRITJ,40,73,49,,,1,1,0,HQ,40,5,BRITJ,
medium,453273,T,CACAL,20,44,05,44-SB01,01|03|05|07|09|11,1,1,0,PQ,20,3,CACAL,
medium,453273,T,CACAL,40,22,17,22-SB02,13|15|17|19|21|23,1,1,0,HQ,40,1,CACAL,
medium,453273,T,CACAL,40,22,17,22-SB02,13|15|17|19|21|23,1,1,0,HQ,40,3,CACAL,
medium,453273,T,CAEDM,40,44,25,44-SB03,25|27|29|31|33|35,1,1,0,HQ,40,3,CAEDM,
medium,453273,T,CAEDM,40,44,25,44-SB03,25|27|29|31|33|35,4,4,0,HQ,40,5,CAEDM,
medium,453273,T,CAMTR,20,83,05,83-SB01,01|03|05|07|09|11,2,2,0,PQ,20,4,CAMTR,
medium,453273,T,CAMTR,40,73,65,,,1,1,0,HQ,40,4,CAMTR,
medium,453273,T,CATOR,20,83,05,83-SB01,01|03|05|07|09|11,1,1,0,PQ,20,1,CATOR,
medium,453273,T,CATOR,20,83,05,83-SB01,01|03|05|07|09|11,1,1,0,PQ,20,4,CATOR,
medium,453273,T,CATOR,40,44,05,44-SB01,01|03|05|07|09|11,1,1,0,PQ,40,2,CATOR,
medium,453273,T,CATOR,40,44,33,44-SB03,25|27|29|31|33|35,1,1,0,HQ,40,1,CATOR,
medium,453273,T,CATOR,40,44,33,44-SB03,25|27|29|31|33|35,1,1,0,HQ,40,2,CATOR,
medium,453273,T,CATOR,40,44,33,44-SB03,25|27|29|31|33|35,2,2,0,HQ,40,3,CATOR,
medium,453273,T,CAVAN,20,83,09,83-SB01,01|03|05|07|09|11,2,2,0,PQ,20,1,CAVAN,
medium,453273,T,CAVAN,20,83,09,83-SB01,01|03|05|07|09|11,1,1,0,PQ,20,2,CAVAN,
medium,453273,T,CAVAN,20,83,09,83-SB01,01|03|05|07|09|11,1,1,0,PQ,20,5,CAVAN,
medium,453273,T,CAVAN,40,55,53,55-SB05,49|51|53|55|57|59,2,2,0,HQ,40,1,CAVAN,
medium,453273,T,CAVAN,40,55,53,55-SB05,49|51|53|55|57|59,1,1,0,HQ,40,3,CAVAN,
medium,453273,T,CAVAN,40,55,53,55-SB05,49|51|53|55|57|59,3,3,0,HQ,40,4,CAVAN,
medium,453273,T,CAVAN,40,55,53,55-SB05,49|51|53|55|57|59,2,2,0,HQ,40,5,CAVAN,
medium,453273,T,CAVAN,40,55,53,55-SB05,49|51|53|55|57|59,5,5,0,HQ,40,6,CAVAN,
medium,453273,T,CLMJS,40,22,05,22-SB01,01|03|05|07|09|11,1,1,0,PQ,40,2,CLMJS,
medium,453273,T,CLSAI,20,74,05,74-SB01,01|03|05|07|09|11,1,1,0,PQ,20,1,CLSAI,
medium,453273,T,CLSAI,40,22,09,22-SB01,01|03|05|07|09|11,1,1,0,HQ,40,2,CLSAI,
medium,453273,T,COBAQ,20,83,05,83-SB01,01|03|05|07|09|11,1,1,0,PQ,20,4,COBAQ,
medium,453273,T,COCTG,20,83,13,83-SB02,13|15|17|19|21|23,7,7,0,PQ,20,4,COCTG,
medium,453273,T,CRPCA,40,22,17,22-SB02,13|15|17|19|21|23,1,1,0,HQ,40,2,CRPCA,
medium,453273,T,CRPCA,40,22,17,22-SB02,13|15|17|19|21|23,1,1,0,HQ,40,6,CRPCA,
medium,453273,T,DOCAU,20,83,19,83-SB02,13|15|17|19|21|23,7,7,0,PQ,20,5,DOCAU,
medium,453273,T,ECPSJ,20,83,11,83-SB01,01|03|05|07|09|11,5,5,0,PQ,20,5,ECPSJ,
medium,453273,T,GTPRQ,40,22,09,22-SB01,01|03|05|07|09|11,1,1,0,HQ,40,2,GTPRQ,
medium,453273,T,HKHKG,40,22,17,22-SB02,13|15|17|19|21|23,2,2,0,HQ,40,6,HKHKG,
medium,453273,T,HNSLO,20,83,05,83-SB01,01|03|05|07|09|11,1,1,0,PQ,20,2,HNSLO,
medium,453273,T,HNSLO,20,83,05,83-SB01,01|03|05|07|09|11,1,1,0,PQ,20,4,HNSLO,
medium,453273,T,HNSLO,40,44,01,44-SB01,01|03|05|07|09|11,1,1,0,HQ,40,1,HNSLO,
medium,453273,T,HNSLO,40,44,01,44-SB01,01|03|05|07|09|11,1,1,0,HQ,40,3,HNSLO,
medium,453273,T,HNSLO,40,44,09,44-SB01,01|03|05|07|09|11,1,1,0,HQ,40,4,HNSLO,
medium,453273,T,HNSLO,40,44,09,44-SB01,01|03|05|07|09|11,1,1,0,HQ,40,5,HNSLO,
medium,453273,T,JMKIN,40,22,09,22-SB01,01|03|05|07|09|11,1,1,0,HQ,40,4,JMKIN,
medium,453273,T,JPMOJ,20,83,23,83-SB02,13|15|17|19|21|23,15,15,0,PQ,20,4,JPMOJ,
medium,453273,T,JPMOJ,40,22,09,22-SB01,01|03|05|07|09|11,1,1,0,HQ,40,2,JPMOJ,
medium,453273,T,JPNGO,20,44,05,44-SB01,01|03|05|07|09|11,9,9,0,PQ,20,5,JPNGO,
medium,453273,T,JPNGO,20,44,07,44-SB01,01|03|05|07|09|11,1,1,0,PQ,20,1,JPNGO,
medium,453273,T,JPNGO,20,44,07,44-SB01,01|03|05|07|09|11,3,3,0,PQ,20,5,JPNGO,
medium,453273,T,JPNGO,20,44,29,44-SB03,25|27|29|31|33|35,13,13,0,PQ,20,5,JPNGO,
medium,453273,T,JPNGO,20,44,31,44-SB03,25|27|29|31|33|35,10,10,0,PQ,20,5,JPNGO,
medium,453273,T,JPNGO,20,83,11,83-SB01,01|03|05|07|09|11,5,5,0,PQ,20,5,JPNGO,
medium,453273,T,JPNGO,40,55,57,55-SB05,49|51|53|55|57|59,13,13,0,HQ,40,5,JPNGO,
medium,453273,T,JPOSA,40,44,37,44-SB04,37|39|41|43|45|47,5,5,0,HQ,40,5,JPOSA,
medium,453273,T,JPSMZ,40,44,13,44-SB02,13|15|17|19|21|23,4,4,0,HQ,40,5,JPSMZ,
medium,453273,T,JPTMK,40,22,17,22-SB02,13|15|17|19|21|23,2,2,0,HQ,40,5,JPTMK,
medium,453273,T,JPTYO,20,83,07,83-SB01,01|03|05|07|09|11,1,1,0,PQ,20,3,JPTYO,
medium,453273,T,JPTYO,20,83,09,83-SB01,01|03|05|07|09|11,4,4,0,PQ,20,4,JPTYO,
medium,453273,T,JPTYO,40,44,41,44-SB04,37|39|41|43|45|47,1,1,0,HQ,40,1,JPTYO,
medium,453273,T,JPTYO,40,44,57,44-SB05,49|51|53|55|57|59,2,2,0,HQ,40,3,JPTYO,
medium,453273,T,JPTYO,40,44,57,44-SB05,49|51|53|55|57|59,6,6,0,HQ,40,5,JPTYO,
medium,453273,T,JPUKB,20,83,05,83-SB01,01|03|05|07|09|11,1,1,0,PQ,20,4,JPUKB,
medium,453273,T,JPUKB,40,3B,13,3B-SB01,05|07|09|11|13|15,21,21,0,HQ,40,5,JPUKB,
medium,453273,T,JPUKB,40,3B,17,3B-SB02,17|19|21|23|25|27,18,18,0,HQ,40,5,JPUKB,
medium,453273,T,JPYOK,20,83,05,83-SB01,01|03|05|07|09|11,1,1,0,PQ,20,1,JPYOK,
medium,453273,T,JPYOK,40,55,61,55-SB06,61|63|65|67|69|71,1,1,0,HQ,40,2,JPYOK,
medium,453273,T,JPYOK,40,55,61,55-SB06,61|63|65|67|69|71,1,1,0,HQ,40,3,JPYOK,
medium,453273,T,JPYOK,40,55,61,55-SB06,61|63|65|67|69|71,2,2,0,HQ,40,4,JPYOK,
medium,453273,T,JPYOK,40,55,61,55-SB06,61|63|65|67|69|71,10,10,0,HQ,40,5,JPYOK,
medium,453273,T,KRINC,40,22,17,22-SB02,13|15|17|19|21|23,1,1,0,HQ,40,2,KRINC,
medium,453273,T,KRINC,40,22,17,22-SB02,13|15|17|19|21|23,1,1,0,HQ,40,4,KRINC,
medium,453273,T,KRPUS,20,83,23,83-SB02,13|15|17|19|21|23,1,1,0,PQ,20,5,KRPUS,
medium,453273,T,KRPUS,20,83,25,83-SB03,25|27|29|31|33|35,3,3,0,PQ,20,3,KRPUS,
medium,453273,T,KRPUS,20,83,27,83-SB03,25|27|29|31|33|35,4,4,0,PQ,20,5,KRPUS,
medium,453273,T,KRPUS,20,83,55,83-SB05,49|51|53|55|57|59,8,8,0,PQ,20,4,KRPUS,
medium,453273,T,KRPUS,20,83,61,83-SB06,61|63|65|67|69|71,16,16,0,PQ,20,4,KRPUS,
medium,453273,T,KRPUS,20,83,63,83-SB06,61|63|65|67|69|71,11,11,0,PQ,20,4,KRPUS,
medium,453273,T,KRPUS,20,83,65,83-SB06,61|63|65|67|69|71,11,11,0,PQ,20,4,KRPUS,
medium,453273,T,KRPUS,40,44,41,44-SB04,37|39|41|43|45|47,1,1,0,HQ,40,3,KRPUS,
medium,453273,T,KRPUS,40,44,41,44-SB04,37|39|41|43|45|47,4,4,0,HQ,40,5,KRPUS,
medium,453273,T,MAPTM,40,44,17,44-SB02,13|15|17|19|21|23,3,3,0,HQ,40,5,MAPTM,
medium,453273,T,MAPTM,40,44,17,44-SB02,13|15|17|19|21|23,1,1,0,HQ,40,6,MAPTM,
medium,453273,T,MIXED,20,83,13,83-SB02,13|15|17|19|21|23,3,3,0,PQ,20,5,,453280
medium,453273,T,MIXED,20,83,19,83-SB02,13|15|17|19|21|23,2,2,0,PQ,20,4,,453338
medium,453273,T,MIXED,20,83,19,83-SB02,13|15|17|19|21|23,1,1,0,PQ,20,5,,453338
medium,453273,T,MIXED,20,83,21,83-SB02,13|15|17|19|21|23,1,1,0,PQ,20,5,,453322
medium,453273,T,MIXED,20,83,21,83-SB02,13|15|17|19|21|23,1,1,0,PQ,20,5,,453338
medium,453273,T,MIXED,20,83,43,83-SB04,37|39|41|43|45|47,2,2,0,PQ,20,5,,453280
medium,453273,T,MIXED,20,83,43,83-SB04,37|39|41|43|45|47,11,11,0,PQ,20,5,,453360
medium,453273,T,MIXED,40,55,13,55-SB02,13|15|17|19|21|23,10,10,0,HQ,40,1,,453250
medium,453273,T,MXLZC,20,83,05,83-SB01,01|03|05|07|09|11,1,1,0,PQ,20,1,MXLZC,
medium,453273,T,MXLZC,20,83,07,83-SB01,01|03|05|07|09|11,1,1,0,PQ,20,5,MXLZC,
medium,453273,T,MXLZC,40,22,17,22-SB02,13|15|17|19|21|23,1,1,0,HQ,40,2,MXLZC,
medium,453273,T,MXLZC,40,22,25,22-SB03,25|27|29|31|33|35,1,1,0,HQ,40,3,MXLZC,
medium,453273,T,MXZLO,20,83,05,83-SB01,01|03|05|07|09|11,1,1,0,PQ,20,1,MXZLO,
medium,453273,T,MXZLO,40,44,17,44-SB02,13|15|17|19|21|23,1,1,0,HQ,40,1,MXZLO,
medium,453273,T,MXZLO,40,44,17,44-SB02,13|15|17|19|21|23,3,3,0,HQ,40,5,MXZLO,
medium,453273,T,MYPGU,20,83,05,83-SB01,01|03|05|07|09|11,1,1,0,PQ,20,4,MYPGU,
medium,453273,T,NICIO,40,22,09,22-SB01,01|03|05|07|09|11,1,1,0,HQ,40,3,NICIO,
medium,453273,T,NIMGA,40,44,01,44-SB01,01|03|05|07|09|11,3,3,0,HQ,40,1,NIMGA,
medium,453273,T,NZAKL,20,83,09,83-SB01,01|03|05|07|09|11,4,4,0,PQ,20,4,NZAKL,
medium,453273,T,NZAKL,40,22,25,22-SB03,25|27|29|31|33|35,2,2,0,HQ,40,5,NZAKL,
medium,453273,T,NZTIU,20,83,07,83-SB01,01|03|05|07|09|11,2,2,0,PQ,20,5,NZTIU,
medium,453273,T,PABLB,40,44,41,44-SB04,37|39|41|43|45|47,1,1,0,HQ,40,1,PABLB,
medium,453273,T,PABLB,40,44,41,44-SB04,37|39|41|43|45|47,3,3,0,HQ,40,2,PABLB,
medium,453273,T,PABLB,40,44,41,44-SB04,37|39|41|43|45|47,1,1,0,HQ,40,4,PABLB,
medium,453273,T,PAKLN,40,22,25,22-SB03,25|27|29|31|33|35,1,1,0,HQ,40,1,PAKLN,
medium,453273,T,PAKLN,40,22,25,22-SB03,25|27|29|31|33|35,1,1,0,HQ,40,2,PAKLN,
medium,453273,T,PECLL,40,44,45,44-SB04,37|39|41|43|45|47,1,1,0,HQ,40,1,PECLL,
medium,453273,T,PECLL,40,44,45,44-SB04,37|39|41|43|45|47,4,4,0,HQ,40,2,PECLL,
medium,453273,T,PRSJU,40,44,09,44-SB01,01|03|05|07|09|11,1,1,0,HQ,40,3,PRSJU,
medium,453273,T,PRSJU,40,44,21,44-SB02,13|15|17|19|21|23,3,3,0,HQ,40,2,PRSJU,
medium,453273,T,SRPBM,40,44,01,44-SB01,01|03|05|07|09|11,3,3,0,HQ,40,2,SRPBM,
medium,453273,T,THBKK,20,83,05,83-SB01,01|03|05|07|09|11,1,1,0,PQ,20,4,THBKK,
medium,453273,T,THBKK,40,22,53,22-SB05,49|51|53|55|57|59,6,6,0,HQ,40,5,THBKK,
medium,453273,T,THBKK,40,29,29,29-SB03,25|27|29|31|33|35,9,9,0,HQ,40,5,THBKK,
medium,453273,T,THBKK,40,29,37,29-SB04,37|39|41|43|45|47,21,21,0,HQ,40,5,THBKK,
medium,453273,T,THBKK,40,2A,05,2A-SB01,01|03|05|07|09|11,4,4,0,HQ,40,5,THBKK,
medium,453273,T,THBKK,40,85,45,85-SB04,37|39|41|43|45|47,21,21,0,HQ,40,5,THBKK,
medium,453273,T,TTPOS,20,83,05,83-SB01,01|03|05|07|09|11,1,1,0,PQ,20,3,TTPOS,
medium,453273,T,USATL,20,83,05,83-SB01,01|03|05|07|09|11,1,1,0,PQ,20,3,USATL,
medium,453273,T,USATL,40,22,09,22-SB01,01|03|05|07|09|11,1,1,0,HQ,40,4,USATL,
medium,453273,T,USBNA,40,22,09,22-SB01,01|03|05|07|09|11,1,1,0,HQ,40,1,USBNA,
medium,453273,T,USBOS,40,22,09,22-SB01,01|03|05|07|09|11,1,1,0,HQ,40,3,USBOS,
medium,453273,T,USCHI,20,83,05,83-SB01,01|03|05|07|09|11,1,1,0,PQ,20,2,USCHI,
medium,453273,T,USCHI,40,74,17,74-SB02,13|15|17|19|21|23,5,5,0,HQ,40,1,USCHI,
medium,453273,T,USCHI,40,74,17,74-SB02,13|15|17|19|21|23,2,2,0,HQ,40,3,USCHI,
medium,453273,T,USCHI,40,74,25,74-SB03,25|27|29|31|33|35,1,1,0,HQ,40,2,USCHI,
medium,453273,T,USCHI,40,74,25,74-SB03,25|27|29|31|33|35,3,3,0,HQ,40,3,USCHI,
medium,453273,T,USCHI,40,74,45,74-SB04,37|39|41|43|45|47,9,9,0,HQ,40,4,USCHI,
medium,453273,T,USCLE,20,83,05,83-SB01,01|03|05|07|09|11,1,1,0,PQ,20,3,USCLE,
medium,453273,T,USCLE,40,22,25,22-SB03,25|27|29|31|33|35,1,1,0,HQ,40,1,USCLE,
medium,453273,T,USCLE,40,22,25,22-SB03,25|27|29|31|33|35,1,1,0,HQ,40,4,USCLE,
medium,453273,T,USCLU,20,83,07,83-SB01,01|03|05|07|09|11,2,2,0,PQ,20,3,USCLU,
medium,453273,T,USDET,40,22,09,22-SB01,01|03|05|07|09|11,1,1,0,HQ,40,3,USDET,
medium,453273,T,USFEP,40,44,45,44-SB04,37|39|41|43|45|47,4,4,0,HQ,40,4,USFEP,
medium,453273,T,USFEP,40,44,53,44-SB05,49|51|53|55|57|59,1,1,0,HQ,40,2,USFEP,
medium,453273,T,USFEP,40,44,53,44-SB05,49|51|53|55|57|59,3,3,0,HQ,40,3,USFEP,
medium,453273,T,USFWT,40,22,09,22-SB01,01|03|05|07|09|11,1,1,0,HQ,40,3,USFWT,
medium,453273,T,USGAC,20,83,05,83-SB01,01|03|05|07|09|11,1,1,0,PQ,20,3,USGAC,
medium,453273,T,USGAC,40,22,25,22-SB03,25|27|29|31|33|35,1,1,0,HQ,40,2,USGAC,
medium,453273,T,USGAC,40,22,25,22-SB03,25|27|29|31|33|35,1,1,0,HQ,40,4,USGAC,
medium,453273,T,USHOU,20,83,09,83-SB01,01|03|05|07|09|11,1,1,0,PQ,20,1,USHOU,
medium,453273,T,USHOU,20,83,09,83-SB01,01|03|05|07|09|11,1,1,0,PQ,20,3,USHOU,
medium,453273,T,USHOU,20,83,09,83-SB01,01|03|05|07|09|11,2,2,0,PQ,20,4,USHOU,
medium,453273,T,USHOU,40,74,09,74-SB01,01|03|05|07|09|11,1,1,0,HQ,40,4,USHOU,
medium,453273,T,USHOU,40,74,09,74-SB01,01|03|05|07|09|11,2,2,0,HQ,40,5,USHOU,
medium,453273,T,USHOU,40,74,13,74-SB02,13|15|17|19|21|23,2,2,0,HQ,40,1,USHOU,
medium,453273,T,USHOU,40,74,13,74-SB02,13|15|17|19|21|23,2,2,0,HQ,40,4,USHOU,
medium,453273,T,USHOU,40,74,29,74-SB03,25|27|29|31|33|35,8,8,0,HQ,40,2,USHOU,
medium,453273,T,USHOU,40,74,29,74-SB03,25|27|29|31|33|35,3,3,0,HQ,40,5,USHOU,
medium,453273,T,USILM,20,83,07,83-SB01,01|03|05|07|09|11,2,2,0,PQ,20,3,USILM,
medium,453273,T,USILM,40,22,25,22-SB03,25|27|29|31|33|35,1,1,0,HQ,40,1,USILM,
medium,453273,T,USILM,40,44,01,44-SB01,01|03|05|07|09|11,1,1,0,HQ,40,2,USILM,
medium,453273,T,USILM,40,44,01,44-SB01,01|03|05|07|09|11,1,1,0,HQ,40,5,USILM,
medium,453273,T,USJAC,40,22,09,22-SB01,01|03|05|07|09|11,1,1,0,HQ,40,2,USJAC,
medium,453273,T,USJAX,20,83,09,83-SB01,01|03|05|07|09|11,1,1,0,PQ,20,4,USJAX,
medium,453273,T,USJAX,20,83,09,83-SB01,01|03|05|07|09|11,3,3,0,PQ,20,5,USJAX,
medium,453273,T,USJAX,40,44,05,44-SB01,01|03|05|07|09|11,1,1,0,PQ,40,4,USJAX,
medium,453273,T,USJAX,40,44,17,44-SB02,13|15|17|19|21|23,1,1,0,HQ,40,3,USJAX,
medium,453273,T,USJAX,40,44,25,44-SB03,25|27|29|31|33|35,1,1,0,HQ,40,5,USJAX,
medium,453273,T,USJAX,40,44,53,44-SB05,49|51|53|55|57|59,5,5,0,HQ,40,2,USJAX,
medium,453273,T,USKCK,40,22,09,22-SB01,01|03|05|07|09|11,1,1,0,HQ,40,4,USKCK,
medium,453273,T,USLAX,20,83,25,83-SB03,25|27|29|31|33|35,15,15,0,PQ,20,1,USLAX,
medium,453273,T,USLAX,20,83,25,83-SB03,25|27|29|31|33|35,1,1,0,PQ,20,2,USLAX,
medium,453273,T,USLAX,20,83,25,83-SB03,25|27|29|31|33|35,1,1,0,PQ,20,4,USLAX,
medium,453273,T,USLAX,20,83,25,83-SB03,25|27|29|31|33|35,1,1,0,PQ,20,5,USLAX,
medium,453273,T,USLAX,40,74,05,74-SB01,01|03|05|07|09|11,2,2,0,PQ,40,2,USLAX,
medium,453273,T,USLAX,40,74,13,74-SB02,13|15|17|19|21|23,2,2,0,HQ,40,4,USLAX,
medium,453273,T,USLAX,40,74,25,74-SB03,25|27|29|31|33|35,3,3,0,HQ,40,3,USLAX,
medium,453273,T,USLAX,40,74,33,74-SB03,25|27|29|31|33|35,8,8,0,HQ,40,3,USLAX,
medium,453273,T,USLAX,40,74,53,74-SB05,49|51|53|55|57|59,6,6,0,HQ,40,3,USLAX,
medium,453273,T,USLAX,40,74,61,74-SB06,61|63|65|67|69|71,5,5,0,HQ,40,3,USLAX,
medium,453273,T,USLAX,40,74,65,74-SB06,61|63|65|67|69|71,2,2,0,HQ,40,4,USLAX,
medium,453273,T,USLAX,40,74,69,74-SB06,61|63|65|67|69|71,4,4,0,HQ,40,4,USLAX,
medium,453273,T,USLAX,40,85,01,85-SB01,01|03|05|07|09|11,20,20,0,HQ,40,1,USLAX,
medium,453273,T,USLAX,40,85,05,85-SB01,01|03|05|07|09|11,5,5,0,HQ,40,2,USLAX,
medium,453273,T,USLAX,40,85,05,85-SB01,01|03|05|07|09|11,10,10,0,HQ,40,4,USLAX,
medium,453273,T,USLAX,40,85,09,85-SB01,01|03|05|07|09|11,18,18,0,HQ,40,1,USLAX,
medium,453273,T,USLAX,40,85,13,85-SB02,13|15|17|19|21|23,17,17,0,HQ,40,2,USLAX,
medium,453273,T,USLAX,40,85,17,85-SB02,13|15|17|19|21|23,19,19,0,HQ,40,2,USLAX,
medium,453273,T,USLAX,40,85,21,85-SB02,13|15|17|19|21|23,20,20,0,HQ,40,1,USLAX,
medium,453273,T,USLAX,40,85,25,85-SB03,25|27|29|31|33|35,16,16,0,HQ,40,2,USLAX,
medium,453273,T,USLAX,40,85,29,85-SB03,25|27|29|31|33|35,15,15,0,HQ,40,4,USLAX,
medium,453273,T,USLAX,40,85,33,85-SB03,25|27|29|31|33|35,20,20,0,HQ,40,1,USLAX,
medium,453273,T,USLAX,40,85,41,85-SB04,37|39|41|43|45|47,3,3,0,HQ,40,4,USLAX,
medium,453273,T,USLAX,40,85,49,85-SB05,49|51|53|55|57|59,20,20,0,HQ,40,1,USLAX,
medium,453273,T,USLAX,40,85,57,85-SB05,49|51|53|55|57|59,17,17,0,HQ,40,2,USLAX,
medium,453273,T,USLAX,40,85,69,85-SB06,61|63|65|67|69|71,20,20,0,HQ,40,1,USLAX,
medium,453273,T,USLAX,45,55,01,55-SB01,01|03|05|07|09|11,3,3,0,HQ,45,2,USLAX,
medium,453273,T,USLGB,40,22,09,22-SB01,01|03|05|07|09|11,1,1,0,HQ,40,5,USLGB,
medium,453273,T,USMEM,40,44,01,44-SB01,01|03|05|07|09|11,2,2,0,HQ,40,4,USMEM,
medium,453273,T,USMIA,20,83,27,83-SB03,25|27|29|31|33|35,1,1,0,PQ,20,3,USMIA,
medium,453273,T,USMIA,20,83,27,83-SB03,25|27|29|31|33|35,5,5,0,PQ,20,5,USMIA,
medium,453273,T,USMIA,20,83,29,83-SB03,25|27|29|31|33|35,14,14,0,PQ,20,4,USMIA,
medium,453273,T,USMIA,40,2A,29,2A-SB03,25|27|29|31|33|35,2,2,0,HQ,40,1,USMIA,
medium,453273,T,USMIA,40,2A,29,2A-SB03,25|27|29|31|33|35,3,3,0,HQ,40,2,USMIA,
medium,453273,T,USMIA,40,2A,29,2A-SB03,25|27|29|31|33|35,1,1,0,HQ,40,3,USMIA,
medium,453273,T,USMIA,40,2A,29,2A-SB03,25|27|29|31|33|35,1,1,0,HQ,40,4,USMIA,
medium,453273,T,USMIA,40,2A,29,2A-SB03,25|27|29|31|33|35,6,6,0,HQ,40,5,USMIA,
medium,453273,T,USMIA,40,2A,37,2A-SB04,37|39|41|43|45|47,15,15,0,HQ,40,6,USMIA,
medium,453273,T,USMOB,40,55,65,55-SB06,61|63|65|67|69|71,1,1,0,HQ,40,1,USMOB,
medium,453273,T,USMOB,40,55,65,55-SB06,61|63|65|67|69|71,4,4,0,HQ,40,2,USMOB,
medium,453273,T,USMOB,40,55,65,55-SB06,61|63|65|67|69|71,1,1,0,HQ,40,3,USMOB,
medium,453273,T,USMOB,40,55,65,55-SB06,61|63|65|67|69|71,1,1,0,HQ,40,4,USMOB,
medium,453273,T,USMOB,40,55,65,55-SB06,61|63|65|67|69|71,7,7,0,HQ,40,5,USMOB,
medium,453273,T,USMOB,45,22,61,,,1,1,0,HQ,45,2,USMOB,
medium,453273,T,USMSY,20,83,11,83-SB01,01|03|05|07|09|11,4,4,0,PQ,20,3,USMSY,
medium,453273,T,USMSY,20,83,11,83-SB01,01|03|05|07|09|11,1,1,0,PQ,20,4,USMSY,
medium,453273,T,USMSY,40,55,17,55-SB02,13|15|17|19|21|23,3,3,0,HQ,40,1,USMSY,
medium,453273,T,USMSY,40,55,17,55-SB02,13|15|17|19|21|23,4,4,0,HQ,40,2,USMSY,
medium,453273,T,USMSY,40,55,17,55-SB02,13|15|17|19|21|23,1,1,0,HQ,40,3,USMSY,
medium,453273,T,USMSY,40,55,17,55-SB02,13|15|17|19|21|23,2,2,0,HQ,40,5,USMSY,
medium,453273,T,USOAK,20,83,19,83-SB02,13|15|17|19|21|23,3,3,0,PQ,20,1,USOAK,
medium,453273,T,USOAK,20,83,19,83-SB02,13|15|17|19|21|23,7,7,0,PQ,20,4,USOAK,
medium,453273,T,USOAK,20,83,19,83-SB02,13|15|17|19|21|23,1,1,0,PQ,20,5,USOAK,
medium,453273,T,USOAK,40,1A,05,1A-SB01,01|03|05|07|09|11,14,14,0,HQ,40,5,USOAK,
medium,453273,T,USOAK,40,1A,17,1A-SB02,13|15|17|19|21|23,5,5,0,HQ,40,1,USOAK,
medium,453273,T,USOAK,40,1A,17,1A-SB02,13|15|17|19|21|23,13,13,0,HQ,40,2,USOAK,
medium,453273,T,USOAK,40,1A,21,1A-SB02,13|15|17|19|21|23,1,1,0,HQ,40,1,USOAK,
medium,453273,T,USOAK,40,1A,21,1A-SB02,13|15|17|19|21|23,1,1,0,HQ,40,3,USOAK,
medium,453273,T,USOAK,40,1A,21,1A-SB02,13|15|17|19|21|23,5,5,0,HQ,40,4,USOAK,
medium,453273,T,USOAK,40,44,05,44-SB01,01|03|05|07|09|11,1,1,0,PQ,40,2,USOAK,
medium,453273,T,USOLV,20,83,07,83-SB01,01|03|05|07|09|11,2,2,0,PQ,20,1,USOLV,
medium,453273,T,USOLV,40,22,09,22-SB01,01|03|05|07|09|11,1,1,0,HQ,40,2,USOLV,
medium,453273,T,USRFD,20,83,05,83-SB01,01|03|05|07|09|11,1,1,0,PQ,20,1,USRFD,
medium,453273,T,USRFD,40,44,05,44-SB01,01|03|05|07|09|11,1,1,0,PQ,40,2,USRFD,
medium,453273,T,USRFD,40,44,57,44-SB05,49|51|53|55|57|59,2,2,0,HQ,40,1,USRFD,
medium,453273,T,USRFD,40,44,57,44-SB05,49|51|53|55|57|59,5,5,0,HQ,40,2,USRFD,
medium,453273,T,USSAV,20,83,55,83-SB05,49|51|53|55|57|59,1,1,0,PQ,20,1,USSAV,
medium,453273,T,USSAV,20,83,55,83-SB05,49|51|53|55|57|59,5,5,0,PQ,20,5,USSAV,
medium,453273,T,USSAV,20,83,67,83-SB06,61|63|65|67|69|71,19,19,0,PQ,20,5,USSAV,
medium,453273,T,USSAV,40,44,45,44-SB04,37|39|41|43|45|47,3,3,0,HQ,40,1,USSAV,
medium,453273,T,USSAV,40,44,45,44-SB04,37|39|41|43|45|47,2,2,0,HQ,40,6,USSAV,
medium,453273,T,USSAV,40,55,09,55-SB01,01|03|05|07|09|11,2,2,0,HQ,40,5,USSAV,
medium,453273,T,USSAV,40,55,13,55-SB02,13|15|17|19|21|23,1,1,0,HQ,40,1,USSAV,
medium,453273,T,USSAV,40,72,01,72-SB01,01|03|21|23|41|43,1,1,0,HQ,40,3,USSAV,
medium,453273,T,USSAV,40,72,21,72-SB01,01|03|21|23|41|43,2,2,0,HQ,40,3,USSAV,
medium,453273,T,USSAV,40,72,41,72-SB01,01|03|21|23|41|43,2,2,0,HQ,40,6,USSAV,
medium,453273,T,USSAV,40,72,45,72-SB02,45|47|49|55|57|59,1,1,0,HQ,40,6,USSAV,
medium,453273,T,USSAV,40,72,55,72-SB02,45|47|49|55|57|59,5,5,0,HQ,40,2,USSAV,
medium,453273,T,USSAV,40,72,55,72-SB02,45|47|49|55|57|59,2,2,0,HQ,40,3,USSAV,
medium,453273,T,USSAV,45,22,61,,,1,1,0,HQ,45,1,USSAV,
medium,453273,T,USSEA,20,83,05,83-SB01,01|03|05|07|09|11,1,1,0,PQ,20,1,USSEA,
medium,453273,T,USSEA,40,83,01,83-SB01,01|03|05|07|09|11,11,11,0,HQ,40,2,USSEA,
medium,453273,T,USSEA,40,83,33,83-SB03,25|27|29|31|33|35,6,6,0,HQ,40,1,USSEA,
medium,453273,T,USSEA,40,83,33,83-SB03,25|27|29|31|33|35,1,1,0,HQ,40,3,USSEA,
medium,453273,T,USSEA,40,83,33,83-SB03,25|27|29|31|33|35,2,2,0,HQ,40,4,USSEA,
medium,453273,T,USSEA,40,83,37,83-SB04,37|39|41|43|45|47,1,1,0,HQ,40,5,USSEA,
medium,453273,T,USSEA,45,55,01,55-SB01,01|03|05|07|09|11,4,4,0,HQ,45,2,USSEA,
medium,453273,T,USTIW,20,83,07,83-SB01,01|03|05|07|09|11,1,1,0,PQ,20,1,USTIW,
medium,453273,T,USTIW,20,83,07,83-SB01,01|03|05|07|09|11,1,1,0,PQ,20,4,USTIW,
medium,453273,T,USTIW,40,55,13,55-SB02,13|15|17|19|21|23,2,2,0,HQ,40,5,USTIW,
medium,453273,T,USTIW,40,55,17,55-SB02,13|15|17|19|21|23,4,4,0,HQ,40,5,USTIW,
medium,453273,T,USTIW,40,55,45,55-SB04,37|39|41|43|45|47,4,4,0,HQ,40,5,USTIW,
medium,453273,T,USTIW,40,55,61,55-SB06,61|63|65|67|69|71,2,2,0,HQ,40,5,USTIW,
medium,453273,T,USTIW,40,55,65,55-SB06,61|63|65|67|69|71,4,4,0,HQ,40,5,USTIW,
medium,453273,T,USTIW,40,74,01,74-SB01,01|03|05|07|09|11,2,2,0,HQ,40,5,USTIW,
medium,453273,T,USTIW,40,74,01,74-SB01,01|03|05|07|09|11,5,5,0,HQ,40,6,USTIW,
medium,453273,T,USTIW,40,74,09,74-SB01,01|03|05|07|09|11,1,1,0,HQ,40,5,USTIW,
medium,453273,T,USTIW,40,83,01,83-SB01,01|03|05|07|09|11,4,4,0,HQ,40,5,USTIW,
medium,453273,T,USTIW,40,83,69,83-SB06,61|63|65|67|69|71,16,16,0,HQ,40,5,USTIW,
medium,453273,T,USTIW,40,85,41,85-SB04,37|39|41|43|45|47,12,12,0,HQ,40,6,USTIW,
medium,453273,T,USTIW,40,85,53,85-SB05,49|51|53|55|57|59,9,9,0,HQ,40,2,USTIW,
medium,453273,T,USTIW,40,85,53,85-SB05,49|51|53|55|57|59,1,1,0,HQ,40,4,USTIW,
medium,453273,T,USTIW,40,85,53,85-SB05,49|51|53|55|57|59,1,1,0,HQ,40,6,USTIW,
medium,453273,T,USTIW,40,85,61,85-SB06,61|63|65|67|69|71,13,13,0,HQ,40,6,USTIW,
medium,453273,T,USTIW,40,85,65,85-SB06,61|63|65|67|69|71,4,4,0,HQ,40,1,USTIW,
medium,453273,T,USTIW,40,85,65,85-SB06,61|63|65|67|69|71,1,1,0,HQ,40,3,USTIW,
medium,453273,T,USTIW,40,85,65,85-SB06,61|63|65|67|69|71,5,5,0,HQ,40,4,USTIW,
medium,453273,T,USTIW,45,22,61,,,1,1,0,HQ,45,4,USTIW,
medium,453273,T,USTPA,20,83,21,83-SB02,13|15|17|19|21|23,2,2,0,PQ,20,1,USTPA,
medium,453273,T,USTPA,20,83,21,83-SB02,13|15|17|19|21|23,1,1,0,PQ,20,3,USTPA,
medium,453273,T,USTPA,20,83,21,83-SB02,13|15|17|19|21|23,9,9,0,PQ,20,4,USTPA,
medium,453273,T,USTPA,20,83,21,83-SB02,13|15|17|19|21|23,2,2,0,PQ,20,5,USTPA,
medium,453273,T,USTPA,40,1A,21,1A-SB02,13|15|17|19|21|23,2,2,0,HQ,40,3,USTPA,
medium,453273,T,USTPA,40,1A,31,1A-SB03,25|31|33|35|37|39,4,4,0,HQ,40,3,USTPA,
medium,453273,T,USTPA,40,1A,31,1A-SB03,25|31|33|35|37|39,12,12,0,HQ,40,4,USTPA,
medium,453273,T,USTPA,40,1A,55,,,4,4,0,HQ,40,1,USTPA,
medium,453273,T,USTPA,40,1A,55,,,3,3,0,HQ,40,2,USTPA,
medium,453273,T,USTPA,40,1A,55,,,6,6,0,HQ,40,5,USTPA,
medium,453273,T,USTPA,40,2B,09,2B-SB01,01|03|05|07|09|11,10,10,0,HQ,40,2,USTPA,
medium,453273,T,USTPA,45,22,61,,,1,1,0,HQ,45,3,USTPA,
medium,453273,T,VELGA,40,83,37,83-SB04,37|39|41|43|45|47,4,4,0,HQ,40,3,VELGA,
medium,453273,T,VELGA,40,83,45,83-SB04,37|39|41|43|45|47,4,4,0,HQ,40,2,VELGA,
medium,453273,T,VELGA,40,83,45,83-SB04,37|39|41|43|45|47,2,2,0,HQ,40,4,VELGA,
medium,453273,T,VELGA,40,83,49,83-SB05,49|51|53|55|57|59,2,2,0,HQ,40,4,VELGA,
medium,453273,T,VELGA,40,83,57,83-SB05,49|51|53|55|57|59,12,12,0,HQ,40,3,VELGA,
medium,453273,T,VNHPH,40,44,53,44-SB05,49|51|53|55|57|59,5,5,0,HQ,40,6,VNHPH,
medium,453273,T,VNSGN,40,22,09,22-SB01,01|03|05|07|09|11,1,1,0,HQ,40,6,VNSGN,
medium,453273,T,ZZOPT,20,83,13,83-SB02,13|15|17|19|21|23,5,5,0,PQ,20,5,ZZOPT,
medium,453307,IE,CNSHA,20,11,09,11-SB01,01|03|05|07|09|11,13,13,0,PQ,20,1,CNSHA,
medium,453307,IE,CNSHA,20,11,23,11-SB02,13|15|17|19|21|23,1,1,0,PQ,20,1,CNSHA,
medium,453307,IE,CNSHA,20,11,25,,,1,1,0,PQ,20,1,CNSHA,
medium,453307,IE,CNSHA,20,11,53,,,1,1,0,PQ,20,1,CNSHA,
medium,453307,IE,CNSHA,20,EA,25,EA-SB02,21|23|25|27|29|31,10,10,0,PQ,20,1,CNSHA,
medium,453307,IE,CNSHA,40,10,27,,,1,1,0,HQ,40,1,CNSHA,
medium,453307,IE,CNSHA,40,11,01,11-SB01,01|03|05|07|09|11,12,12,0,HQ,40,1,CNSHA,
medium,453307,IE,CNSHA,40,11,05,11-SB01,01|03|05|07|09|11,14,14,0,HQ,40,1,CNSHA,
medium,453307,IE,CNSHA,40,11,13,11-SB02,13|15|17|19|21|23,4,4,0,HQ,40,1,CNSHA,
medium,453307,IE,CNSHA,40,11,17,11-SB02,13|15|17|19|21|23,5,5,0,HQ,40,1,CNSHA,
medium,453307,IE,CNSHA,40,11,41,,,1,1,0,HQ,40,1,CNSHA,
medium,453307,IE,CNSHA,40,E1,83,E1-SB07,83|85|87|89|91|93,5,5,0,PQ,40,1,CNSHA,
medium,453307,IE,CNSHA,40,E2,47,E2-SB04,47|49|51|53|55|57,7,7,0,PQ,40,1,CNSHA,
medium,453307,IE,CNSHA,40,E5,19,E5-SB01,09|11|13|15|17|19,1,1,0,HQ,40,1,CNSHA,
medium,453307,IE,CNSHA,40,E5,23,E5-SB02,21|23|25|27|29|31,2,2,0,HQ,40,1,CNSHA,
medium,453307,IE,CNSHA,40,E5,35,E5-SB03,33|35|37|39|41|43,5,5,0,HQ,40,1,CNSHA,
medium,453307,IE,CNSHA,40,E5,39,E5-SB03,33|35|37|39|41|43,10,10,0,HQ,40,1,CNSHA,
medium,453307,IE,CNSHA,40,E5,47,E5-SB04,45|47|49|51|53|55,1,1,0,HQ,40,1,CNSHA,
medium,453307,IE,CNSHA,40,E5,51,E5-SB04,45|47|49|51|53|55,3,3,0,HQ,40,1,CNSHA,
medium,453307,IE,CNSHA,40,E5,55,E5-SB04,45|47|49|51|53|55,5,5,0,HQ,40,1,CNSHA,
medium,453307,IE,CNSHA,40,E5,59,E5-SB05,57|59|61|63|65|67,4,4,0,HQ,40,1,CNSHA,
medium,453307,IE,CNSHA,40,E5,75,E5-SB06,69|71|73|75|77|79,4,4,0,HQ,40,1,CNSHA,
medium,453307,IE,CNSHA,40,E5,79,E5-SB06,69|71|73|75|77|79,8,8,0,HQ,40,1,CNSHA,
medium,453307,IE,CNSHA,40,E5,83,E5-SB07,81|83|85|87|89|91,4,4,0,HQ,40,1,CNSHA,
medium,453307,IE,CNSHA,40,E5,87,E5-SB07,81|83|85|87|89|91,14,14,0,HQ,40,1,CNSHA,
medium,453307,IE,CNSHA,40,E5,91,E5-SB07,81|83|85|87|89|91,15,15,0,HQ,40,1,CNSHA,
medium,453307,IE,CNSHA,40,E5,95,,,2,2,0,PQ,40,1,CNSHA,
medium,453307,IE,CNSHA,40,E6,11,E6-SB01,11|13|15|17|19|21,20,20,0,HQ,40,1,CNSHA,
medium,453307,IE,CNSHA,40,E6,15,E6-SB01,11|13|15|17|19|21,16,16,0,HQ,40,1,CNSHA,
medium,453307,IE,CNSHA,40,E6,19,E6-SB01,11|13|15|17|19|21,20,20,0,HQ,40,1,CNSHA,
medium,453307,IE,CNSHA,40,E6,23,E6-SB02,23|25|27|29|31|33,13,13,0,HQ,40,1,CNSHA,
medium,453307,IE,CNSHA,40,E6,27,E6-SB02,23|25|27|29|31|33,20,20,0,HQ,40,1,CNSHA,
medium,453307,IE,CNSHA,40,E6,31,E6-SB02,23|25|27|29|31|33,6,6,0,HQ,40,1,CNSHA,
medium,453307,IE,CNSHA,40,E6,35,E6-SB03,35|37|39|41|43|45,3,3,0,HQ,40,1,CNSHA,
medium,453307,IE,CNSHA,40,E6,39,E6-SB03,35|37|39|41|43|45,19,19,0,HQ,40,1,CNSHA,
medium,453307,IE,CNSHA,40,E6,43,E6-SB03,35|37|39|41|43|45,3,3,0,HQ,40,1,CNSHA,
medium,453307,IE,CNSHA,40,E6,47,E6-SB04,47|49|51|53|55|57,6,6,0,HQ,40,1,CNSHA,
medium,453307,IE,CNSHA,40,E6,51,E6-SB04,47|49|51|53|55|57,11,11,0,HQ,40,1,CNSHA,
medium,453307,IE,CNSHA,40,E6,59,E6-SB05,59|61|63|65|67|69,4,4,0,HQ,40,1,CNSHA,
medium,453307,IE,CNSHA,40,E6,63,E6-SB05,59|61|63|65|67|69,16,16,0,HQ,40,1,CNSHA,
medium,453307,IE,CNSHA,40,E6,67,E6-SB05,59|61|63|65|67|69,4,4,0,HQ,40,1,CNSHA,
medium,453307,IE,CNSHA,40,E6,71,E6-SB06,71|73|75|77|79|81,11,11,0,HQ,40,1,CNSHA,
medium,453307,IE,CNSHA,40,E6,75,E6-SB06,71|73|75|77|79|81,3,3,0,HQ,40,1,CNSHA,
medium,453307,IE,CNSHA,40,E6,79,E6-SB06,71|73|75|77|79|81,2,2,0,HQ,40,1,CNSHA,
medium,453307,IE,CNSHA,40,E6,83,E6-SB07,83|85|87|89|91|93,6,6,0,HQ,40,1,CNSHA,
medium,453307,IE,CNSHA,40,E6,87,E6-SB07,83|85|87|89|91|93,12,12,0,HQ,40,1,CNSHA,
medium,453307,IE,CNSHA,40,E6,91,E6-SB07,83|85|87|89|91|93,20,20,0,HQ,40,1,CNSHA,
medium,453307,IE,CNSHA,40,E6,95,,,14,14,0,HQ,40,1,CNSHA,
medium,453307,IE,CNSHA,40,E7,11,E7-SB01,11|13|15|17|19|21,13,13,0,HQ,40,1,CNSHA,
medium,453307,IE,CNSHA,40,E7,15,E7-SB01,11|13|15|17|19|21,20,20,0,HQ,40,1,CNSHA,
medium,453307,IE,CNSHA,40,E7,19,E7-SB01,11|13|15|17|19|21,19,19,0,HQ,40,1,CNSHA,
medium,453307,IE,CNSHA,40,E7,23,E7-SB02,23|25|27|29|31|33,3,3,0,HQ,40,1,CNSHA,
medium,453307,IE,CNSHA,40,E7,31,E7-SB02,23|25|27|29|31|33,20,20,0,HQ,40,1,CNSHA,
medium,453307,IE,CNSHA,40,E7,35,E7-SB03,35|37|39|41|43|45,20,20,0,HQ,40,1,CNSHA,
medium,453307,IE,CNSHA,40,E7,39,E7-SB03,35|37|39|41|43|45,3,3,0,HQ,40,1,CNSHA,
medium,453307,IE,CNSHA,40,E7,43,E7-SB03,35|37|39|41|43|45,3,3,0,HQ,40,1,CNSHA,
medium,453307,IE,CNSHA,40,E7,47,E7-SB04,47|49|51|53|55|57,3,3,0,HQ,40,1,CNSHA,
medium,453307,IE,CNSHA,40,E7,51,E7-SB04,47|49|51|53|55|57,3,3,0,HQ,40,1,CNSHA,
medium,453307,IE,CNSHA,40,E7,55,E7-SB04,47|49|51|53|55|57,4,4,0,HQ,40,1,CNSHA,
medium,453307,IE,CNSHA,40,E7,65,E7-SB05,65|67|71|73|75|77,1,1,0,HQ,40,1,CNSHA,
medium,453307,IE,CNSHA,40,E7,71,E7-SB05,65|67|71|73|75|77,10,10,0,HQ,40,1,CNSHA,
medium,453307,IE,CNSHA,40,E7,75,E7-SB05,65|67|71|73|75|77,18,18,0,HQ,40,1,CNSHA,
medium,453307,IE,CNSHA,40,E7,83,E7-SB06,79|81|83|85|87|89,3,3,0,HQ,40,1,CNSHA,
medium,453307,IE,CNSHA,40,E7,87,E7-SB06,79|81|83|85|87|89,11,11,0,HQ,40,1,CNSHA,
medium,453307,IE,CNSHA,40,E7,91,E7-SB07,91|93|95|97|99|A1,14,14,0,HQ,40,1,CNSHA,
medium,453307,IE,CNSHA,40,E8,11,E8-SB01,11|13|15|17|19|21,26,26,0,HQ,40,1,CNSHA,
medium,453307,IE,CNSHA,40,E8,19,E8-SB01,11|13|15|17|19|21,30,30,0,HQ,40,1,CNSHA,
medium,453307,IE,CNSHA,40,E8,23,E8-SB02,23|25|27|29|31|33,25,25,0,HQ,40,1,CNSHA,
medium,453307,IE,CNSHA,40,E8,27,E8-SB02,23|25|27|29|31|33,22,22,0,HQ,40,1,CNSHA,
medium,453307,IE,CNSHA,40,E8,35,E8-SB03,35|37|39|41|43|45,29,29,0,HQ,40,1,CNSHA,
medium,453307,IE,CNSHA,40,E8,39,E8-SB03,35|37|39|41|43|45,30,30,0,HQ,40,1,CNSHA,
medium,453307,IE,CNSHA,40,E8,43,E8-SB03,35|37|39|41|43|45,14,14,0,HQ,40,1,CNSHA,
medium,453307,IE,CNSHA,40,E8,47,E8-SB04,47|49|51|53|55|57,26,26,0,HQ,40,1,CNSHA,
medium,453307,IE,CNSHA,40,E8,51,E8-SB04,47|49|51|53|55|57,9,9,0,HQ,40,1,CNSHA,
medium,453307,IE,CNSHA,40,E8,55,E8-SB04,47|49|51|53|55|57,20,20,0,HQ,40,1,CNSHA,
medium,453307,IE,CNSHA,40,E8,59,E8-SB05,59|61|63|65|67|69,18,18,0,HQ,40,1,CNSHA,
medium,453307,IE,CNSHA,40,E8,71,E8-SB06,71|73|75|77|79|81,15,15,0,HQ,40,1,CNSHA,
medium,453307,IE,CNSHA,40,E8,75,E8-SB06,71|73|75|77|79|81,15,15,0,HQ,40,1,CNSHA,
medium,453307,IE,CNSHA,40,E8,91,E8-SB07,83|85|87|89|91|93,22,22,0,HQ,40,1,CNSHA,
medium,453307,IE,CNSHA,40,E9,11,E9-SB01,11|13|15|17|19|21,21,21,0,HQ,40,1,CNSHA,
medium,453307,IE,CNSHA,40,E9,15,E9-SB01,11|13|15|17|19|21,25,25,0,HQ,40,1,CNSHA,
medium,453307,IE,CNSHA,40,E9,23,E9-SB02,23|25|27|29|31|33,20,20,0,HQ,40,1,CNSHA,
medium,453307,IE,CNSHA,40,E9,27,E9-SB02,23|25|27|29|31|33,26,26,0,HQ,40,1,CNSHA,
medium,453307,IE,CNSHA,40,E9,31,E9-SB02,23|25|27|29|31|33,18,18,0,HQ,40,1,CNSHA,
medium,453307,IE,CNSHA,40,E9,47,E9-SB04,47|49|51|53|55|57,21,21,0,HQ,40,1,CNSHA,
medium,453307,IE,CNSHA,40,E9,51,E9-SB04,47|49|51|53|55|57,24,24,0,HQ,40,1,CNSHA,
medium,453307,IE,CNSHA,40,E9,63,E9-SB05,59|61|63|65|67|69,30,30,0,HQ,40,1,CNSHA,
medium,453307,IE,CNSHA,40,E9,67,E9-SB05,59|61|63|65|67|69,18,18,0,HQ,40,1,CNSHA,
medium,453307,IE,CNSHA,40,E9,71,E9-SB06,71|73|75|77|79|81,9,9,0,HQ,40,1,CNSHA,
medium,453307,IE,CNSHA,40,E9,79,E9-SB06,71|73|75|77|79|81,14,14,0,HQ,40,1,CNSHA,
medium,453307,IE,CNSHA,40,E9,83,E9-SB07,83|85|87|89|91|93,23,23,0,HQ,40,1,CNSHA,
medium,453307,IE,CNSHA,40,E9,87,E9-SB07,83|85|87|89|91|93,19,19,0,HQ,40,1,CNSHA,
medium,453307,IE,CNSHA,40,E9,91,E9-SB07,83|85|87|89|91|93,28,28,0,HQ,40,1,CNSHA,
medium,453307,IE,CNSHA,40,E9,95,,,29,29,0,HQ,40,1,CNSHA,
medium,453307,IE,CNSHA,40,EA,15,EA-SB01,09|11|13|15|17|19,12,12,0,HQ,40,1,CNSHA,
medium,453307,IE,CNSHA,40,EA,19,EA-SB01,09|11|13|15|17|19,22,22,0,HQ,40,1,CNSHA,
medium,453307,IE,CNSHA,40,EA,39,EA-SB03,33|35|37|39|41|43,29,29,0,HQ,40,1,CNSHA,
medium,453307,IE,CNSHA,40,EA,51,EA-SB04,45|47|49|51|53|55,18,18,0,HQ,40,1,CNSHA,
medium,453307,IE,CNSHA,40,EA,67,EA-SB05,57|59|61|63|65|67,16,16,0,HQ,40,1,CNSHA,
medium,453307,IE,CNSHA,40,EA,71,EA-SB06,69|71|73|75|77|79,7,7,0,HQ,40,1,CNSHA,
medium,453307,IE,CNSHA,40,EA,75,EA-SB06,69|71|73|75|77|79,17,17,0,HQ,40,1,CNSHA,
medium,453307,IE,CNSHA,40,EA,87,EA-SB07,81|83|85|87|89|91,12,12,0,HQ,40,1,CNSHA,
medium,453307,IE,CNSHA,40,EA,95,,,25,25,0,PQ,40,1,CNSHA,
medium,453307,IE,CNSHA,40,EB,61,EB-SB01,61|63|65|67|69|71,19,19,0,HQ,40,1,CNSHA,
medium,453307,IE,CNSHA,40,EB,65,EB-SB01,61|63|65|67|69|71,11,11,0,HQ,40,1,CNSHA,
medium,453307,IE,CNSHA,40,EB,69,EB-SB01,61|63|65|67|69|71,24,24,0,HQ,40,1,CNSHA,
medium,453307,IE,CNSHA,40,EB,73,EB-SB02,73|75|77|79|81|83,20,20,0,HQ,40,1,CNSHA,
medium,453307,IE,CNSHA,40,EB,77,EB-SB02,73|75|77|79|81|83,21,21,0,HQ,40,1,CNSHA,
medium,453307,IE,CNSHA,40,EB,81,EB-SB02,73|75|77|79|81|83,28,28,0,HQ,40,1,CNSHA,
medium,453307,IE,CNSHA,40,EB,85,EB-SB03,85|87|89|91|93|95,18,18,0,HQ,40,1,CNSHA,
medium,453307,IE,CNSHA,40,EB,89,EB-SB03,85|87|89|91|93|95,22,22,0,HQ,40,1,CNSHA,
medium,453307,IE,CNSHA,40,EB,93,EB-SB03,85|87|89|91|93|95,12,12,0,HQ,40,1,CNSHA,
medium,453307,IE,CNSHA,40,EB,97,,,22,22,0,HQ,40,1,CNSHA,
medium,453307,IE,CNSHA,40,EC,11,EC-SB01,11|13|15|17|19|21,22,22,0,HQ,40,1,CNSHA,
medium,453307,IE,CNSHA,40,EC,15,EC-SB01,11|13|15|17|19|21,33,33,0,HQ,40,1,CNSHA,
medium,453307,IE,CNSHA,40,EC,23,EC-SB02,23|25|27|29|31|33,14,14,0,HQ,40,1,CNSHA,
medium,453307,IE,CNSHA,40,EC,39,EC-SB03,35|37|39|41|43|45,23,23,0,HQ,40,1,CNSHA,
medium,453307,IE,CNSHA,40,EC,43,EC-SB03,35|37|39|41|43|45,11,11,0,HQ,40,1,CNSHA,
medium,453307,IE,CNSHA,40,EC,59,EC-SB05,59|61|63|65|67|69,24,24,0,HQ,40,1,CNSHA,
medium,453307,IE,CNSHA,40,EC,63,EC-SB05,59|61|63|65|67|69,19,19,0,HQ,40,1,CNSHA,
medium,453307,IE,CNSHA,40,EC,67,EC-SB05,59|61|63|65|67|69,16,16,0,HQ,40,1,CNSHA,
medium,453307,IE,CNSHA,40,EC,79,EC-SB06,71|73|75|77|79|81,18,18,0,HQ,40,1,CNSHA,
medium,453307,IE,CNSHA,40,EC,87,EC-SB07,83|85|87|89|91|93,25,25,0,HQ,40,1,CNSHA,
medium,453307,IE,CNSHA,40,EC,91,EC-SB07,83|85|87|89|91|93,10,10,0,HQ,40,1,CNSHA,
medium,453307,IE,CNSHA,40,EC,95,,,7,7,0,HQ,40,1,CNSHA,
medium,453307,IE,CNSHA,40,ED,11,ED-SB01,11|13|15|17|19|21,33,33,0,HQ,40,1,CNSHA,
medium,453307,IE,CNSHA,40,ED,15,ED-SB01,11|13|15|17|19|21,20,20,0,HQ,40,1,CNSHA,
medium,453307,IE,CNSHA,40,ED,19,ED-SB01,11|13|15|17|19|21,3,3,0,HQ,40,1,CNSHA,
medium,453307,IE,CNSHA,40,ED,23,ED-SB02,23|25|27|29|31|33,40,40,0,HQ,40,1,CNSHA,
medium,453307,IE,CNSHA,40,ED,27,ED-SB02,23|25|27|29|31|33,40,40,0,HQ,40,1,CNSHA,
medium,453307,IE,CNSHA,40,ED,31,ED-SB02,23|25|27|29|31|33,40,40,0,HQ,40,1,CNSHA,
medium,453307,IE,CNSHA,40,ED,35,ED-SB03,35|37|39|41|43|45,26,26,0,HQ,40,1,CNSHA,
medium,453307,IE,CNSHA,40,ED,43,ED-SB03,35|37|39|41|43|45,38,38,0,HQ,40,1,CNSHA,
medium,453307,IE,CNSHA,40,ED,47,ED-SB04,47|49|51|53|55|57,21,21,0,HQ,40,1,CNSHA,
medium,453307,IE,CNSHA,40,ED,51,ED-SB04,47|49|51|53|55|57,15,15,0,HQ,40,1,CNSHA,
medium,453307,IE,CNSHA,40,ED,55,ED-SB04,47|49|51|53|55|57,13,13,0,HQ,40,1,CNSHA,
medium,453307,IE,CNSHA,40,ED,59,ED-SB05,59|61|63|65|67|69,5,5,0,HQ,40,1,CNSHA,
medium,453307,IE,CNSHA,40,ED,63,ED-SB05,59|61|63|65|67|69,21,21,0,HQ,40,1,CNSHA,
medium,453307,IE,CNSHA,40,ED,67,ED-SB05,59|61|63|65|67|69,29,29,0,HQ,40,1,CNSHA,
medium,453307,IE,CNSHA,40,ED,71,ED-SB06,71|73|75|77|79|81,38,38,0,HQ,40,1,CNSHA,
medium,453307,IE,CNSHA,40,ED,75,ED-SB06,71|73|75|77|79|81,25,25,0,HQ,40,1,CNSHA,
medium,453307,IE,CNSHA,40,ED,79,ED-SB06,71|73|75|77|79|81,3,3,0,HQ,40,1,CNSHA,
medium,453307,IE,CNSHA,40,ED,83,ED-SB07,83|85|87|89|91|93,40,40,0,HQ,40,1,CNSHA,
medium,453307,IE,CNSHA,40,ED,87,ED-SB07,83|85|87|89|91|93,35,35,0,HQ,40,1,CNSHA,
medium,453307,IE,CNSHA,40,ED,91,ED-SB07,83|85|87|89|91|93,30,30,0,HQ,40,1,CNSHA,
medium,453307,IE,CNSHA,40,ED,95,,,13,13,0,HQ,40,1,CNSHA,
medium,453307,IE,CNSHA,45,2C,01,2C-SB01,01|03|05|07|09|11,14,14,0,HQ,45,1,CNSHA,
medium,453307,IE,CNSHA,45,2C,61,,,10,10,0,HQ,45,1,CNSHA,
medium,453307,IE,CNSHA,45,5E,01,5E-SB01,01|03|05|07|09|11,13,13,0,HQ,45,1,CNSHA,
medium,453307,IE,CNSHA,45,5E,61,,,8,8,0,HQ,45,1,CNSHA,
medium,453307,IF,CNSHA,20,79,09,79-SB01,01|03|05|07|09|11,7,7,0,PQ,20,3,CNSHA,
medium,453307,IF,CNSHA,20,79,09,79-SB01,01|03|05|07|09|11,6,6,0,PQ,20,4,CNSHA,
medium,453307,IF,CNSHA,20,79,13,79-SB02,13|15|17|19|21|23,24,24,0,PQ,20,1,CNSHA,
medium,453307,IF,CNSHA,20,79,13,79-SB02,13|15|17|19|21|23,1,1,0,PQ,20,2,CNSHA,
medium,453307,IF,CNSHA,20,79,15,79-SB02,13|15|17|19|21|23,18,18,0,PQ,20,2,CNSHA,
medium,453307,IF,CNSHA,20,79,15,79-SB02,13|15|17|19|21|23,7,7,0,PQ,20,4,CNSHA,
medium,453307,IF,CNSHA,40,79,05,79-SB01,01|03|05|07|09|11,2,2,0,PQ,40,1,CNSHA,
medium,453307,IF,CNSHA,40,79,05,79-SB01,01|03|05|07|09|11,2,2,0,PQ,40,2,CNSHA,
medium,453307,IF,CNSHA,40,79,05,79-SB01,01|03|05|07|09|11,5,5,0,PQ,40,3,CNSHA,
medium,453307,IF,CNSHA,40,79,05,79-SB01,01|03|05|07|09|11,2,2,0,PQ,40,4,CNSHA,
medium,453307,IF,CNSHA,40,79,05,79-SB01,01|03|05|07|09|11,4,4,0,PQ,40,5,CNSHA,
medium,453307,IF,CNSHA,40,79,05,79-SB01,01|03|05|07|09|11,1,1,0,PQ,40,6,CNSHA,
medium,453307,IF,CNSHA,40,79,17,79-SB02,13|15|17|19|21|23,22,22,0,HQ,40,4,CNSHA,
medium,453307,IF,CNSHA,40,79,21,79-SB02,13|15|17|19|21|23,2,2,0,HQ,40,3,CNSHA,
medium,453307,IF,CNSHA,40,79,21,79-SB02,13|15|17|19|21|23,7,7,0,HQ,40,5,CNSHA,
medium,453307,IF,CNSHA,40,79,25,79-SB03,25|27|29|31|33|35,9,9,0,HQ,40,3,CNSHA,
medium,453307,IF,CNSHA,40,79,29,79-SB03,25|27|29|31|33|35,14,14,0,HQ,40,4,CNSHA,
medium,453307,IF,CNSHA,40,79,33,79-SB03,25|27|29|31|33|35,26,26,0,HQ,40,4,CNSHA,
medium,453307,IF,CNSHA,40,79,41,79-SB04,37|39|41|43|45|47,11,11,0,HQ,40,3,CNSHA,
medium,453307,IF,CNSHA,40,79,45,79-SB04,37|39|41|43|45|47,18,18,0,HQ,40,5,CNSHA,
medium,453307,IF,CNSHA,40,79,57,79-SB05,49|51|53|55|57|59,20,20,0,HQ,40,5,CNSHA,
medium,453307,IF,CNSHA,40,79,61,79-SB06,61|63|65|67|69|71,14,14,0,HQ,40,5,CNSHA,
medium,453307,IF,CNSHA,40,7B,01,7B-SB01,01|03|05|07|09|11,8,8,0,HQ,40,1,CNSHA,
medium,453307,IF,CNSHA,40,7B,01,7B-SB01,01|03|05|07|09|11,4,4,0,HQ,40,2,CNSHA,
medium,453307,IF,CNSHA,40,7B,05,7B-SB01,01|03|05|07|09|11,8,8,0,HQ,40,2,CNSHA,
medium,453307,IF,CNSHA,40,7B,05,7B-SB01,01|03|05|07|09|11,10,10,0,HQ,40,3,CNSHA,
medium,453307,IF,CNSHA,40,7B,17,7B-SB02,13|15|17|19|21|23,8,8,0,HQ,40,3,CNSHA,
medium,453307,IF,CNSHA,40,7B,25,7B-SB03,25|27|29|31|33|35,22,22,0,HQ,40,2,CNSHA,
medium,453307,IF,CNSHA,40,7B,33,7B-SB03,25|27|29|31|33|35,16,16,0,HQ,40,6,CNSHA,
medium,453307,IF,CNSHA,40,7B,69,7B-SB06,61|63|65|67|69|71,26,26,0,HQ,40,1,CNSHA,
medium,453307,IF,CNSHA,45,79,69,79-SB06,61|63|65|67|69|71,1,1,0,HQ,45,3,CNSHA,
medium,453307,IF,CNSHA,45,79,69,79-SB06,61|63|65|67|69|71,2,2,0,HQ,45,4,CNSHA,
medium,453307,IZ,CNANJ,40,68,21,68-SB02,13|15|17|19|21|23,1,1,0,HQ,40,2,CNANJ,
medium,453307,IZ,CNCKG,40,68,21,68-SB02,13|15|17|19|21|23,2,2,0,HQ,40,5,CNCKG,
medium,453307,IZ,CNCSX,40,68,21,68-SB02,13|15|17|19|21|23,3,3,0,HQ,40,3,CNCSX,
medium,453307,IZ,CNNKG,40,68,21,68-SB02,13|15|17|19|21|23,1,1,0,HQ,40,5,CNNKG,
medium,453307,IZ,CNNKG,40,68,21,68-SB02,13|15|17|19|21|23,2,2,0,HQ,40,6,CNNKG,
medium,453307,IZ,CNWUH,40,68,33,68-SB03,25|27|29|31|33|35,6,6,0,HQ,40,5,CNWUH,
medium,453307,IZ,CNWUH,40,68,33,68-SB03,25|27|29|31|33|35,1,1,0,HQ,40,6,CNWUH,
medium,453307,IZ,CNZJG,20,68,05,68-SB01,01|03|05|07|09|11,2,2,0,PQ,20,4,CNZJG,
medium,453307,IZ,CNZJG,40,68,21,68-SB02,13|15|17|19|21|23,1,1,0,HQ,40,5,CNZJG,
medium,453307,T,BEANR,40,22,13,22-SB02,13|15|17|19|21|23,2,2,0,HQ,40,1,BEANR,
medium,453307,T,CAMIS,40,22,13,22-SB02,13|15|17|19|21|23,2,2,0,HQ,40,2,CAMIS,
medium,453307,T,CAMTR,20,53,13,53-SB02,13|15|17|19|21|23,1,1,0,PQ,20,2,CAMTR,
medium,453307,T,CAMTR,40,22,29,22-SB03,25|27|29|31|33|35,1,1,0,HQ,40,1,CAMTR,
medium,453307,T,CAMTR,40,22,29,22-SB03,25|27|29|31|33|35,3,3,0,HQ,40,2,CAMTR,
medium,453307,T,CATOR,20,53,29,53-SB03,25|27|29|31|33|35,1,1,0,PQ,20,2,CATOR,
medium,453307,T,CATOR,20,53,29,53-SB03,25|27|29|31|33|35,4,4,0,PQ,20,3,CATOR,
medium,453307,T,CATOR,20,53,29,53-SB03,25|27|29|31|33|35,5,5,0,PQ,20,4,CATOR,
medium,453307,T,CATOR,40,53,09,53-SB01,01|03|05|07|09|11,2,2,0,HQ,40,2,CATOR,
medium,453307,T,CATOR,40,53,21,53-SB02,13|15|17|19|21|23,1,1,0,HQ,40,1,CATOR,
medium,453307,T,CATOR,40,53,21,53-SB02,13|15|17|19|21|23,2,2,0,HQ,40,3,CATOR,
medium,453307,T,CATOR,40,53,21,53-SB02,13|15|17|19|21|23,1,1,0,HQ,40,4,CATOR,
medium,453307,T,CATOR,40,53,25,53-SB03,25|27|29|31|33|35,1,1,0,PQ,40,2,CATOR,
medium,453307,T,CAVAN,40,22,29,22-SB03,25|27|29|31|33|35,1,1,0,HQ,40,1,CAVAN,
medium,453307,T,CAVAN,40,22,29,22-SB03,25|27|29|31|33|35,2,2,0,HQ,40,2,CAVAN,
medium,453307,T,CAVAN,40,22,29,22-SB03,25|27|29|31|33|35,1,1,0,HQ,40,5,CAVAN,
medium,453307,T,COBUN,20,53,13,53-SB02,13|15|17|19|21|23,2,2,0,PQ,20,1,COBUN,
medium,453307,T,DEHAM,40,22,13,22-SB02,13|15|17|19|21|23,1,1,0,HQ,40,2,DEHAM,
medium,453307,T,DEHAM,40,22,13,22-SB02,13|15|17|19|21|23,1,1,0,HQ,40,3,DEHAM,
medium,453307,T,DOCAU,40,62,21,62-SB01,17|21|23|27|37|39,1,1,0,HQ,40,5,DOCAU,
medium,453307,T,ECPSJ,20,53,13,53-SB02,13|15|17|19|21|23,1,1,0,PQ,20,1,ECPSJ,
medium,453307,T,ECPSJ,20,53,13,53-SB02,13|15|17|19|21|23,1,1,0,PQ,20,2,ECPSJ,
medium,453307,T,GTPRQ,40,22,25,22-SB03,25|27|29|31|33|35,3,3,0,HQ,40,4,GTPRQ,
medium,453307,T,HKHKG,20,53,13,53-SB02,13|15|17|19|21|23,1,1,0,PQ,20,2,HKHKG,
medium,453307,T,HKHKG,40,22,13,22-SB02,13|15|17|19|21|23,1,1,0,HQ,40,3,HKHKG,
medium,453307,T,HKHKG,40,22,13,22-SB02,13|15|17|19|21|23,1,1,0,HQ,40,5,HKHKG,
medium,453307,T,IDJKT,20,53,13,53-SB02,13|15|17|19|21|23,1,1,0,PQ,20,1,IDJKT,
medium,453307,T,ITGOA,20,53,41,53-SB04,37|39|41|43|45|47,12,12,0,PQ,20,5,ITGOA,
medium,453307,T,ITSPE,40,22,13,22-SB02,13|15|17|19|21|23,2,2,0,HQ,40,4,ITSPE,
medium,453307,T,JPHKT,20,53,13,53-SB02,13|15|17|19|21|23,1,1,0,PQ,20,4,JPHKT,
medium,453307,T,JPHKT,40,53,05,53-SB01,01|03|05|07|09|11,2,2,0,HQ,40,4,JPHKT,
medium,453307,T,JPHKT,40,53,05,53-SB01,01|03|05|07|09|11,3,3,0,HQ,40,5,JPHKT,
medium,453307,T,JPNAH,40,22,13,22-SB02,13|15|17|19|21|23,2,2,0,HQ,40,5,JPNAH,
medium,453307,T,JPNGO,20,53,25,53-SB03,25|27|29|31|33|35,1,1,0,PQ,20,1,JPNGO,
medium,453307,T,JPNGO,20,53,25,53-SB03,25|27|29|31|33|35,2,2,0,PQ,20,2,JPNGO,
medium,453307,T,JPNGO,20,53,25,53-SB03,25|27|29|31|33|35,2,2,0,PQ,20,4,JPNGO,
medium,453307,T,JPNGO,40,75,01,75-SB01,01|03|05|07|09|11,1,1,0,HQ,40,2,JPNGO,
medium,453307,T,JPNGO,40,75,01,75-SB01,01|03|05|07|09|11,7,7,0,HQ,40,5,JPNGO,
medium,453307,T,JPNGO,40,75,25,75-SB03,25|27|29|31|33|35,17,17,0,HQ,40,5,JPNGO,
medium,453307,T,JPOSA,40,75,01,75-SB01,01|03|05|07|09|11,3,3,0,HQ,40,5,JPOSA,
medium,453307,T,JPOSA,40,75,69,75-SB06,61|63|65|67|69|71,21,21,0,HQ,40,5,JPOSA,
medium,453307,T,JPSEN,40,53,09,53-SB01,01|03|05|07|09|11,5,5,0,HQ,40,5,JPSEN,
medium,453307,T,JPSMZ,40,22,29,22-SB03,25|27|29|31|33|35,1,1,0,HQ,40,1,JPSMZ,
medium,453307,T,JPSMZ,40,22,29,22-SB03,25|27|29|31|33|35,2,2,0,HQ,40,4,JPSMZ,
medium,453307,T,JPSMZ,40,53,01,53-SB01,01|03|05|07|09|11,1,1,0,HQ,40,5,JPSMZ,
medium,453307,T,JPTYO,20,53,27,53-SB03,25|27|29|31|33|35,7,7,0,PQ,20,1,JPTYO,
medium,453307,T,JPTYO,20,53,27,53-SB03,25|27|29|31|33|35,1,1,0,PQ,20,2,JPTYO,
medium,453307,T,JPTYO,40,2A,05,2A-SB01,01|03|05|07|09|11,1,1,0,HQ,40,4,JPTYO,
medium,453307,T,JPTYO,40,2A,05,2A-SB01,01|03|05|07|09|11,1,1,0,HQ,40,5,JPTYO,
medium,453307,T,JPTYO,40,2A,13,2A-SB02,13|15|17|19|21|23,23,23,0,HQ,40,5,JPTYO,
medium,453307,T,JPTYO,40,2A,17,2A-SB02,13|15|17|19|21|23,1,1,0,HQ,40,2,JPTYO,
medium,453307,T,JPTYO,40,2A,17,2A-SB02,13|15|17|19|21|23,15,15,0,HQ,40,4,JPTYO,
medium,453307,T,JPTYO,40,2A,21,2A-SB02,13|15|17|19|21|23,3,3,0,HQ,40,1,JPTYO,
medium,453307,T,JPTYO,40,2A,21,2A-SB02,13|15|17|19|21|23,3,3,0,HQ,40,2,JPTYO,
medium,453307,T,JPTYO,40,2A,21,2A-SB02,13|15|17|19|21|23,2,2,0,HQ,40,3,JPTYO,
medium,453307,T,JPTYO,40,64,37,64-SB04,37|39|41|43|45|47,1,1,0,PQ,40,4,JPTYO,
medium,453307,T,JPUKB,20,53,25,53-SB03,25|27|29|31|33|35,3,3,0,PQ,20,4,JPUKB,
medium,453307,T,JPUKB,20,53,43,53-SB04,37|39|41|43|45|47,8,8,0,PQ,20,5,JPUKB,
medium,453307,T,JPUKB,20,53,51,53-SB05,49|51|53|55|57|59,2,2,0,PQ,20,1,JPUKB,
medium,453307,T,JPUKB,40,29,13,29-SB02,13|15|17|19|21|23,1,1,0,HQ,40,5,JPUKB,
medium,453307,T,JPUKB,40,29,33,29-SB03,25|27|29|31|33|35,2,2,0,HQ,40,2,JPUKB,
medium,453307,T,JPUKB,40,29,33,29-SB03,25|27|29|31|33|35,3,3,0,HQ,40,3,JPUKB,
medium,453307,T,JPUKB,40,29,33,29-SB03,25|27|29|31|33|35,7,7,0,HQ,40,5,JPUKB,
medium,453307,T,JPUKB,40,29,53,29-SB05,49|51|53|55|57|59,18,18,0,HQ,40,4,JPUKB,
medium,453307,T,JPYOK,20,53,15,53-SB02,13|15|17|19|21|23,1,1,0,PQ,20,1,JPYOK,
medium,453307,T,JPYOK,20,53,15,53-SB02,13|15|17|19|21|23,1,1,0,PQ,20,3,JPYOK,
medium,453307,T,JPYOK,40,2A,45,2A-SB04,37|39|41|43|45|47,3,3,0,HQ,40,2,JPYOK,
medium,453307,T,JPYOK,40,2A,45,2A-SB04,37|39|41|43|45|47,9,9,0,HQ,40,5,JPYOK,
medium,453307,T,JPYOK,40,2A,49,2A-SB05,49|51|53|55|57|59,4,4,0,HQ,40,2,JPYOK,
medium,453307,T,JPYOK,40,2A,49,2A-SB05,49|51|53|55|57|59,2,2,0,HQ,40,3,JPYOK,
medium,453307,T,JPYOK,40,2A,53,2A-SB05,49|51|53|55|57|59,3,3,0,HQ,40,1,JPYOK,
medium,453307,T,JPYOK,40,2A,53,2A-SB05,49|51|53|55|57|59,4,4,0,HQ,40,3,JPYOK,
medium,453307,T,JPYOK,40,2A,53,2A-SB05,49|51|53|55|57|59,2,2,0,HQ,40,4,JPYOK,
medium,453307,T,KRINC,20,53,13,53-SB02,13|15|17|19|21|23,1,1,0,PQ,20,3,KRINC,
medium,453307,T,KRINC,40,72,63,,,1,1,0,HQ,40,5,KRINC,
medium,453307,T,KRKWU,40,22,25,22-SB03,25|27|29|31|33|35,3,3,0,HQ,40,5,KRKWU,
medium,453307,T,KRPUS,20,64,09,64-SB01,01|03|05|07|09|11,2,2,0,PQ,20,3,KRPUS,
medium,453307,T,KRPUS,20,64,19,64-SB02,13|15|17|19|21|23,5,5,0,PQ,20,2,KRPUS,
medium,453307,T,KRPUS,20,64,19,64-SB02,13|15|17|19|21|23,5,5,0,PQ,20,4,KRPUS,
medium,453307,T,KRPUS,20,64,19,64-SB02,13|15|17|19|21|23,1,1,0,PQ,20,5,KRPUS,
medium,453307,T,KRPUS,20,64,39,64-SB04,37|39|41|43|45|47,1,1,0,PQ,20,3,KRPUS,
medium,453307,T,KRPUS,20,64,39,64-SB04,37|39|41|43|45|47,4,4,0,PQ,20,5,KRPUS,
medium,453307,T,KRPUS,20,64,51,64-SB05,49|51|53|55|57|59,14,14,0,PQ,20,1,KRPUS,
medium,453307,T,KRPUS,20,64,51,64-SB05,49|51|53|55|57|59,1,1,0,PQ,20,4,KRPUS,
medium,453307,T,KRPUS,40,75,09,75-SB01,01|03|05|07|09|11,5,5,0,HQ,40,4,KRPUS,
medium,453307,T,KRPUS,40,75,09,75-SB01,01|03|05|07|09|11,4,4,0,HQ,40,5,KRPUS,
medium,453307,T,KRPUS,40,75,17,75-SB02,13|15|17|19|21|23,1,1,0,HQ,40,2,KRPUS,
medium,453307,T,KRPUS,40,75,21,75-SB02,13|15|17|19|21|23,2,2,0,HQ,40,1,KRPUS,
medium,453307,T,KRPUS,40,75,21,75-SB02,13|15|17|19|21|23,2,2,0,HQ,40,3,KRPUS,
medium,453307,T,KRPUS,40,75,29,75-SB03,25|27|29|31|33|35,11,11,0,HQ,40,5,KRPUS,
medium,453307,T,KRPUS,40,75,33,75-SB03,25|27|29|31|33|35,1,1,0,PQ,40,3,KRPUS,
medium,453307,T,KRPUS,40,75,33,75-SB03,25|27|29|31|33|35,9,9,0,PQ,40,4,KRPUS,
medium,453307,T,KRPUS,40,75,37,75-SB04,37|39|41|43|45|47,11,11,0,HQ,40,5,KRPUS,
medium,453307,T,KRPUS,40,75,41,75-SB04,37|39|41|43|45|47,10,10,0,HQ,40,4,KRPUS,
medium,453307,T,KRPUS,40,75,45,75-SB04,37|39|41|43|45|47,11,11,0,HQ,40,5,KRPUS,
medium,453307,T,KRPUS,40,75,49,75-SB05,49|51|53|55|57|59,12,12,0,HQ,40,5,KRPUS,
medium,453307,T,KRPUS,40,75,57,75-SB05,49|51|53|55|57|59,2,2,0,HQ,40,1,KRPUS,
medium,453307,T,KRPUS,40,75,57,75-SB05,49|51|53|55|57|59,6,6,0,HQ,40,4,KRPUS,
medium,453307,T,KRPUS,40,75,65,75-SB06,61|63|65|67|69|71,13,13,0,HQ,40,5,KRPUS,
medium,453307,T,KRPUS,45,22,61,,,1,1,0,HQ,45,5,KRPUS,
medium,453307,T,KRYNG,40,22,25,22-SB03,25|27|29|31|33|35,3,3,0,HQ,40,5,KRYNG,
medium,453307,T,MIXED,20,53,49,53-SB05,49|51|53|55|57|59,1,1,0,PQ,20,1,,453547
medium,453307,T,MIXED,20,53,49,53-SB05,49|51|53|55|57|59,1,1,0,PQ,20,3,,453374
medium,453307,T,MIXED,20,53,49,53-SB05,49|51|53|55|57|59,9,9,0,PQ,20,4,,453338
medium,453307,T,MIXED,20,53,49,53-SB05,49|51|53|55|57|59,1,1,0,PQ,20,4,,453352
medium,453307,T,MIXED,40,53,21,53-SB02,13|15|17|19|21|23,2,2,0,HQ,40,1,,453338
medium,453307,T,MIXED,40,53,45,53-SB04,37|39|41|43|45|47,1,1,0,HQ,40,1,,453250
medium,453307,T,MIXED,40,53,45,53-SB04,37|39|41|43|45|47,2,2,0,HQ,40,2,,453250
medium,453307,T,MIXED,40,53,45,53-SB04,37|39|41|43|45|47,1,1,0,HQ,40,2,,453338
medium,453307,T,MIXED,40,53,45,53-SB04,37|39|41|43|45|47,1,1,0,HQ,40,4,,453250
medium,453307,T,MXLZC,20,53,15,53-SB02,13|15|17|19|21|23,2,2,0,PQ,20,4,MXLZC,
medium,453307,T,MXLZC,20,53,15,53-SB02,13|15|17|19|21|23,1,1,0,PQ,20,5,MXLZC,
medium,453307,T,MXZLO,40,53,01,53-SB01,01|03|05|07|09|11,1,1,0,HQ,40,3,MXZLO,
medium,453307,T,MXZLO,40,53,01,53-SB01,01|03|05|07|09|11,1,1,0,HQ,40,4,MXZLO,
medium,453307,T,MXZLO,40,53,01,53-SB01,01|03|05|07|09|11,2,2,0,HQ,40,5,MXZLO,
medium,453307,T,NZNPE,20,53,13,53-SB02,13|15|17|19|21|23,1,1,0,PQ,20,3,NZNPE,
medium,453307,T,PECLL,20,53,15,53-SB02,13|15|17|19|21|23,2,2,0,PQ,20,1,PECLL,
medium,453307,T,PECLL,40,53,01,53-SB01,01|03|05|07|09|11,3,3,0,HQ,40,2,PECLL,
medium,453307,T,PECLL,40,53,01,53-SB01,01|03|05|07|09|11,1,1,0,HQ,40,5,PECLL,
medium,453307,T,SVAQJ,20,53,13,53-SB02,13|15|17|19|21|23,1,1,0,PQ,20,5,SVAQJ,
medium,453307,T,TWKEL,20,53,15,53-SB02,13|15|17|19|21|23,2,2,0,PQ,20,3,TWKEL,
medium,453307,T,TWKEL,40,64,05,64-SB01,01|03|05|07|09|11,3,3,0,HQ,40,1,TWKEL,
medium,453307,T,TWKEL,40,64,05,64-SB01,01|03|05|07|09|11,3,3,0,HQ,40,2,TWKEL,
medium,453307,T,TWKEL,40,64,05,64-SB01,01|03|05|07|09|11,1,1,0,HQ,40,3,TWKEL,
medium,453307,T,TWKEL,40,64,25,64-SB03,25|27|29|31|33|35,1,1,0,HQ,40,4,TWKEL,
medium,453307,T,TWKEL,40,64,37,64-SB04,37|39|41|43|45|47,1,1,0,PQ,40,5,TWKEL,
medium,453307,T,TWKEL,40,64,69,64-SB06,61|63|65|67|69|71,4,4,0,HQ,40,2,TWKEL,
medium,453307,T,TWKEL,40,64,69,64-SB06,61|63|65|67|69|71,12,12,0,HQ,40,5,TWKEL,
medium,453307,T,USBOS,20,53,15,53-SB02,13|15|17|19|21|23,3,3,0,PQ,20,1,USBOS,
medium,453307,T,USBOS,40,64,01,64-SB01,01|03|05|07|09|11,7,7,0,HQ,40,1,USBOS,
medium,453307,T,USBOS,40,64,01,64-SB01,01|03|05|07|09|11,4,4,0,HQ,40,2,USBOS,
medium,453307,T,USBOS,40,64,01,64-SB01,01|03|05|07|09|11,3,3,0,HQ,40,4,USBOS,
medium,453307,T,USBOS,40,64,05,64-SB01,01|03|05|07|09|11,2,2,0,HQ,40,3,USBOS,
medium,453307,T,USBOS,40,64,05,64-SB01,01|03|05|07|09|11,1,1,0,HQ,40,4,USBOS,
medium,453307,T,USBOS,40,64,37,64-SB04,37|39|41|43|45|47,1,1,0,PQ,40,3,USBOS,
medium,453307,T,USCHI,20,53,31,53-SB03,25|27|29|31|33|35,10,10,0,PQ,20,4,USCHI,
medium,453307,T,USCHI,40,53,17,53-SB02,13|15|17|19|21|23,1,1,0,HQ,40,3,USCHI,
medium,453307,T,USCHI,40,53,45,53-SB04,37|39|41|43|45|47,8,8,0,HQ,40,4,USCHI,
medium,453307,T,USCHS,20,53,27,53-SB03,25|27|29|31|33|35,8,8,0,PQ,20,5,USCHS,
medium,453307,T,USCHS,40,53,17,53-SB02,13|15|17|19|21|23,1,1,0,HQ,40,2,USCHS,
medium,453307,T,USCHS,40,53,17,53-SB02,13|15|17|19|21|23,2,2,0,HQ,40,3,USCHS,
medium,453307,T,USCHS,40,53,17,53-SB02,13|15|17|19|21|23,3,3,0,HQ,40,5,USCHS,
medium,453307,T,USHOU,20,53,13,53-SB02,13|15|17|19|21|23,1,1,0,PQ,20,2,USHOU,
medium,453307,T,USHOU,40,22,13,22-SB02,13|15|17|19|21|23,2,2,0,HQ,40,4,USHOU,
medium,453307,T,USILM,20,53,13,53-SB02,13|15|17|19|21|23,1,1,0,PQ,20,1,USILM,
medium,453307,T,USJOT,20,53,15,53-SB02,13|15|17|19|21|23,2,2,0,PQ,20,3,USJOT,
medium,453307,T,USJOT,40,22,13,22-SB02,13|15|17|19|21|23,1,1,0,HQ,40,3,USJOT,
medium,453307,T,USJOT,40,22,17,22-SB02,13|15|17|19|21|23,1,1,0,HQ,40,4,USJOT,
medium,453307,T,USLAX,20,53,29,53-SB03,25|27|29|31|33|35,1,1,0,PQ,20,1,USLAX,
medium,453307,T,USLAX,20,53,41,53-SB04,37|39|41|43|45|47,1,1,0,PQ,20,1,USLAX,
medium,453307,T,USLAX,20,53,49,53-SB05,49|51|53|55|57|59,1,1,0,PQ,20,1,USLAX,
medium,453307,T,USLAX,20,53,51,53-SB05,49|51|53|55|57|59,12,12,0,PQ,20,4,USLAX,
medium,453307,T,USLAX,20,53,57,53-SB05,49|51|53|55|57|59,6,6,0,PQ,20,4,USLAX,
medium,453307,T,USLAX,20,64,09,64-SB01,01|03|05|07|09|11,1,1,0,PQ,20,1,USLAX,
medium,453307,T,USLAX,20,64,09,64-SB01,01|03|05|07|09|11,2,2,0,PQ,20,3,USLAX,
medium,453307,T,USLAX,40,22,29,22-SB03,25|27|29|31|33|35,5,5,0,HQ,40,2,USLAX,
medium,453307,T,USLAX,40,22,29,22-SB03,25|27|29|31|33|35,3,3,0,HQ,40,5,USLAX,
medium,453307,T,USLAX,40,22,41,22-SB04,37|39|41|43|45|47,17,17,0,HQ,40,1,USLAX,
medium,453307,T,USLAX,40,22,45,22-SB04,37|39|41|43|45|47,7,7,0,HQ,40,2,USLAX,
medium,453307,T,USLAX,40,22,53,22-SB05,49|51|53|55|57|59,2,2,0,HQ,40,5,USLAX,
medium,453307,T,USLAX,40,22,53,22-SB05,49|51|53|55|57|59,1,1,0,HQ,40,6,USLAX,
medium,453307,T,USLAX,40,53,01,53-SB01,01|03|05|07|09|11,2,2,0,HQ,40,3,USLAX,
medium,453307,T,USLAX,40,64,25,64-SB03,25|27|29|31|33|35,2,2,0,HQ,40,3,USLAX,
medium,453307,T,USLAX,40,64,25,64-SB03,25|27|29|31|33|35,2,2,0,HQ,40,4,USLAX,
medium,453307,T,USLAX,40,64,29,64-SB03,25|27|29|31|33|35,7,7,0,HQ,40,4,USLAX,
medium,453307,T,USLAX,40,64,33,64-SB03,25|27|29|31|33|35,7,7,0,HQ,40,3,USLAX,
medium,453307,T,USLAX,40,64,45,64-SB04,37|39|41|43|45|47,8,8,0,HQ,40,4,USLAX,
medium,453307,T,USLAX,40,64,61,64-SB06,61|63|65|67|69|71,3,3,0,HQ,40,3,USLAX,
medium,453307,T,USLAX,40,64,65,64-SB06,61|63|65|67|69|71,4,4,0,HQ,40,3,USLAX,
medium,453307,T,USLAX,40,75,13,75-SB02,13|15|17|19|21|23,13,13,0,HQ,40,4,USLAX,
medium,453307,T,USMEM,40,22,33,22-SB03,25|27|29|31|33|35,2,2,0,PQ,40,3,USMEM,
medium,453307,T,USMIA,20,53,25,53-SB03,25|27|29|31|33|35,4,4,0,PQ,20,4,USMIA,
medium,453307,T,USMIA,20,53,25,53-SB03,25|27|29|31|33|35,1,1,0,PQ,20,5,USMIA,
medium,453307,T,USMOB,40,73,65,,,1,1,0,HQ,40,3,USMOB,
medium,453307,T,USMSY,40,75,17,75-SB02,13|15|17|19|21|23,17,17,0,HQ,40,4,USMSY,
medium,453307,T,USOAK,40,53,21,53-SB02,13|15|17|19|21|23,3,3,0,HQ,40,1,USOAK,
medium,453307,T,USOAK,40,53,21,53-SB02,13|15|17|19|21|23,1,1,0,HQ,40,2,USOAK,
medium,453307,T,USOAK,40,53,21,53-SB02,13|15|17|19|21|23,1,1,0,HQ,40,4,USOAK,
medium,453307,T,USOAK,40,53,25,53-SB03,25|27|29|31|33|35,1,1,0,PQ,40,1,USOAK,
medium,453307,T,USTIW,20,53,25,53-SB03,25|27|29|31|33|35,1,1,0,PQ,20,3,USTIW,
medium,453307,T,USTIW,20,53,25,53-SB03,25|27|29|31|33|35,2,2,0,PQ,20,5,USTIW,
medium,453307,T,USTIW,40,2A,33,2A-SB03,25|27|29|31|33|35,10,10,0,HQ,40,1,USTIW,
medium,453307,T,USTIW,40,2A,33,2A-SB03,25|27|29|31|33|35,3,3,0,HQ,40,5,USTIW,
medium,453307,T,USTIW,40,2A,41,2A-SB04,37|39|41|43|45|47,1,1,0,HQ,40,2,USTIW,
medium,453307,T,USTIW,40,2A,41,2A-SB04,37|39|41|43|45|47,5,5,0,HQ,40,4,USTIW,
medium,453307,T,USTIW,40,2A,41,2A-SB04,37|39|41|43|45|47,4,4,0,HQ,40,5,USTIW,
medium,453307,T,USTIW,40,2A,45,2A-SB04,37|39|41|43|45|47,3,3,0,HQ,40,2,USTIW,
medium,453307,T,USTIW,40,2A,45,2A-SB04,37|39|41|43|45|47,2,2,0,HQ,40,3,USTIW,
medium,453307,T,USTPA,40,53,01,53-SB01,01|03|05|07|09|11,2,2,0,HQ,40,2,USTPA,
medium,453307,T,USTPA,40,53,05,53-SB01,01|03|05|07|09|11,2,2,0,HQ,40,4,USTPA,
medium,453307,T,ZZOP1,20,53,13,53-SB02,13|15|17|19|21|23,1,1,0,PQ,20,1,ZZOP1,
medium,453307,T,ZZOPT,40,22,17,22-SB02,13|15|17|19|21|23,1,1,0,HQ,40,5,ZZOPT,
medium,453307,T,ZZOPT,40,22,17,22-SB02,13|15|17|19|21|23,1,1,0,HQ,40,6,ZZOPT,
medium,453308,OF,ESBCN,20,59,09,59-SB01,01|03|05|07|09|11,1,1,0,PQ,20,1,ESBCN,
medium,453308,OF,ESBCN,20,59,55,59-SB05,49|51|53|55|57|59,5,5,0,PQ,20,3,ESBCN,
medium,453308,OF,ESBCN,20,59,55,59-SB05,49|51|53|55|57|59,11,11,0,PQ,20,4,ESBCN,
medium,453308,OF,ESBCN,20,59,55,59-SB05,49|51|53|55|57|59,5,5,0,PQ,20,5,ESBCN,
medium,453308,OF,ESBCN,40,59,41,59-SB04,37|39|41|43|45|47,4,4,0,HQ,40,3,ESBCN,
medium,453308,OF,ESBCN,40,59,41,59-SB04,37|39|41|43|45|47,1,1,0,HQ,40,4,ESBCN,
medium,453308,OF,ESVLC,20,29,49,29-SB05,49|51|53|55|57|59,4,4,0,PQ,20,5,ESVLC,
medium,453308,OF,ESVLC,20,29,51,29-SB05,49|51|53|55|57|59,2,2,0,PQ,20,3,ESVLC,
medium,453308,OF,ESVLC,20,29,51,29-SB05,49|51|53|55|57|59,1,1,0,PQ,20,4,ESVLC,
medium,453308,OF,ESVLC,20,29,51,29-SB05,49|51|53|55|57|59,1,1,0,PQ,20,5,ESVLC,
medium,453308,OF,ESVLC,20,29,57,29-SB05,49|51|53|55|57|59,11,11,0,PQ,20,5,ESVLC,
medium,453308,OF,ESVLC,20,29,59,29-SB05,49|51|53|55|57|59,11,11,0,PQ,20,5,ESVLC,
medium,453308,OF,ESVLC,40,59,25,59-SB03,25|27|29|31|33|35,1,1,0,HQ,40,4,ESVLC,
medium,453308,OF,ESVLC,40,59,37,59-SB04,37|39|41|43|45|47,3,3,0,HQ,40,5,ESVLC,
medium,453308,OF,ESVLC,40,59,45,59-SB04,37|39|41|43|45|47,1,1,0,HQ,40,2,ESVLC,
medium,453308,OF,ITGOA,20,59,31,59-SB03,25|27|29|31|33|35,2,2,0,PQ,20,3,ITGOA,
medium,453308,OF,ITGOA,20,59,31,59-SB03,25|27|29|31|33|35,5,5,0,PQ,20,4,ITGOA,
medium,453308,OF,ITGOA,20,59,53,59-SB05,49|51|53|55|57|59,1,1,0,PQ,20,2,ITGOA,
medium,453308,OF,ITGOA,20,59,53,59-SB05,49|51|53|55|57|59,5,5,0,PQ,20,5,ITGOA,
medium,453308,OF,ITGOA,40,59,49,59-SB05,49|51|53|55|57|59,1,1,0,HQ,40,2,ITGOA,
medium,453308,OF,ITGOA,40,59,49,59-SB05,49|51|53|55|57|59,1,1,0,HQ,40,4,ITGOA,
medium,453308,OF,ITGOA,40,59,49,59-SB05,49|51|53|55|57|59,2,2,0,HQ,40,5,ITGOA,
medium,453308,OF,ITGOA,40,59,53,59-SB05,49|51|53|55|57|59,2,2,0,PQ,40,5,ITGOA,
medium,453308,OF,ITSPE,20,59,19,59-SB02,13|15|17|19|21|23,1,1,0,PQ,20,4,ITSPE,
medium,453308,OF,ITSPE,40,59,25,59-SB03,25|27|29|31|33|35,1,1,0,HQ,40,1,ITSPE,
medium,453308,OF,ITSPE,40,59,33,59-SB03,25|27|29|31|33|35,1,1,0,PQ,40,5,ITSPE,
medium,453308,OF,MAMED,20,59,19,59-SB02,13|15|17|19|21|23,2,2,0,PQ,20,4,MAMED,
medium,453308,OF,MAMED,40,59,25,59-SB03,25|27|29|31|33|35,1,1,0,HQ,40,3,MAMED,
medium,453308,OF,MYTPP,20,29,17,29-SB02,13|15|17|19|21|23,14,14,0,PQ,20,5,MYTPP,
medium,453308,OF,MYTPP,20,29,19,29-SB02,13|15|17|19|21|23,7,7,0,PQ,20,4,MYTPP,
medium,453308,OF,MYTPP,20,29,21,29-SB02,13|15|17|19|21|23,2,2,0,PQ,20,2,MYTPP,
medium,453308,OF,MYTPP,20,29,21,29-SB02,13|15|17|19|21|23,2,2,0,PQ,20,3,MYTPP,
medium,453308,OF,MYTPP,40,59,49,59-SB05,49|51|53|55|57|59,2,2,0,HQ,40,3,MYTPP,
medium,453308,OF,MYTPP,40,59,49,59-SB05,49|51|53|55|57|59,2,2,0,HQ,40,4,MYTPP,
medium,453308,OF,MYTPP,40,59,49,59-SB05,49|51|53|55|57|59,2,2,0,HQ,40,5,MYTPP,
medium,453308,OF,MYTPP,40,59,57,59-SB05,49|51|53|55|57|59,1,1,0,HQ,40,1,MYTPP,
medium,453308,OF,MYTPP,40,59,57,59-SB05,49|51|53|55|57|59,1,1,0,HQ,40,2,MYTPP,
medium,453324,OF,USLAX,20,3B,09,3B-SB01,05|07|09|11|13|15,1,1,0,PQ,20,2,USLAX,
medium,453324,OF,USLAX,20,3B,09,3B-SB01,05|07|09|11|13|15,1,1,0,PQ,20,3,USLAX,
medium,453324,OF,USLAX,40,38,05,38-SB01,05|07|09|11|13|15,3,3,0,HQ,40,1,USLAX,
medium,453324,OF,USLAX,40,38,05,38-SB01,05|07|09|11|13|15,3,3,0,HQ,40,4,USLAX,
medium,453324,OF,USLAX,40,38,61,,,1,1,0,HQ,40,2,USLAX,
medium,453324,OF,USLAX,40,3B,05,3B-SB01,05|07|09|11|13|15,2,2,0,PQ,40,1,USLAX,
medium,453324,OF,USLSA,40,38,61,,,1,1,0,HQ,40,2,USLSA,
medium,453324,OF,USLSA,40,38,61,,,1,1,0,HQ,40,5,USLSA,
medium,453324,OF,USPS2,40,3B,05,3B-SB01,05|07|09|11|13|15,1,1,0,PQ,40,1,USPS2,
medium,453352,OF,JPNGO,20,5B,03,5B-SB01,01|03|05|07|09|11,4,0,4,MIXED,MIXED,MIXED,MIXED,
medium,453352,OF,JPNGO,40,5B,09,5B-SB01,01|03|05|07|09|11,1,1,0,HQ,40,1,JPNGO,
medium,453352,OF,JPNGO,40,5B,09,5B-SB01,01|03|05|07|09|11,1,1,0,HQ,40,2,JPNGO,
medium,453352,OF,JPNGO,40,5B,09,5B-SB01,01|03|05|07|09|11,4,4,0,HQ,40,3,JPNGO,
medium,453352,OF,JPNGO,40,5B,09,5B-SB01,01|03|05|07|09|11,2,2,0,HQ,40,4,JPNGO,
medium,453352,OF,JPUKB,20,5B,03,5B-SB01,01|03|05|07|09|11,4,0,4,MIXED,MIXED,MIXED,MIXED,
medium,453352,OF,JPUKB,40,5A,57,5A-SB05,49|51|53|55|57|59,26,0,26,MIXED,MIXED,MIXED,MIXED,
medium,453352,OF,JPUKB,40,5A,61,5A-SB06,61|63|65|67|69|71,10,0,10,MIXED,MIXED,MIXED,MIXED,
medium,453352,OF,JPUKB,40,5A,65,5A-SB06,61|63|65|67|69|71,2,2,0,HQ,40,2,JPUKB,
medium,453352,OF,JPUKB,40,5A,65,5A-SB06,61|63|65|67|69|71,1,1,0,HQ,40,3,JPUKB,
medium,453356,OF,USCHS,20,38,15,38-SB01,05|07|09|11|13|15,1,1,0,PQ,20,1,USCHS,
medium,453356,OF,USCHS,20,38,15,38-SB01,05|07|09|11|13|15,2,2,0,PQ,20,4,USCHS,
medium,453356,OF,USNYC,20,19,15,19-SB01,01|03|05|15|17|19,2,0,2,MIXED,MIXED,MIXED,MIXED,
medium,453356,OF,USNYC,40,38,61,,,2,2,0,HQ,40,5,USNYC,
medium,453356,OF,USNYC,40,3A,05,3A-SB01,05|07|09|11|13|15,1,1,0,PQ,40,4,USNYC,
medium,453356,OF,USSA3,20,39,11,39-SB01,09|11|23|25|27|37,1,0,1,MIXED,MIXED,MIXED,MIXED,
medium,453356,OF,USSA3,40,3A,05,3A-SB01,05|07|09|11|13|15,1,1,0,PQ,40,4,USSA3,
medium,453356,OF,USSAV,20,28,03,28-SB01,01|03|05|07|13|15,4,4,0,PQ,20,4,USSAV,
medium,453356,OF,USSAV,20,28,05,28-SB01,01|03|05|07|13|15,1,0,1,MIXED,MIXED,MIXED,MIXED,
medium,453388,OF,CAVA2,20,28,23,28-SB02,17|19|21|23|25|27,9,9,0,PQ,20,1,CAVA2,
medium,453388,OF,CAVA2,20,28,23,28-SB02,17|19|21|23|25|27,9,9,0,PQ,20,3,CAVA2,
medium,453388,OF,CAVA2,20,28,23,28-SB02,17|19|21|23|25|27,2,2,0,PQ,20,4,CAVA2,
medium,453388,OF,CAVA2,40,4B,01,4B-SB01,01|03|05|07|09|11,1,1,0,HQ,40,1,CAVA2,
medium,453388,OF,CAVA2,40,4B,01,4B-SB01,01|03|05|07|09|11,4,4,0,HQ,40,5,CAVA2,
medium,453388,OF,CAVA2,40,4B,05,4B-SB01,01|03|05|07|09|11,1,1,0,PQ,40,1,CAVA2,
medium,453388,OF,CAVA2,40,4B,05,4B-SB01,01|03|05|07|09|11,4,4,0,PQ,40,3,CAVA2,
medium,453388,OF,CAVA2,40,69,37,69-SB04,37|39|41|43|45|47,7,7,0,HQ,40,4,CAVA2,
medium,453388,OF,CAVA2,40,69,53,69-SB05,49|51|53|55|57|59,3,3,0,HQ,40,1,CAVA2,
medium,453388,OF,CAVA2,40,69,53,69-SB05,49|51|53|55|57|59,3,3,0,HQ,40,2,CAVA2,
medium,453388,OF,CAVA2,40,69,69,69-SB06,61|63|65|67|69|71,17,17,0,HQ,40,4,CAVA2,
medium,453388,OF,CAVA2,40,89,17,89-SB02,17|19|21|23|25|27,1,1,0,PQ,40,4,CAVA2,
medium,453388,OF,CAVA2,40,89,25,89-SB02,17|19|21|23|25|27,1,1,0,HQ,40,2,CAVA2,
medium,453388,OF,CAVA2,40,89,25,89-SB02,17|19|21|23|25|27,11,11,0,HQ,40,3,CAVA2,
medium,453388,OF,CAVA2,40,89,37,89-SB03,29|31|33|35|37|39,4,4,0,HQ,40,2,CAVA2,
medium,453388,OF,CAVA3,20,28,07,28-SB01,01|03|05|07|13|15,3,3,0,PQ,20,3,CAVA3,
medium,453388,OF,CAVA3,20,28,33,28-SB03,33|35|37|39|45|47,2,2,0,HQ,20,5,CAVA3,
medium,453388,OF,CAVA3,20,49,07,49-SB01,01|03|05|07|09|11,14,14,0,PQ,20,4,CAVA3,
medium,453388,OF,CAVA3,20,49,11,49-SB01,01|03|05|07|09|11,26,26,0,PQ,20,4,CAVA3,
medium,453388,OF,CAVA3,20,49,33,49-SB03,25|27|29|31|33|35,26,26,0,PQ,20,4,CAVA3,
medium,453388,OF,CAVA3,20,49,35,49-SB03,25|27|29|31|33|35,1,1,0,PQ,20,4,CAVA3,
medium,453388,OF,CAVA3,20,69,03,69-SB01,01|03|05|07|09|11,2,2,0,PQ,20,2,CAVA3,
medium,453388,OF,CAVA3,20,89,41,89-SB04,41|43|45|47|49|51,18,18,0,HQ,20,4,CAVA3,
medium,453388,OF,CAVA3,20,89,43,89-SB04,41|43|45|47|49|51,18,18,0,PQ,20,5,CAVA3,
medium,453388,OF,CAVA3,20,89,45,89-SB04,41|43|45|47|49|51,5,5,0,PQ,20,1,CAVA3,
medium,453388,OF,CAVA3,20,89,51,89-SB04,41|43|45|47|49|51,2,2,0,PQ,20,3,CAVA3,
medium,453388,OF,CAVA3,20,89,51,89-SB04,41|43|45|47|49|51,23,23,0,PQ,20,4,CAVA3,
medium,453388,OF,CAVA3,40,49,37,49-SB04,37|39|41|43|45|47,26,26,0,HQ,40,2,CAVA3,
medium,453388,OF,CAVA3,40,4B,13,4B-SB02,13|15|17|19|21|23,9,9,0,HQ,40,4,CAVA3,
medium,453388,OF,CAVA3,40,4B,13,4B-SB02,13|15|17|19|21|23,3,3,0,HQ,40,5,CAVA3,
medium,453388,OF,CAVA3,40,4B,17,4B-SB02,13|15|17|19|21|23,3,3,0,HQ,40,1,CAVA3,
medium,453388,OF,CAVA3,40,4B,17,4B-SB02,13|15|17|19|21|23,9,9,0,HQ,40,4,CAVA3,
medium,453388,OF,CAVA3,40,4B,21,4B-SB02,13|15|17|19|21|23,9,9,0,HQ,40,1,CAVA3,
medium,453388,OF,CAVA3,40,4B,21,4B-SB02,13|15|17|19|21|23,3,3,0,HQ,40,6,CAVA3,
medium,453388,OF,CAVA3,40,4B,37,4B-SB04,37|39|41|43|45|47,26,26,0,HQ,40,5,CAVA3,
medium,453388,OF,CAVA3,40,69,01,69-SB01,01|03|05|07|09|11,2,2,0,PQ,40,1,CAVA3,
medium,453388,OF,CAVA3,40,69,01,69-SB01,01|03|05|07|09|11,3,3,0,PQ,40,4,CAVA3,
medium,453388,OF,CAVA3,40,69,01,69-SB01,01|03|05|07|09|11,1,1,0,PQ,40,5,CAVA3,
medium,453388,OF,CAVA3,40,69,57,69-SB05,49|51|53|55|57|59,17,17,0,HQ,40,3,CAVA3,
medium,453388,OF,CAVA3,40,69,61,69-SB06,61|63|65|67|69|71,13,13,0,HQ,40,2,CAVA3,
medium,453388,OF,CAVAN,20,49,35,49-SB03,25|27|29|31|33|35,1,1,0,PQ,20,2,CAVAN,
medium,453388,OF,CAVAN,20,49,35,49-SB03,25|27|29|31|33|35,1,1,0,PQ,20,5,CAVAN,
medium,453388,OF,CAVAN,20,49,45,49-SB04,37|39|41|43|45|47,22,22,0,PQ,20,4,CAVAN,
medium,453388,OF,CAVAN,20,49,47,49-SB04,37|39|41|43|45|47,2,2,0,PQ,20,1,CAVAN,
medium,453388,OF,CAVAN,20,49,47,49-SB04,37|39|41|43|45|47,7,7,0,PQ,20,3,CAVAN,
medium,453388,OF,CAVAN,20,49,47,49-SB04,37|39|41|43|45|47,12,12,0,PQ,20,4,CAVAN,
medium,453388,OF,CAVAN,20,49,47,49-SB04,37|39|41|43|45|47,1,1,0,PQ,20,5,CAVAN,
medium,453388,OF,CAVAN,40,2B,01,2B-SB01,01|03|05|07|09|11,7,7,0,HQ,40,4,CAVAN,
medium,453388,OF,CAVAN,40,2B,01,2B-SB01,01|03|05|07|09|11,2,2,0,HQ,40,5,CAVAN,
medium,453388,OF,CAVAN,40,2B,05,2B-SB01,01|03|05|07|09|11,2,2,0,HQ,40,6,CAVAN,
medium,453388,OF,CAVAN,40,2B,13,2B-SB02,13|15|21|23|25|27,10,10,0,HQ,40,5,CAVAN,
medium,453388,OF,CAVAN,40,2B,33,2B-SB03,29|31|33|35|37|39,8,8,0,PQ,40,1,CAVAN,
medium,453388,OF,CAVAN,40,2B,53,2B-SB05,53|55|57|59|61|63,15,15,0,HQ,40,2,CAVAN,
medium,453388,OF,CAVAN,40,2B,53,2B-SB05,53|55|57|59|61|63,1,1,0,HQ,40,5,CAVAN,
medium,453388,OF,CAVAN,40,2B,57,2B-SB05,53|55|57|59|61|63,17,17,0,HQ,40,1,CAVAN,
medium,453388,OF,CAVAN,40,4A,37,4A-SB04,37|39|41|43|45|47,2,2,0,HQ,40,3,CAVAN,
medium,453388,OF,CAVAN,40,4A,45,4A-SB04,37|39|41|43|45|47,2,2,0,PQ,40,2,CAVAN,
medium,453388,OF,CAVAN,40,4A,45,4A-SB04,37|39|41|43|45|47,1,1,0,PQ,40,3,CAVAN,
medium,453388,OF,CAVAN,40,69,13,69-SB02,13|15|17|19|21|23,2,2,0,HQ,40,3,CAVAN,
medium,453388,OF,CAVAN,40,69,13,69-SB02,13|15|17|19|21|23,3,3,0,HQ,40,6,CAVAN,
medium,453388,OF,CAVAN,45,28,61,,,6,6,0,HQ,45,1,CAVAN,
medium,453388,OF,CAVAN,45,28,61,,,2,2,0,HQ,45,2,CAVAN,
medium,453388,OF,CAVAN,45,28,61,,,1,1,0,HQ,45,3,CAVAN,
medium,453388,OF,KRPUS,20,69,03,69-SB01,01|03|05|07|09|11,1,1,0,PQ,20,2,KRPUS,
medium,453388,OF,KRPUS,20,69,11,69-SB01,01|03|05|07|09|11,12,0,12,MIXED,MIXED,MIXED,MIXED,
medium,453388,OF,KRPUS,20,69,35,69-SB03,25|27|29|31|33|35,26,0,26,MIXED,MIXED,MIXED,MIXED,
medium,453388,OF,KRPUS,20,69,43,69-SB04,37|39|41|43|45|47,26,0,26,MIXED,MIXED,MIXED,MIXED,
medium,453388,OF,KRPUS,20,69,45,69-SB04,37|39|41|43|45|47,21,0,21,MIXED,MIXED,MIXED,MIXED,
medium,453388,OF,KRPUS,40,49,13,49-SB02,13|15|17|19|21|23,14,0,14,MIXED,MIXED,MIXED,MIXED,
medium,453388,OF,KRPUS,40,49,17,49-SB02,13|15|17|19|21|23,5,0,5,MIXED,MIXED,MIXED,MIXED,
medium,453388,OF,KRPUS,40,49,21,49-SB02,13|15|17|19|21|23,26,0,26,MIXED,MIXED,MIXED,MIXED,
medium,453388,OF,KRPUS,40,49,25,49-SB03,25|27|29|31|33|35,7,0,7,MIXED,MIXED,MIXED,MIXED,
medium,453388,OF,KRPUS,40,49,29,49-SB03,25|27|29|31|33|35,2,2,0,HQ,40,1,KRPUS,
medium,453388,OF,KRPUS,40,49,61,,,7,0,7,MIXED,MIXED,MIXED,MIXED,
medium,453388,OF,KRPUS,40,89,29,89-SB03,29|31|33|35|37|39,18,0,18,MIXED,MIXED,MIXED,MIXED,
medium,453388,OF,KRPUS,40,89,33,89-SB03,29|31|33|35|37|39,14,0,14,MIXED,MIXED,MIXED,MIXED,
medium,453388,OF,KRPUS,40,89,53,89-SB05,53|55|57|59|61|63,9,0,9,MIXED,MIXED,MIXED,MIXED,
medium,453388,OF,KRPUS,40,89,57,89-SB05,53|55|57|59|61|63,19,0,19,MIXED,MIXED,MIXED,MIXED,
medium,453388,OF,KRPUS,40,89,61,89-SB05,53|55|57|59|61|63,14,0,14,MIXED,MIXED,MIXED,MIXED,
medium,453388,OF,KRPUS,40,89,69,,,13,0,13,MIXED,MIXED,MIXED,MIXED,
medium,453388,OF,USTIW,20,28,37,28-SB03,33|35|37|39|45|47,3,3,0,PQ,20,1,USTIW,
medium,453388,OF,USTIW,20,28,37,28-SB03,33|35|37|39|45|47,4,4,0,PQ,20,4,USTIW,
medium,453388,OF,USTIW,20,28,39,28-SB03,33|35|37|39|45|47,2,2,0,PQ,20,2,USTIW,
medium,453388,OF,USTIW,20,28,45,28-SB03,33|35|37|39|45|47,13,0,13,MIXED,MIXED,MIXED,MIXED,
medium,453388,OF,USTIW,40,28,25,28-SB02,17|19|21|23|25|27,1,1,0,HQ,40,2,USTIW,
medium,453388,OF,USTIW,40,2B,21,2B-SB02,13|15|21|23|25|27,13,0,13,MIXED,MIXED,MIXED,MIXED,
medium,453388,OF,USTIW,40,2B,25,2B-SB02,13|15|21|23|25|27,12,12,0,HQ,40,5,USTIW,
medium,453388,OF,USTIW,40,4B,29,4B-SB03,25|27|29|31|33|35,23,23,0,HQ,40,2,USTIW,
medium,453388,OF,USTIW,40,69,01,69-SB01,01|03|05|07|09|11,2,2,0,PQ,40,1,USTIW,
medium,453388,OF,USTIW,40,69,01,69-SB01,01|03|05|07|09|11,1,1,0,PQ,40,2,USTIW,
medium,453388,OF,USTIW,40,69,29,69-SB03,25|27|29|31|33|35,2,2,0,HQ,40,1,USTIW,
medium,453388,OF,USTIW,40,69,29,69-SB03,25|27|29|31|33|35,15,15,0,HQ,40,4,USTIW,
medium,453388,OF,USTIW,40,69,49,69-SB05,49|51|53|55|57|59,18,18,0,HQ,40,3,USTIW,
medium,453388,OF,USTIW,40,69,53,69-SB05,49|51|53|55|57|59,9,9,0,HQ,40,1,USTIW,
medium,453388,OF,USTW1,40,28,13,28-SB01,01|03|05|07|13|15,5,5,0,HQ,40,3,USTW1,
medium,453388,OF,USTW1,40,28,17,28-SB02,17|19|21|23|25|27,3,3,0,HQ,40,1,USTW1,
medium,453388,OF,USTW1,40,28,25,28-SB02,17|19|21|23|25|27,8,8,0,HQ,40,2,USTW1,
medium,453388,OF,USTW1,40,28,33,28-SB03,33|35|37|39|45|47,2,2,0,HQ,40,4,USTW1,
medium,453388,OF,USTW1,40,28,37,28-SB03,33|35|37|39|45|47,1,1,0,PQ,40,1,USTW1,
medium,453388,OF,USTW1,40,28,37,28-SB03,33|35|37|39|45|47,1,1,0,PQ,40,4,USTW1,
medium,453388,OF,USTW2,20,28,03,28-SB01,01|03|05|07|13|15,1,1,0,PQ,20,1,USTW2,
medium,453388,OF,USTW2,20,28,03,28-SB01,01|03|05|07|13|15,1,1,0,PQ,20,2,USTW2,
medium,453388,OF,USTW2,20,28,03,28-SB01,01|03|05|07|13|15,8,8,0,PQ,20,3,USTW2,
medium,453388,OF,USTW2,20,28,05,28-SB01,01|03|05|07|13|15,2,0,2,MIXED,MIXED,MIXED,MIXED,
medium,453388,OF,USTW2,20,28,21,28-SB02,17|19|21|23|25|27,6,6,0,PQ,20,4,USTW2,
medium,453388,OF,USTW2,40,2B,05,2B-SB01,01|03|05|07|09|11,2,2,0,HQ,40,2,USTW2,
medium,453388,OF,USTW2,40,2B,05,2B-SB01,01|03|05|07|09|11,1,1,0,HQ,40,4,USTW2,
medium,453388,OF,USTW2,40,2B,09,2B-SB01,01|03|05|07|09|11,3,3,0,HQ,40,4,USTW2,
medium,453388,OF,USTW2,40,2B,25,2B-SB02,13|15|21|23|25|27,3,3,0,HQ,40,4,USTW2,
medium,453388,OF,USTW2,40,2B,29,2B-SB03,29|31|33|35|37|39,6,6,0,HQ,40,2,USTW2,
medium,453388,OF,USTW2,40,2B,41,2B-SB04,41|43|45|47|49|51,5,5,0,HQ,40,4,USTW2,
medium,453388,OF,USTW2,40,2B,45,2B-SB04,41|43|45|47|49|51,3,3,0,HQ,40,4,USTW2,
medium,453388,OF,USTW2,40,2B,61,2B-SB05,53|55|57|59|61|63,7,7,0,HQ,40,2,USTW2,
medium,453388,OF,USTW2,40,49,41,49-SB04,37|39|41|43|45|47,24,24,0,HQ,40,1,USTW2,
medium,453388,OF,USTW2,40,49,45,49-SB04,37|39|41|43|45|47,2,2,0,PQ,40,1,USTW2,
medium,453388,OF,USTW2,40,49,45,49-SB04,37|39|41|43|45|47,1,1,0,PQ,40,5,USTW2,
medium,453388,OF,USTW2,40,4B,17,4B-SB02,13|15|17|19|21|23,14,14,0,HQ,40,3,USTW2,
medium,453396,OF,DEBRV,20,89,65,,,1,1,0,PQ,20,2,DEBRV,
medium,453396,OF,DEBRV,40,8A,45,8A-SB04,37|39|41|43|45|47,1,1,0,HQ,40,4,DEBRV,
medium,453396,OF,DEBRV,40,8A,45,8A-SB04,37|39|41|43|45|47,17,17,0,HQ,40,5,DEBRV,
medium,453396,OF,DEBRV,40,9B,01,9B-SB01,01|03|05|07|09|11,2,2,0,HQ,40,5,DEBRV,
medium,453396,OF,DEWVN,20,59,09,59-SB01,01|03|05|07|09|11,1,1,0,PQ,20,3,DEWVN,
medium,453396,OF,DEWVN,20,89,13,89-SB01,01|03|05|07|13|15,1,1,0,PQ,20,1,DEWVN,
medium,453396,OF,DEWVN,20,89,13,89-SB01,01|03|05|07|13|15,3,3,0,PQ,20,3,DEWVN,
medium,453396,OF,DEWVN,20,89,15,89-SB01,01|03|05|07|13|15,1,1,0,PQ,20,3,DEWVN,
medium,453396,OF,DEWVN,20,89,15,89-SB01,01|03|05|07|13|15,3,3,0,PQ,20,5,DEWVN,
medium,453396,OF,DEWVN,20,89,17,89-SB02,17|19|21|23|25|27,2,2,0,PQ,20,2,DEWVN,
medium,453396,OF,DEWVN,40,8A,01,8A-SB01,01|03|05|07|09|11,2,2,0,HQ,40,2,DEWVN,
medium,453396,OF,DEWVN,40,8A,01,8A-SB01,01|03|05|07|09|11,4,4,0,HQ,40,3,DEWVN,
medium,453396,OF,DEWVN,40,8A,01,8A-SB01,01|03|05|07|09|11,1,1,0,HQ,40,6,DEWVN,
medium,453396,OF,ESAL1,40,89,69,,,1,0,1,MIXED,MIXED,MIXED,MIXED,
medium,453396,OF,ESALG,20,89,67,,,3,0,3,MIXED,MIXED,MIXED,MIXED,
medium,453396,OF,ESALG,40,8A,25,8A-SB03,25|27|29|31|33|35,10,0,10,MIXED,MIXED,MIXED,MIXED,
medium,453396,OF,GBLGP,20,89,23,89-SB02,17|19|21|23|25|27,11,0,11,MIXED,MIXED,MIXED,MIXED,
medium,453396,OF,GBLGP,40,8A,37,8A-SB04,37|39|41|43|45|47,15,0,15,MIXED,MIXED,MIXED,MIXED,
medium,453396,OF,GBLGP,40,8A,41,8A-SB04,37|39|41|43|45|47,1,0,1,MIXED,MIXED,MIXED,MIXED,
medium,453396,OF,GBLGP,40,8A,65,8A-SB06,61|63|65|67|69|71,17,0,17,MIXED,MIXED,MIXED,MIXED,
medium,453396,OF,MAMED,20,89,67,,,1,0,1,MIXED,MIXED,MIXED,MIXED,
medium,453396,OF,MAMED,40,9B,21,9B-SB02,13|15|17|19|21|23,3,0,3,MIXED,MIXED,MIXED,MIXED,
medium,453396,OF,MAPTM,20,89,07,89-SB01,01|03|05|07|13|15,1,1,0,PQ,20,3,MAPTM,
medium,453396,OF,MAPTM,20,89,07,89-SB01,01|03|05|07|13|15,3,3,0,PQ,20,4,MAPTM,
medium,453396,OF,MAPTM,40,9B,05,9B-SB01,01|03|05|07|09|11,1,1,0,HQ,40,4,MAPTM,
medium,453396,OF,MAPTM,40,9B,05,9B-SB01,01|03|05|07|09|11,1,1,0,HQ,40,6,MAPTM,
medium,453396,OF,MATAT,40,9B,09,9B-SB01,01|03|05|07|09|11,2,2,0,HQ,40,4,MATAT,
medium,453396,OF,MYTPP,20,89,03,89-SB01,01|03|05|07|13|15,1,1,0,PQ,20,1,MYTPP,
medium,453396,OF,MYTPP,20,89,03,89-SB01,01|03|05|07|13|15,1,1,0,PQ,20,4,MYTPP,
medium,453396,OF,MYTPP,40,8A,29,8A-SB03,25|27|29|31|33|35,4,4,0,HQ,40,1,MYTPP,
medium,453396,OF,MYTPP,40,8A,29,8A-SB03,25|27|29|31|33|35,1,1,0,HQ,40,5,MYTPP,
medium,453396,OF,MYTPP,40,8A,29,8A-SB03,25|27|29|31|33|35,5,5,0,HQ,40,6,MYTPP,
medium,453396,OF,MYTPP,40,8A,33,8A-SB03,25|27|29|31|33|35,5,5,0,PQ,40,4,MYTPP,
medium,453396,OF,NLRTM,20,89,05,89-SB01,01|03|05|07|13|15,3,0,3,MIXED,MIXED,MIXED,MIXED,
medium,453396,OF,NLRTM,40,9B,01,9B-SB01,01|03|05|07|09|11,1,1,0,HQ,40,3,NLRTM,
medium,453412,OF,BEANR,40,6B,09,6B-SB01,01|03|05|07|09|11,2,2,0,HQ,40,1,BEANR,
medium,453412,OF,BEANR,40,6B,09,6B-SB01,01|03|05|07|09|11,20,20,0,HQ,40,2,BEANR,
medium,453412,OF,BEANR,40,6B,09,6B-SB01,01|03|05|07|09|11,1,1,0,HQ,40,3,BEANR,
medium,453412,OF,BEANR,40,6B,09,6B-SB01,01|03|05|07|09|11,1,1,0,HQ,40,5,BEANR,
medium,453412,OF,DEBR1,40,49,61,,,1,0,1,MIXED,MIXED,MIXED,MIXED,
medium,453412,OF,DEBRV,20,49,05,49-SB01,01|03|05|07|09|11,5,0,5,MIXED,MIXED,MIXED,MIXED,
medium,453412,OF,DEBRV,40,49,25,49-SB03,25|27|29|31|33|35,1,0,1,MIXED,MIXED,MIXED,MIXED,
medium,453412,OF,DEBRV,40,49,53,49-SB05,49|51|53|55|57|59,24,0,24,MIXED,MIXED,MIXED,MIXED,
medium,453412,OF,DEBRV,40,4B,09,4B-SB01,01|03|05|07|09|11,10,0,10,MIXED,MIXED,MIXED,MIXED,
medium,453412,OF,DEBRV,40,6B,01,6B-SB01,01|03|05|07|09|11,7,0,7,MIXED,MIXED,MIXED,MIXED,
medium,453412,OF,DEBRV,40,6B,05,6B-SB01,01|03|05|07|09|11,15,0,15,MIXED,MIXED,MIXED,MIXED,
medium,453412,OF,DEBRV,40,6B,13,6B-SB02,13|15|17|19|21|23,3,0,3,MIXED,MIXED,MIXED,MIXED,
medium,453412,OF,DEHAM,20,49,35,49-SB03,25|27|29|31|33|35,7,7,0,PQ,20,1,DEHAM,
medium,453412,OF,DEHAM,20,49,35,49-SB03,25|27|29|31|33|35,1,1,0,PQ,20,3,DEHAM,
medium,453412,OF,DEHAM,40,4B,05,4B-SB01,01|03|05|07|09|11,2,2,0,PQ,40,2,DEHAM,
medium,453412,OF,DEHAM,40,4B,13,4B-SB02,13|15|17|19|21|23,5,5,0,HQ,40,4,DEHAM,
medium,453412,OF,DEHAM,40,4B,13,4B-SB02,13|15|17|19|21|23,4,4,0,HQ,40,5,DEHAM,
medium,453412,OF,DEHAM,40,4B,13,4B-SB02,13|15|17|19|21|23,1,1,0,HQ,40,6,DEHAM,
medium,453412,OF,DEHAM,40,6B,17,6B-SB02,13|15|17|19|21|23,10,10,0,HQ,40,1,DEHAM,
medium,453412,OF,DEHAM,40,6B,21,6B-SB02,13|15|17|19|21|23,6,6,0,HQ,40,3,DEHAM,
medium,453412,OF,DEHAM,40,6B,21,6B-SB02,13|15|17|19|21|23,2,2,0,HQ,40,5,DEHAM,
medium,453412,OF,DEHAM,40,6B,45,6B-SB04,45|47|49|51|57|59,2,2,0,HQ,40,1,DEHAM,
medium,453412,OF,DEHAM,40,6B,45,6B-SB04,45|47|49|51|57|59,5,5,0,HQ,40,2,DEHAM,
medium,453412,OF,DEHAM,40,6B,49,6B-SB04,45|47|49|51|57|59,2,2,0,HQ,40,1,DEHAM,
medium,453412,OF,DEHAM,40,6B,57,6B-SB04,45|47|49|51|57|59,15,15,0,HQ,40,2,DEHAM,
medium,453412,OF,DEWVN,20,49,05,49-SB01,01|03|05|07|09|11,10,0,10,MIXED,MIXED,MIXED,MIXED,
medium,453412,OF,DEWVN,40,6B,25,6B-SB03,25|27|29|31|33|35,5,0,5,MIXED,MIXED,MIXED,MIXED,
medium,453412,OF,DEWVN,40,6B,29,6B-SB03,25|27|29|31|33|35,3,0,3,MIXED,MIXED,MIXED,MIXED,
medium,453412,OF,DEWVN,40,6B,33,6B-SB03,25|27|29|31|33|35,25,0,25,MIXED,MIXED,MIXED,MIXED,
medium,453412,OF,DEWVN,40,6B,61,6B-SB05,61|63|65|67|69|71,9,0,9,MIXED,MIXED,MIXED,MIXED,
medium,453412,OF,DEWVN,40,6B,65,6B-SB05,61|63|65|67|69|71,22,0,22,MIXED,MIXED,MIXED,MIXED,
medium,453412,OF,DEWVN,40,6B,69,6B-SB05,61|63|65|67|69|71,7,0,7,MIXED,MIXED,MIXED,MIXED,
medium,453412,OF,GBLGP,40,4B,01,4B-SB01,01|03|05|07|09|11,1,1,0,HQ,40,2,GBLGP,
medium,453412,OF,MAPTM,20,49,03,49-SB01,01|03|05|07|09|11,3,0,3,MIXED,MIXED,MIXED,MIXED,
medium,453412,OF,MAPTM,40,6B,01,6B-SB01,01|03|05|07|09|11,16,0,16,MIXED,MIXED,MIXED,MIXED,
medium,453412,OF,MATAN,20,49,03,49-SB01,01|03|05|07|09|11,1,0,1,MIXED,MIXED,MIXED,MIXED,
medium,453412,OF,MATAN,40,49,13,49-SB02,13|15|17|19|21|23,11,0,11,MIXED,MIXED,MIXED,MIXED,
medium,453412,OF,MATAT,20,49,03,49-SB01,01|03|05|07|09|11,2,0,2,MIXED,MIXED,MIXED,MIXED,
medium,453412,OF,MATAT,40,49,61,,,8,0,8,MIXED,MIXED,MIXED,MIXED,
medium,453412,OF,MYTPP,20,49,07,49-SB01,01|03|05|07|09|11,1,1,0,PQ,20,1,MYTPP,
medium,453412,OF,MYTPP,20,49,07,49-SB01,01|03|05|07|09|11,4,4,0,PQ,20,5,MYTPP,
medium,453412,OF,MYTPP,20,49,35,49-SB03,25|27|29|31|33|35,1,1,0,PQ,20,2,MYTPP,
medium,453412,OF,MYTPP,20,49,35,49-SB03,25|27|29|31|33|35,1,1,0,PQ,20,4,MYTPP,
medium,453412,OF,MYTPP,40,49,29,49-SB03,25|27|29|31|33|35,5,5,0,HQ,40,1,MYTPP,
medium,453412,OF,MYTPP,40,49,29,49-SB03,25|27|29|31|33|35,3,3,0,HQ,40,2,MYTPP,
medium,453412,OF,MYTPP,40,49,29,49-SB03,25|27|29|31|33|35,5,5,0,HQ,40,4,MYTPP,
medium,453412,OF,MYTPP,40,49,29,49-SB03,25|27|29|31|33|35,9,9,0,HQ,40,5,MYTPP,
medium,453412,OF,MYTPP,40,49,49,49-SB05,49|51|53|55|57|59,1,1,0,HQ,40,2,MYTPP,
medium,453412,OF,MYTPP,40,49,49,49-SB05,49|51|53|55|57|59,3,3,0,HQ,40,3,MYTPP,
medium,453412,OF,MYTPP,40,49,49,49-SB05,49|51|53|55|57|59,4,4,0,HQ,40,6,MYTPP,
medium,453412,OF,MYTPP,40,49,57,49-SB05,49|51|53|55|57|59,1,1,0,PQ,40,1,MYTPP,
medium,453412,OF,MYTPP,40,49,57,49-SB05,49|51|53|55|57|59,1,1,0,PQ,40,6,MYTPP,
medium,453412,OF,NLR10,40,4B,01,4B-SB01,01|03|05|07|09|11,2,2,0,HQ,40,1,NLR10,
medium,453412,OF,NLR10,40,4B,01,4B-SB01,01|03|05|07|09|11,1,1,0,HQ,40,3,NLR10,
medium,453412,OF,NLRTM,20,49,07,49-SB01,01|03|05|07|09|11,3,3,0,PQ,20,1,NLRTM,
medium,453412,OF,NLRTM,20,49,07,49-SB01,01|03|05|07|09|11,1,1,0,PQ,20,2,NLRTM,
medium,453412,OF,NLRTM,20,49,07,49-SB01,01|03|05|07|09|11,1,1,0,PQ,20,4,NLRTM,
medium,453412,OF,NLRTM,20,49,07,49-SB01,01|03|05|07|09|11,1,1,0,PQ,20,5,NLRTM,
medium,453412,OF,NLRTM,40,4B,05,4B-SB01,01|03|05|07|09|11,1,1,0,PQ,40,1,NLRTM,
medium,453412,OF,NLRTM,40,4B,05,4B-SB01,01|03|05|07|09|11,2,2,0,PQ,40,2,NLRTM,
medium,453412,OF,NLRTM,40,4B,25,4B-SB03,25|27|29|31|33|35,2,2,0,HQ,40,2,NLRTM,
medium,453412,OF,NLRTM,40,4B,25,4B-SB03,25|27|29|31|33|35,1,1,0,HQ,40,3,NLRTM,
medium,453412,OF,NLRTM,40,4B,33,4B-SB03,25|27|29|31|33|35,15,15,0,HQ,40,1,NLRTM,
medium,453412,OF,NLRTM,40,4B,33,4B-SB03,25|27|29|31|33|35,9,9,0,HQ,40,2,NLRTM,
medium,453412,OF,NLRTM,40,4B,41,4B-SB04,37|39|41|43|45|47,10,10,0,HQ,40,3,NLRTM,
medium,453412,OF,NLRTM,40,4B,41,4B-SB04,37|39|41|43|45|47,3,3,0,HQ,40,4,NLRTM,
medium,453412,OF,NLRTM,40,4B,41,4B-SB04,37|39|41|43|45|47,10,10,0,HQ,40,5,NLRTM,
medium,453416,OF,EGPSD,20,28,05,28-SB01,01|03|05|07|13|15,1,0,1,MIXED,MIXED,MIXED,MIXED,
medium,453416,OF,EGPSD,20,28,39,28-SB03,33|35|37|39|45|47,3,3,0,PQ,20,2,EGPSD,
medium,453416,OF,EGPSD,20,28,39,28-SB03,33|35|37|39|45|47,1,1,0,PQ,20,6,EGPSD,
medium,453416,OF,EGPSD,20,28,45,28-SB03,33|35|37|39|45|47,5,0,5,MIXED,MIXED,MIXED,MIXED,
medium,453416,OF,EGPSD,20,28,47,28-SB03,33|35|37|39|45|47,26,0,26,MIXED,MIXED,MIXED,MIXED,
medium,453416,OF,EGPSD,20,28,49,28-SB04,49|51|53|55|57|59,5,0,5,MIXED,MIXED,MIXED,MIXED,
medium,453416,OF,EGPSD,20,28,51,28-SB04,49|51|53|55|57|59,26,0,26,MIXED,MIXED,MIXED,MIXED,
medium,453416,OF,EGPSD,20,28,53,28-SB04,49|51|53|55|57|59,3,0,3,MIXED,MIXED,MIXED,MIXED,
medium,453416,OF,EGPSD,20,28,55,28-SB04,49|51|53|55|57|59,3,0,3,MIXED,MIXED,MIXED,MIXED,
medium,453416,OF,EGPSD,20,28,57,28-SB04,49|51|53|55|57|59,5,0,5,MIXED,MIXED,MIXED,MIXED,
medium,453416,OF,EGPSD,20,28,59,28-SB04,49|51|53|55|57|59,5,0,5,MIXED,MIXED,MIXED,MIXED,
medium,453416,OF,EGPSD,20,38,15,38-SB01,05|07|09|11|13|15,2,2,0,PQ,20,5,EGPSD,
medium,453416,OF,EGPSD,20,38,19,38-SB02,17|19|21|23|29|31,4,4,0,PQ,20,4,EGPSD,
medium,453416,OF,EGPSD,20,38,23,38-SB02,17|19|21|23|29|31,7,0,7,MIXED,MIXED,MIXED,MIXED,
medium,453416,OF,EGPSD,20,38,29,38-SB02,17|19|21|23|29|31,1,1,0,PQ,20,4,EGPSD,
medium,453416,OF,EGPSD,20,38,31,38-SB02,17|19|21|23|29|31,1,1,0,PQ,20,4,EGPSD,
medium,453416,OF,EGPSD,20,38,45,38-SB03,33|35|37|39|45|47,5,5,0,PQ,20,4,EGPSD,
medium,453416,OF,EGPSD,20,38,47,38-SB03,33|35|37|39|45|47,5,5,0,PQ,20,5,EGPSD,
medium,453416,OF,EGPSD,40,5A,01,5A-SB01,01|03|05|07|09|11,2,2,0,PQ,40,1,EGPSD,
medium,453416,OF,EGPSD,40,5A,01,5A-SB01,01|03|05|07|09|11,2,2,0,PQ,40,2,EGPSD,
medium,453416,OF,EGPSD,40,5A,05,5A-SB01,01|03|05|07|09|11,10,10,0,HQ,40,3,EGPSD,
medium,453416,OF,EGPSD,40,5A,05,5A-SB01,01|03|05|07|09|11,2,2,0,HQ,40,5,EGPSD,
medium,453416,OF,EGPSD,40,5A,13,5A-SB02,13|15|17|19|21|23,26,26,0,HQ,40,1,EGPSD,
medium,453416,OF,EGPSD,40,5A,17,5A-SB02,13|15|17|19|21|23,22,22,0,HQ,40,1,EGPSD,
medium,453416,OF,EGPSD,40,5A,17,5A-SB02,13|15|17|19|21|23,4,4,0,HQ,40,2,EGPSD,
medium,453416,OF,EGPSD,40,5A,21,5A-SB02,13|15|17|19|21|23,26,26,0,HQ,40,2,EGPSD,
medium,453416,OF,EGPSD,40,5A,25,5A-SB03,25|27|29|31|33|35,26,26,0,HQ,40,5,EGPSD,
medium,453416,OF,EGPSD,40,5A,29,5A-SB03,25|27|29|31|33|35,22,0,22,MIXED,MIXED,MIXED,MIXED,
medium,453416,OF,EGPSD,40,5A,33,5A-SB03,25|27|29|31|33|35,5,5,0,HQ,40,3,EGPSD,
medium,453416,OF,EGPSD,40,5A,33,5A-SB03,25|27|29|31|33|35,13,13,0,HQ,40,4,EGPSD,
medium,453416,OF,EGPSD,40,5A,33,5A-SB03,25|27|29|31|33|35,8,8,0,HQ,40,6,EGPSD,
medium,453416,OF,EGPSD,40,5A,37,5A-SB04,37|39|41|43|45|47,5,5,0,HQ,40,6,EGPSD,
medium,453416,OF,EGPSD,45,2A,01,2A-SB01,01|03|05|07|09|11,4,0,4,MIXED,MIXED,MIXED,MIXED,
medium,453416,OF,HRRJ3,40,38,61,,,1,1,0,HQ,40,3,HRRJ3,
medium,453416,OF,HRRJK,20,28,07,28-SB01,01|03|05|07|13|15,1,1,0,PQ,20,4,HRRJK,
medium,453416,OF,HRRJK,20,28,21,28-SB02,17|19|21|23|25|27,1,1,0,PQ,20,4,HRRJK,
medium,453416,OF,HRRJK,20,28,23,28-SB02,17|19|21|23|25|27,3,3,0,PQ,20,5,HRRJK,
medium,453416,OF,HRRJK,20,38,13,38-SB01,05|07|09|11|13|15,1,1,0,PQ,20,5,HRRJK,
medium,453416,OF,HRRJK,20,38,49,38-SB04,49|51|53|55|57|59,2,2,0,PQ,20,5,HRRJK,
medium,453416,OF,HRRJK,20,38,51,38-SB04,49|51|53|55|57|59,2,2,0,PQ,20,5,HRRJK,
medium,453416,OF,HRRJK,20,38,53,38-SB04,49|51|53|55|57|59,3,3,0,PQ,20,5,HRRJK,
medium,453416,OF,HRRJK,20,38,55,38-SB04,49|51|53|55|57|59,3,3,0,PQ,20,5,HRRJK,
medium,453416,OF,HRRJK,20,38,57,38-SB04,49|51|53|55|57|59,11,11,0,PQ,20,5,HRRJK,
medium,453416,OF,HRRJK,20,38,59,38-SB04,49|51|53|55|57|59,11,11,0,PQ,20,5,HRRJK,
medium,453416,OF,HRRJK,20,4A,45,4A-SB04,37|39|41|43|45|47,3,3,0,PQ,20,1,HRRJK,
medium,453416,OF,HRRJK,20,4A,45,4A-SB04,37|39|41|43|45|47,2,2,0,PQ,20,2,HRRJK,
medium,453416,OF,HRRJK,20,4A,45,4A-SB04,37|39|41|43|45|47,1,1,0,PQ,20,3,HRRJK,
medium,453416,OF,HRRJK,20,4A,45,4A-SB04,37|39|41|43|45|47,3,3,0,PQ,20,4,HRRJK,
medium,453416,OF,HRRJK,40,2A,21,2A-SB02,13|15|17|19|21|23,6,6,0,HQ,40,1,HRRJK,
medium,453416,OF,HRRJK,40,2A,21,2A-SB02,13|15|17|19|21|23,4,4,0,HQ,40,5,HRRJK,
medium,453416,OF,HRRJK,40,2A,25,2A-SB03,25|27|29|31|33|35,3,3,0,HQ,40,1,HRRJK,
medium,453416,OF,HRRJK,40,2A,25,2A-SB03,25|27|29|31|33|35,12,12,0,HQ,40,2,HRRJK,
medium,453416,OF,HRRJK,40,2A,29,2A-SB03,25|27|29|31|33|35,5,5,0,HQ,40,5,HRRJK,
medium,453416,OF,HRRJK,40,2A,29,2A-SB03,25|27|29|31|33|35,3,3,0,HQ,40,6,HRRJK,
medium,453416,OF,HRRJK,40,4A,41,4A-SB04,37|39|41|43|45|47,3,3,0,HQ,40,2,HRRJK,
medium,453416,OF,HRRJK,40,4A,41,4A-SB04,37|39|41|43|45|47,1,1,0,HQ,40,4,HRRJK,
medium,453416,OF,HRRJK,40,4A,45,4A-SB04,37|39|41|43|45|47,2,2,0,PQ,40,1,HRRJK,
medium,453416,OF,HRRJK,40,4A,45,4A-SB04,37|39|41|43|45|47,3,3,0,PQ,40,4,HRRJK,
medium,453416,OF,HRRJK,40,4A,57,4A-SB05,49|51|53|55|57|59,18,18,0,HQ,40,4,HRRJK,
medium,453416,OF,HRRJK,40,5A,05,5A-SB01,01|03|05|07|09|11,12,12,0,HQ,40,3,HRRJK,
medium,453416,OF,MYTPP,20,4A,49,4A-SB05,49|51|53|55|57|59,23,0,23,MIXED,MIXED,MIXED,MIXED,
medium,453416,OF,MYTPP,20,4A,51,4A-SB05,49|51|53|55|57|59,10,0,10,MIXED,MIXED,MIXED,MIXED,
medium,453416,OF,MYTPP,20,4A,53,4A-SB05,49|51|53|55|57|59,1,1,0,PQ,20,1,MYTPP,
medium,453416,OF,MYTPP,20,4A,53,4A-SB05,49|51|53|55|57|59,1,1,0,PQ,20,2,MYTPP,
medium,453416,OF,MYTPP,20,4A,53,4A-SB05,49|51|53|55|57|59,2,2,0,PQ,20,4,MYTPP,
medium,453416,OF,MYTPP,20,4A,53,4A-SB05,49|51|53|55|57|59,2,2,0,PQ,20,5,MYTPP,
medium,453416,OF,MYTPP,20,4A,53,4A-SB05,49|51|53|55|57|59,2,2,0,PQ,20,6,MYTPP,
medium,453416,OF,MYTPP,20,5A,11,5A-SB01,01|03|05|07|09|11,26,0,26,MIXED,MIXED,MIXED,MIXED,
medium,453416,OF,MYTPP,40,2A,05,2A-SB01,01|03|05|07|09|11,1,1,0,HQ,40,3,MYTPP,
medium,453416,OF,MYTPP,40,2A,05,2A-SB01,01|03|05|07|09|11,3,3,0,HQ,40,4,MYTPP,
medium,453416,OF,MYTPP,40,2A,05,2A-SB01,01|03|05|07|09|11,4,4,0,HQ,40,5,MYTPP,
medium,453416,OF,MYTPP,40,2A,09,2A-SB01,01|03|05|07|09|11,4,4,0,PQ,40,1,MYTPP,
medium,453416,OF,MYTPP,40,4A,01,4A-SB01,01|03|05|07|09|11,17,0,17,MIXED,MIXED,MIXED,MIXED,
medium,453416,OF,MYTPP,40,4A,05,4A-SB01,01|03|05|07|09|11,20,20,0,HQ,40,1,MYTPP,
medium,453416,OF,MYTPP,40,4A,09,4A-SB01,01|03|05|07|09|11,10,10,0,HQ,40,1,MYTPP,
medium,453416,OF,MYTPP,40,4A,09,4A-SB01,01|03|05|07|09|11,5,5,0,HQ,40,5,MYTPP,
medium,453416,OF,MYTPP,40,4A,13,4A-SB02,13|15|17|19|21|23,22,0,22,MIXED,MIXED,MIXED,MIXED,
medium,453416,OF,MYTPP,40,4A,17,4A-SB02,13|15|17|19|21|23,14,0,14,MIXED,MIXED,MIXED,MIXED,
medium,453416,OF,MYTPP,40,4A,21,4A-SB02,13|15|17|19|21|23,24,0,24,MIXED,MIXED,MIXED,MIXED,
medium,453416,OF,MYTPP,40,4A,25,4A-SB03,25|27|29|31|33|35,23,0,23,MIXED,MIXED,MIXED,MIXED,
medium,453416,OF,MYTPP,40,4A,29,4A-SB03,25|27|29|31|33|35,24,0,24,MIXED,MIXED,MIXED,MIXED,
medium,453416,OF,MYTPP,40,4A,33,4A-SB03,25|27|29|31|33|35,17,0,17,MIXED,MIXED,MIXED,MIXED,
medium,453416,OF,MYTPP,40,4A,37,4A-SB04,37|39|41|43|45|47,16,16,0,HQ,40,2,MYTPP,
medium,453416,OF,MYTPP,40,4A,41,4A-SB04,37|39|41|43|45|47,12,12,0,HQ,40,6,MYTPP,
medium,453416,OF,MYTPP,40,4A,61,,,21,0,21,MIXED,MIXED,MIXED,MIXED,
medium,453416,OF,MYTPP,40,5A,01,5A-SB01,01|03|05|07|09|11,1,1,0,PQ,40,5,MYTPP,
medium,453416,OF,MYTPP,45,2A,01,2A-SB01,01|03|05|07|09|11,2,0,2,MIXED,MIXED,MIXED,MIXED,
medium,453416,OF,SIKOP,20,38,17,38-SB02,17|19|21|23|29|31,2,2,0,PQ,20,1,SIKOP,
medium,453416,OF,SIKOP,20,38,17,38-SB02,17|19|21|23|29|31,2,2,0,PQ,20,5,SIKOP,
medium,453416,OF,SIKOP,20,38,21,38-SB02,17|19|21|23|29|31,7,7,0,PQ,20,4,SIKOP,
medium,453416,OF,SIKOP,40,5A,01,5A-SB01,01|03|05|07|09|11,3,3,0,PQ,40,3,SIKOP,
medium,453416,OF,SIKOP,40,5A,01,5A-SB01,01|03|05|07|09|11,14,14,0,PQ,40,4,SIKOP,
medium,453416,OF,SIKOP,40,5A,37,5A-SB04,37|39|41|43|45|47,8,8,0,HQ,40,1,SIKOP,
medium,453416,OF,SIKOP,40,5A,37,5A-SB04,37|39|41|43|45|47,9,9,0,HQ,40,2,SIKOP,
medium,453416,OF,SIKOP,40,5A,41,5A-SB04,37|39|41|43|45|47,26,26,0,HQ,40,1,SIKOP,
medium,453416,OF,SIKOP,40,5A,45,5A-SB04,37|39|41|43|45|47,20,20,0,HQ,40,2,SIKOP,
medium,453416,OF,SIKOP,40,5A,45,5A-SB04,37|39|41|43|45|47,6,6,0,HQ,40,5,SIKOP,
medium,453416,OF,SIKOP,40,5A,49,5A-SB05,49|51|53|55|57|59,8,8,0,HQ,40,3,SIKOP,
medium,453416,OF,SIKOP,40,5A,49,5A-SB05,49|51|53|55|57|59,4,4,0,HQ,40,4,SIKOP,
medium,453416,OF,SIKOP,40,5A,49,5A-SB05,49|51|53|55|57|59,13,13,0,HQ,40,5,SIKOP,
medium,453416,OF,SIKOP,40,5A,53,5A-SB05,49|51|53|55|57|59,2,2,0,PQ,40,5,SIKOP,
medium,454447,OF,BEANT,20,49,09,49-SB01,01|03|05|07|09|11,10,10,0,HQ,20,6,BEANT,
medium,454447,OF,FRLEH,20,59,05,59-SB01,01|03|05|07|09|11,3,0,3,MIXED,MIXED,MIXED,MIXED,
medium,454447,OF,FRLEH,20,59,11,59-SB01,01|03|05|07|09|11,1,0,1,MIXED,MIXED,MIXED,MIXED,
medium,454447,OF,FRLEH,40,49,17,49-SB02,13|15|17|19|21|23,20,0,20,MIXED,MIXED,MIXED,MIXED,
medium,454447,OF,GBFXT,20,5A,09,5A-SB01,01|03|05|07|09|11,16,0,16,MIXED,MIXED,MIXED,MIXED,
medium,454447,OF,GBFXT,40,6A,25,6A-SB02,17|19|21|23|25|27,3,0,3,MIXED,MIXED,MIXED,MIXED,
medium,454447,OF,GBFXT,40,6A,33,6A-SB03,29|31|33|35|37|39,3,0,3,MIXED,MIXED,MIXED,MIXED,
medium,454447,OF,GBFXT,40,6A,37,6A-SB03,29|31|33|35|37|39,5,0,5,MIXED,MIXED,MIXED,MIXED,
medium,454447,OF,GBFXT,40,6A,41,6A-SB04,41|43|45|47|49|51,9,0,9,MIXED,MIXED,MIXED,MIXED,
medium,454447,OF,GBFXT,40,6A,45,6A-SB04,41|43|45|47|49|51,8,0,8,MIXED,MIXED,MIXED,MIXED,
medium,454447,OF,GBFXT,40,6A,53,6A-SB05,53|55|57|59|61|63,3,0,3,MIXED,MIXED,MIXED,MIXED,
medium,454447,OF,GBFXT,40,6A,57,6A-SB05,53|55|57|59|61|63,1,0,1,MIXED,MIXED,MIXED,MIXED,
medium,454447,OF,GBFXT,40,6A,61,6A-SB05,53|55|57|59|61|63,9,0,9,MIXED,MIXED,MIXED,MIXED,
medium,454447,OF,GBFXT,40,6A,69,,,1,1,0,HQ,40,2,GBFXT,
medium,454447,OF,MYTPP,20,69,05,69-SB01,01|03|05|07|09|11,6,0,6,MIXED,MIXED,MIXED,MIXED,
medium,454447,OF,MYTPP,20,69,07,69-SB01,01|03|05|07|09|11,1,0,1,MIXED,MIXED,MIXED,MIXED,
medium,454447,OF,MYTPP,40,59,01,59-SB01,01|03|05|07|09|11,8,0,8,MIXED,MIXED,MIXED,MIXED,
medium,454447,OF,NLRTM,20,59,09,59-SB01,01|03|05|07|09|11,1,1,0,PQ,20,2,NLRTM,
medium,454447,OF,NLRTM,20,59,09,59-SB01,01|03|05|07|09|11,2,2,0,PQ,20,4,NLRTM,
medium,454447,OF,NLRTM,20,59,13,59-SB02,13|15|17|19|21|23,1,1,0,HQ,20,5,NLRTM,
medium,454447,OF,NLRTM,20,59,13,59-SB02,13|15|17|19|21|23,1,1,0,HQ,20,6,NLRTM,
medium,454447,OF,PLGDN,40,4B,01,4B-SB01,01|03|05|07|09|11,2,2,0,HQ,40,3,PLGDN,
medium,454447,OF,PLGDN,40,4B,01,4B-SB01,01|03|05|07|09|11,4,4,0,HQ,40,5,PLGDN,
medium,454548,IF,CNSHA,20,7G,03,7G-SB01,01|03|05|07|09|11,1,1,0,HQ,20,1,CNSHA,
medium,454548,IF,CNSHA,20,7G,05,7G-SB01,01|03|05|07|09|11,1,1,0,PQ,20,1,CNSHA,
medium,454548,T,AUADL,40,13,01,13-SB01,01|03|05|07|09|11,1,1,0,HQ,40,2,AUADL,
medium,454548,T,AUADL,40,13,01,13-SB01,01|03|05|07|09|11,2,2,0,HQ,40,4,AUADL,
medium,454548,T,AUFRE,40,13,01,13-SB01,01|03|05|07|09|11,1,1,0,HQ,40,3,AUFRE,
medium,454548,T,AUMEL,20,32,07,32-SB01,01|03|05|07|09|11,1,1,0,PQ,20,1,AUMEL,
medium,454548,T,AUMEL,20,32,07,32-SB01,01|03|05|07|09|11,2,2,0,PQ,20,3,AUMEL,
medium,454548,T,AUMEL,20,32,07,32-SB01,01|03|05|07|09|11,4,4,0,PQ,20,4,AUMEL,
medium,454548,T,AUMEL,20,32,07,32-SB01,01|03|05|07|09|11,7,7,0,PQ,20,5,AUMEL,
medium,454548,T,AUMEL,40,15,53,,,1,1,0,PQ,40,1,AUMEL,
medium,454548,T,AUMEL,40,15,53,,,1,1,0,PQ,40,5,AUMEL,
medium,454548,T,EGDAM,20,13,39,13-SB04,37|39|41|43|45|47,8,8,0,PQ,20,5,EGDAM,
medium,454548,T,ESAGP,20,13,05,13-SB01,01|03|05|07|09|11,1,1,0,PQ,20,5,ESAGP,
medium,454548,T,ESAGP,20,13,07,13-SB01,01|03|05|07|09|11,1,1,0,PQ,20,4,ESAGP,
medium,454548,T,ESAGP,20,13,37,13-SB04,37|39|41|43|45|47,4,4,0,PQ,20,3,ESAGP,
medium,454548,T,ESAGP,20,13,37,13-SB04,37|39|41|43|45|47,2,2,0,PQ,20,5,ESAGP,
medium,454548,T,ESAGP,40,13,01,13-SB01,01|03|05|07|09|11,1,1,0,HQ,40,5,ESAGP,
medium,454548,T,ESBCN,20,24,23,24-SB02,13|15|17|19|21|23,9,9,0,PQ,20,5,ESBCN,
medium,454548,T,ESBCN,20,43,05,43-SB01,01|03|05|07|09|11,15,15,0,PQ,20,5,ESBCN,
medium,454548,T,ESBCN,20,43,07,43-SB01,01|03|05|07|09|11,14,14,0,PQ,20,5,ESBCN,
medium,454548,T,ESBCN,20,43,21,43-SB02,13|15|17|19|21|23,12,12,0,PQ,20,5,ESBCN,
medium,454548,T,ESBCN,20,43,51,43-SB05,49|51|53|55|57|59,9,9,0,PQ,20,5,ESBCN,
medium,454548,T,ESBCN,20,54,27,54-SB03,25|27|29|31|33|35,13,13,0,PQ,20,5,ESBCN,
medium,454548,T,ESBCN,20,54,29,54-SB03,25|27|29|31|33|35,18,18,0,PQ,20,5,ESBCN,
medium,454548,T,ESBCN,20,62,17,62-SB01,17|21|23|27|37|39,1,1,0,PQ,20,5,ESBCN,
medium,454548,T,ESBCN,20,62,27,62-SB01,17|21|23|27|37|39,1,1,0,PQ,20,5,ESBCN,
medium,454548,T,ESBCN,20,E2,B7,,,1,1,0,PQ,20,5,ESBCN,
medium,454548,T,ESBCN,20,E2,B7,,,1,1,0,PQ,20,6,ESBCN,
medium,454548,T,ESBCN,20,E2,C5,,,11,11,0,PQ,20,5,ESBCN,
medium,454548,T,ESBCN,40,24,17,24-SB02,13|15|17|19|21|23,2,2,0,HQ,40,5,ESBCN,
medium,454548,T,ESBCN,40,24,17,24-SB02,13|15|17|19|21|23,2,2,0,HQ,40,6,ESBCN,
medium,454548,T,ESBCN,40,24,37,24-SB04,37|39|41|43|45|47,13,13,0,HQ,40,1,ESBCN,
medium,454548,T,ESBCN,40,24,37,24-SB04,37|39|41|43|45|47,3,3,0,HQ,40,5,ESBCN,
medium,454548,T,ESBCN,40,24,45,24-SB04,37|39|41|43|45|47,2,2,0,HQ,40,6,ESBCN,
medium,454548,T,ESBCN,40,43,09,43-SB01,01|03|05|07|09|11,15,15,0,HQ,40,1,ESBCN,
medium,454548,T,ESBCN,40,43,13,43-SB02,13|15|17|19|21|23,17,17,0,HQ,40,1,ESBCN,
medium,454548,T,ESBCN,40,43,17,43-SB02,13|15|17|19|21|23,12,12,0,HQ,40,1,ESBCN,
medium,454548,T,ESBCN,40,43,25,43-SB03,25|27|29|31|33|35,2,2,0,HQ,40,1,ESBCN,
medium,454548,T,ESBCN,40,43,29,43-SB03,25|27|29|31|33|35,2,2,0,HQ,40,1,ESBCN,
medium,454548,T,ESBCN,40,43,33,43-SB03,25|27|29|31|33|35,6,6,0,HQ,40,1,ESBCN,
medium,454548,T,ESBCN,40,43,41,43-SB04,37|39|41|43|45|47,4,4,0,HQ,40,1,ESBCN,
medium,454548,T,ESBCN,40,43,45,43-SB04,37|39|41|43|45|47,8,8,0,HQ,40,1,ESBCN,
medium,454548,T,ESBCN,40,43,53,43-SB05,49|51|53|55|57|59,8,8,0,HQ,40,1,ESBCN,
medium,454548,T,ESBCN,40,43,57,43-SB05,49|51|53|55|57|59,4,4,0,HQ,40,1,ESBCN,
medium,454548,T,ESBCN,40,43,61,,,14,14,0,HQ,40,1,ESBCN,
medium,454548,T,ESVLC,20,E5,15,E5-SB01,09|11|13|15|17|19,1,1,0,PQ,20,1,ESVLC,
medium,454548,T,ESVLC,20,E5,15,E5-SB01,09|11|13|15|17|19,1,1,0,PQ,20,3,ESVLC,
medium,454548,T,ESVLC,20,E5,15,E5-SB01,09|11|13|15|17|19,3,3,0,PQ,20,5,ESVLC,
medium,454548,T,ESVLC,20,E5,33,E5-SB03,33|35|37|39|41|43,2,2,0,PQ,20,5,ESVLC,
medium,454548,T,ESVLC,20,E5,43,E5-SB03,33|35|37|39|41|43,6,6,0,PQ,20,5,ESVLC,
medium,454548,T,ESVLC,20,E5,95,,,19,19,0,PQ,20,5,ESVLC,
medium,454548,T,ESVLC,20,E5,B1,,,3,3,0,PQ,20,5,ESVLC,
medium,454548,T,ESVLC,20,E5,B3,,,3,3,0,PQ,20,5,ESVLC,
medium,454548,T,ESVLC,20,E5,B5,,,13,13,0,PQ,20,5,ESVLC,
medium,454548,T,ESVLC,20,E5,B7,,,13,13,0,PQ,20,5,ESVLC,
medium,454548,T,ESVLC,20,E5,B9,,,3,3,0,PQ,20,5,ESVLC,
medium,454548,T,ESVLC,20,E5,C1,,,3,3,0,PQ,20,5,ESVLC,
medium,454548,T,ESVLC,40,43,09,43-SB01,01|03|05|07|09|11,1,1,0,HQ,40,3,ESVLC,
medium,454548,T,ESVLC,40,43,37,43-SB04,37|39|41|43|45|47,1,1,0,HQ,40,2,ESVLC,
medium,454548,T,ESVLC,40,43,37,43-SB04,37|39|41|43|45|47,20,20,0,HQ,40,6,ESVLC,
medium,454548,T,FRFOS,40,24,01,24-SB01,01|03|05|07|09|11,4,4,0,HQ,40,2,FRFOS,
medium,454548,T,GRPIR,20,E3,83,E3-SB07,83|85|87|89|91|93,2,2,0,PQ,20,3,GRPIR,
medium,454548,T,GRPIR,20,E3,83,E3-SB07,83|85|87|89|91|93,5,5,0,PQ,20,4,GRPIR,
medium,454548,T,GRPIR,20,E3,A1,,,1,1,0,PQ,20,1,GRPIR,
medium,454548,T,GRPIR,20,E3,A1,,,2,2,0,PQ,20,2,GRPIR,
medium,454548,T,GRPIR,20,E3,A1,,,4,4,0,PQ,20,3,GRPIR,
medium,454548,T,GRPIR,20,E3,A1,,,1,1,0,PQ,20,6,GRPIR,
medium,454548,T,GRPIR,20,E3,A3,,,5,5,0,PQ,20,4,GRPIR,
medium,454548,T,GRPIR,20,E3,A3,,,16,16,0,PQ,20,5,GRPIR,
medium,454548,T,GRPIR,40,19,01,19-SB01,01|03|05|15|17|19,1,1,0,HQ,40,2,GRPIR,
medium,454548,T,GRPIR,40,19,01,19-SB01,01|03|05|15|17|19,1,1,0,HQ,40,3,GRPIR,
medium,454548,T,GRPIR,40,19,33,19-SB02,21|23|25|27|33|35,2,2,0,HQ,40,2,GRPIR,
medium,454548,T,GRPIR,40,19,33,19-SB02,21|23|25|27|33|35,7,7,0,HQ,40,5,GRPIR,
medium,454548,T,GRPIR,40,29,33,29-SB03,25|27|29|31|33|35,3,3,0,HQ,40,4,GRPIR,
medium,454548,T,GRPIR,40,29,33,29-SB03,25|27|29|31|33|35,2,2,0,HQ,40,5,GRPIR,
medium,454548,T,GRPIR,40,29,45,29-SB04,37|39|41|43|45|47,5,5,0,HQ,40,1,GRPIR,
medium,454548,T,GRPIR,40,32,09,32-SB01,01|03|05|07|09|11,4,4,0,HQ,40,4,GRPIR,
medium,454548,T,GRPIR,40,32,21,32-SB02,13|15|17|19|21|23,3,3,0,HQ,40,4,GRPIR,
medium,454548,T,GRPIR,40,52,01,52-SB01,01|03|05|07|09|11,2,2,0,HQ,40,4,GRPIR,
medium,454548,T,HRRJK,20,13,05,13-SB01,01|03|05|07|09|11,1,1,0,PQ,20,1,HRRJK,
medium,454548,T,HRRJK,20,13,05,13-SB01,01|03|05|07|09|11,1,1,0,PQ,20,3,HRRJK,
medium,454548,T,HRRJK,40,43,01,43-SB01,01|03|05|07|09|11,2,2,0,HQ,40,1,HRRJK,
medium,454548,T,HRRJK,40,43,01,43-SB01,01|03|05|07|09|11,11,11,0,HQ,40,2,HRRJK,
medium,454548,T,HRRJK,40,43,01,43-SB01,01|03|05|07|09|11,1,1,0,HQ,40,3,HRRJK,
medium,454548,T,HRRJK,40,43,01,43-SB01,01|03|05|07|09|11,4,4,0,HQ,40,4,HRRJK,
medium,454548,T,HRRJK,40,43,09,43-SB01,01|03|05|07|09|11,1,1,0,HQ,40,3,HRRJK,
medium,454548,T,ILASH,20,32,19,32-SB02,13|15|17|19|21|23,18,18,0,PQ,20,5,ILASH,
medium,454548,T,ILASH,20,32,25,32-SB03,25|27|29|31|33|35,16,16,0,PQ,20,5,ILASH,
medium,454548,T,ILASH,20,32,27,32-SB03,25|27|29|31|33|35,2,2,0,PQ,20,4,ILASH,
medium,454548,T,ILASH,20,32,27,32-SB03,25|27|29|31|33|35,9,9,0,PQ,20,5,ILASH,
medium,454548,T,ILASH,20,32,29,32-SB03,25|27|29|31|33|35,17,17,0,PQ,20,5,ILASH,
medium,454548,T,ILASH,20,32,35,32-SB03,25|27|29|31|33|35,12,12,0,PQ,20,5,ILASH,
medium,454548,T,ILASH,20,32,37,32-SB04,37|39|41|43|45|47,3,3,0,PQ,20,5,ILASH,
medium,454548,T,ILASH,20,32,37,32-SB04,37|39|41|43|45|47,10,10,0,PQ,20,6,ILASH,
medium,454548,T,ILASH,20,32,39,32-SB04,37|39|41|43|45|47,15,15,0,PQ,20,6,ILASH,
medium,454548,T,ILASH,20,32,41,32-SB04,37|39|41|43|45|47,15,15,0,PQ,20,5,ILASH,
medium,454548,T,ILASH,20,32,43,32-SB04,37|39|41|43|45|47,19,19,0,PQ,20,6,ILASH,
medium,454548,T,ILASH,20,32,45,32-SB04,37|39|41|43|45|47,19,19,0,PQ,20,6,ILASH,
medium,454548,T,ILASH,20,32,47,32-SB04,37|39|41|43|45|47,17,17,0,PQ,20,6,ILASH,
medium,454548,T,ILASH,20,32,49,32-SB05,49|51|53|55|57|59,5,5,0,PQ,20,1,ILASH,
medium,454548,T,ILASH,20,32,49,32-SB05,49|51|53|55|57|59,3,3,0,PQ,20,2,ILASH,
medium,454548,T,ILASH,20,32,49,32-SB05,49|51|53|55|57|59,9,9,0,PQ,20,4,ILASH,
medium,454548,T,ILASH,20,43,05,43-SB01,01|03|05|07|09|11,3,3,0,PQ,20,6,ILASH,
medium,454548,T,ILASH,20,43,49,43-SB05,49|51|53|55|57|59,21,21,0,PQ,20,6,ILASH,
medium,454548,T,ILASH,20,52,09,52-SB01,01|03|05|07|09|11,5,5,0,PQ,20,3,ILASH,
medium,454548,T,ILASH,20,52,23,52-SB02,13|15|17|19|21|23,8,8,0,PQ,20,3,ILASH,
medium,454548,T,ILASH,20,52,37,52-SB04,37|39|41|43|45|47,8,8,0,PQ,20,3,ILASH,
medium,454548,T,ILASH,20,52,59,52-SB05,49|51|53|55|57|59,19,19,0,PQ,20,3,ILASH,
medium,454548,T,ILASH,20,52,69,52-SB06,61|63|65|67|69|71,18,18,0,PQ,20,3,ILASH,
medium,454548,T,ILASH,40,15,01,15-SB01,01|03|05|07|09|11,11,11,0,HQ,40,2,ILASH,
medium,454548,T,ILASH,40,15,21,15-SB02,13|15|17|19|21|23,2,2,0,HQ,40,2,ILASH,
medium,454548,T,ILASH,40,15,21,15-SB02,13|15|17|19|21|23,6,6,0,HQ,40,4,ILASH,
medium,454548,T,ILASH,40,15,29,15-SB03,25|27|29|31|33|35,13,13,0,HQ,40,5,ILASH,
medium,454548,T,ILASH,40,15,33,15-SB03,25|27|29|31|33|35,13,13,0,HQ,40,2,ILASH,
medium,454548,T,ILASH,40,15,41,15-SB04,37|39|41|43|45|47,17,17,0,HQ,40,5,ILASH,
medium,454548,T,ILASH,40,15,45,15-SB04,37|39|41|43|45|47,16,16,0,HQ,40,5,ILASH,
medium,454548,T,ILASH,40,22,49,22-SB05,49|51|53|55|57|59,19,19,0,HQ,40,6,ILASH,
medium,454548,T,ILASH,40,22,53,22-SB05,49|51|53|55|57|59,2,2,0,HQ,40,6,ILASH,
medium,454548,T,ILASH,40,22,57,22-SB05,49|51|53|55|57|59,13,13,0,HQ,40,6,ILASH,
medium,454548,T,ILASH,40,24,25,24-SB03,25|27|29|31|33|35,12,12,0,HQ,40,3,ILASH,
medium,454548,T,ILASH,40,24,29,24-SB03,25|27|29|31|33|35,7,7,0,HQ,40,4,ILASH,
medium,454548,T,ILASH,40,65,01,65-SB01,01|03|05|07|09|11,10,10,0,HQ,40,1,ILASH,
medium,454548,T,ILASH,40,65,05,65-SB01,01|03|05|07|09|11,16,16,0,HQ,40,1,ILASH,
medium,454548,T,ILASH,40,65,17,65-SB02,13|15|17|19|21|23,4,4,0,HQ,40,6,ILASH,
medium,454548,T,ILASH,40,65,21,65-SB02,13|15|17|19|21|23,11,11,0,HQ,40,1,ILASH,
medium,454548,T,ILASH,40,65,25,65-SB03,25|27|29|31|33|35,6,6,0,HQ,40,1,ILASH,
medium,454548,T,ILASH,40,65,25,65-SB03,25|27|29|31|33|35,1,1,0,HQ,40,6,ILASH,
medium,454548,T,ILASH,40,65,29,65-SB03,25|27|29|31|33|35,2,2,0,HQ,40,4,ILASH,
medium,454548,T,ILASH,40,65,33,65-SB03,25|27|29|31|33|35,9,9,0,HQ,40,6,ILASH,
medium,454548,T,ILASH,40,65,37,65-SB04,37|39|41|43|45|47,9,9,0,HQ,40,6,ILASH,
medium,454548,T,ILASH,40,65,65,65-SB06,61|63|65|67|69|71,9,9,0,HQ,40,6,ILASH,
medium,454548,T,ILASH,40,65,69,65-SB06,61|63|65|67|69|71,18,18,0,HQ,40,1,ILASH,
medium,454548,T,ILHFA,20,E1,51,E1-SB04,47|49|51|53|55|57,3,3,0,PQ,20,1,ILHFA,
medium,454548,T,ILHFA,20,E1,51,E1-SB04,47|49|51|53|55|57,1,1,0,PQ,20,2,ILHFA,
medium,454548,T,ILHFA,20,E1,51,E1-SB04,47|49|51|53|55|57,2,2,0,PQ,20,3,ILHFA,
medium,454548,T,ILHFA,20,E1,81,E1-SB06,71|73|75|77|79|81,1,1,0,PQ,20,5,ILHFA,
medium,454548,T,ILHFA,20,E1,83,E1-SB07,83|85|87|89|91|93,7,7,0,PQ,20,5,ILHFA,
medium,454548,T,ILHFA,20,E1,87,E1-SB07,83|85|87|89|91|93,5,5,0,PQ,20,4,ILHFA,
medium,454548,T,ILHFA,20,E1,87,E1-SB07,83|85|87|89|91|93,8,8,0,PQ,20,5,ILHFA,
medium,454548,T,ILHFA,20,E1,93,E1-SB07,83|85|87|89|91|93,2,2,0,PQ,20,3,ILHFA,
medium,454548,T,ILHFA,20,E1,93,E1-SB07,83|85|87|89|91|93,9,9,0,PQ,20,4,ILHFA,
medium,454548,T,ILHFA,20,E1,93,E1-SB07,83|85|87|89|91|93,6,6,0,PQ,20,6,ILHFA,
medium,454548,T,ILHFA,20,E1,C1,,,2,2,0,PQ,20,5,ILHFA,
medium,454548,T,ILHFA,20,E1,C3,,,13,13,0,PQ,20,5,ILHFA,
medium,454548,T,ILHFA,20,E1,C5,,,13,13,0,PQ,20,5,ILHFA,
medium,454548,T,ILHFA,20,E1,C7,,,14,14,0,PQ,20,5,ILHFA,
medium,454548,T,ILHFA,40,24,29,24-SB03,25|27|29|31|33|35,1,1,0,HQ,40,4,ILHFA,
medium,454548,T,ILHFA,40,24,45,24-SB04,37|39|41|43|45|47,4,4,0,HQ,40,4,ILHFA,
medium,454548,T,ILHFA,40,24,49,24-SB05,49|51|53|55|57|59,5,5,0,HQ,40,6,ILHFA,
medium,454548,T,ILHFA,40,24,61,,,21,21,0,HQ,40,6,ILHFA,
medium,454548,T,ILHFA,40,32,09,32-SB01,01|03|05|07|09|11,2,2,0,HQ,40,3,ILHFA,
medium,454548,T,ILHFA,40,32,09,32-SB01,01|03|05|07|09|11,4,4,0,HQ,40,4,ILHFA,
medium,454548,T,ILHFA,40,33,29,33-SB03,25|27|29|31|33|35,15,15,0,HQ,40,6,ILHFA,
medium,454548,T,ILHFA,40,42,01,42-SB01,01|03|05|07|09|11,11,11,0,HQ,40,4,ILHFA,
medium,454548,T,ILHFA,40,52,01,52-SB01,01|03|05|07|09|11,9,9,0,HQ,40,6,ILHFA,
medium,454548,T,ILHFA,40,52,05,52-SB01,01|03|05|07|09|11,13,13,0,HQ,40,6,ILHFA,
medium,454548,T,ILHFA,40,54,01,54-SB01,01|03|05|07|09|11,1,1,0,HQ,40,1,ILHFA,
medium,454548,T,ILHFA,40,54,01,54-SB01,01|03|05|07|09|11,7,7,0,HQ,40,2,ILHFA,
medium,454548,T,ILHFA,40,54,09,54-SB01,01|03|05|07|09|11,4,4,0,HQ,40,5,ILHFA,
medium,454548,T,ILHFA,40,54,17,54-SB02,13|15|17|19|21|23,1,1,0,HQ,40,5,ILHFA,
medium,454548,T,ILHFA,40,54,61,54-SB06,61|63|65|67|69|71,5,5,0,HQ,40,1,ILHFA,
medium,454548,T,ILHFA,40,54,69,54-SB06,61|63|65|67|69|71,1,1,0,HQ,40,1,ILHFA,
medium,454548,T,ILHFA,40,54,69,54-SB06,61|63|65|67|69|71,10,10,0,HQ,40,3,ILHFA,
medium,454548,T,INTUT,20,15,05,15-SB01,01|03|05|07|09|11,19,19,0,PQ,20,6,INTUT,
medium,454548,T,INTUT,20,15,07,15-SB01,01|03|05|07|09|11,13,13,0,PQ,20,6,INTUT,
medium,454548,T,INTUT,20,15,17,15-SB02,13|15|17|19|21|23,11,11,0,PQ,20,6,INTUT,
medium,454548,T,INTUT,20,15,19,15-SB02,13|15|17|19|21|23,15,15,0,PQ,20,6,INTUT,
medium,454548,T,INTUT,20,15,37,15-SB04,37|39|41|43|45|47,6,6,0,PQ,20,5,INTUT,
medium,454548,T,INTUT,20,15,37,15-SB04,37|39|41|43|45|47,15,15,0,PQ,20,6,INTUT,
medium,454548,T,INTUT,20,15,39,15-SB04,37|39|41|43|45|47,14,14,0,PQ,20,6,INTUT,
medium,454548,T,INTUT,20,15,53,,,7,7,0,PQ,20,6,INTUT,
medium,454548,T,INTUT,20,65,09,65-SB01,01|03|05|07|09|11,11,11,0,PQ,20,5,INTUT,
medium,454548,T,INTUT,20,65,15,65-SB02,13|15|17|19|21|23,9,9,0,PQ,20,5,INTUT,
medium,454548,T,INTUT,20,65,41,65-SB04,37|39|41|43|45|47,14,14,0,PQ,20,5,INTUT,
medium,454548,T,INTUT,20,65,63,65-SB06,61|63|65|67|69|71,5,5,0,PQ,20,5,INTUT,
medium,454548,T,INTUT,20,72,49,72-SB02,45|47|49|55|57|59,2,2,0,PQ,20,4,INTUT,
medium,454548,T,INTUT,20,72,59,72-SB02,45|47|49|55|57|59,1,1,0,PQ,20,4,INTUT,
medium,454548,T,INTUT,20,72,61,,,1,1,0,PQ,20,4,INTUT,
medium,454548,T,INTUT,20,72,61,,,8,8,0,PQ,20,5,INTUT,
medium,454548,T,INTUT,20,73,41,,,1,1,0,PQ,20,4,INTUT,
medium,454548,T,INTUT,40,33,61,,,1,1,0,HQ,40,3,INTUT,
medium,454548,T,INTUT,40,33,61,,,1,1,0,HQ,40,4,INTUT,
medium,454548,T,INTUT,40,33,61,,,1,1,0,HQ,40,5,INTUT,
medium,454548,T,INTUT,40,33,61,,,10,10,0,HQ,40,6,INTUT,
medium,454548,T,ITGIT,20,32,05,32-SB01,01|03|05|07|09|11,1,1,0,PQ,20,5,ITGIT,
medium,454548,T,ITGIT,20,32,55,32-SB05,49|51|53|55|57|59,17,17,0,PQ,20,5,ITGIT,
medium,454548,T,ITGIT,20,32,57,32-SB05,49|51|53|55|57|59,16,16,0,PQ,20,5,ITGIT,
medium,454548,T,ITGIT,20,32,59,32-SB05,49|51|53|55|57|59,17,17,0,PQ,20,5,ITGIT,
medium,454548,T,ITGIT,20,42,09,42-SB01,01|03|05|07|09|11,1,1,0,PQ,20,5,ITGIT,
medium,454548,T,ITGIT,20,42,11,42-SB01,01|03|05|07|09|11,15,15,0,PQ,20,5,ITGIT,
medium,454548,T,ITGIT,20,42,29,42-SB03,25|27|29|31|33|35,11,11,0,PQ,20,5,ITGIT,
medium,454548,T,ITGIT,20,42,31,42-SB03,25|27|29|31|33|35,8,8,0,PQ,20,5,ITGIT,
medium,454548,T,ITGIT,20,42,49,42-SB05,49|51|53|55|57|59,11,11,0,PQ,20,5,ITGIT,
medium,454548,T,ITGIT,20,42,51,42-SB05,49|51|53|55|57|59,11,11,0,PQ,20,5,ITGIT,
medium,454548,T,ITGIT,20,42,53,42-SB05,49|51|53|55|57|59,8,8,0,PQ,20,5,ITGIT,
medium,454548,T,ITGIT,20,42,55,42-SB05,49|51|53|55|57|59,9,9,0,PQ,20,4,ITGIT,
medium,454548,T,ITGIT,20,54,05,54-SB01,01|03|05|07|09|11,4,4,0,PQ,20,1,ITGIT,
medium,454548,T,ITGIT,20,54,05,54-SB01,01|03|05|07|09|11,2,2,0,PQ,20,2,ITGIT,
medium,454548,T,ITGIT,20,54,05,54-SB01,01|03|05|07|09|11,2,2,0,PQ,20,3,ITGIT,
medium,454548,T,ITGIT,20,54,05,54-SB01,01|03|05|07|09|11,1,1,0,PQ,20,4,ITGIT,
medium,454548,T,ITGIT,20,54,05,54-SB01,01|03|05|07|09|11,2,2,0,PQ,20,6,ITGIT,
medium,454548,T,ITGIT,20,54,15,54-SB02,13|15|17|19|21|23,12,12,0,PQ,20,4,ITGIT,
medium,454548,T,ITGIT,20,54,49,54-SB05,49|51|53|55|57|59,14,14,0,PQ,20,4,ITGIT,
medium,454548,T,ITGIT,20,54,51,54-SB05,49|51|53|55|57|59,4,4,0,PQ,20,4,ITGIT,
medium,454548,T,ITGIT,20,54,53,54-SB05,49|51|53|55|57|59,4,4,0,PQ,20,4,ITGIT,
medium,454548,T,ITGIT,20,54,59,54-SB05,49|51|53|55|57|59,11,11,0,PQ,20,4,ITGIT,
medium,454548,T,ITGIT,20,54,59,54-SB05,49|51|53|55|57|59,3,3,0,PQ,20,6,ITGIT,
medium,454548,T,ITGIT,40,13,17,13-SB02,13|15|17|19|21|23,5,5,0,HQ,40,1,ITGIT,
medium,454548,T,ITGIT,40,13,17,13-SB02,13|15|17|19|21|23,4,4,0,HQ,40,5,ITGIT,
medium,454548,T,ITGIT,40,13,21,13-SB02,13|15|17|19|21|23,14,14,0,HQ,40,2,ITGIT,
medium,454548,T,ITGIT,40,13,25,13-SB03,25|27|29|31|33|35,6,6,0,HQ,40,1,ITGIT,
medium,454548,T,ITGIT,40,13,25,13-SB03,25|27|29|31|33|35,2,2,0,HQ,40,4,ITGIT,
medium,454548,T,ITGIT,40,13,29,13-SB03,25|27|29|31|33|35,11,11,0,HQ,40,2,ITGIT,
medium,454548,T,ITGIT,40,13,29,13-SB03,25|27|29|31|33|35,3,3,0,HQ,40,5,ITGIT,
medium,454548,T,ITGIT,40,13,33,13-SB03,25|27|29|31|33|35,4,4,0,HQ,40,3,ITGIT,
medium,454548,T,ITGIT,40,13,33,13-SB03,25|27|29|31|33|35,7,7,0,HQ,40,4,ITGIT,
medium,454548,T,ITGIT,40,13,41,13-SB04,37|39|41|43|45|47,14,14,0,HQ,40,5,ITGIT,
medium,454548,T,ITGIT,40,13,49,,,4,4,0,HQ,40,3,ITGIT,
medium,454548,T,ITGIT,40,13,49,,,2,2,0,HQ,40,6,ITGIT,
medium,454548,T,ITGIT,40,15,53,,,3,3,0,PQ,40,4,ITGIT,
medium,454548,T,ITGIT,40,15,53,,,1,1,0,PQ,40,5,ITGIT,
medium,454548,T,ITGIT,45,22,61,,,1,1,0,HQ,45,2,ITGIT,
medium,454548,T,ITGIT,45,22,61,,,5,5,0,HQ,45,3,ITGIT,
medium,454548,T,ITGIT,45,22,61,,,1,1,0,HQ,45,5,ITGIT,
medium,454548,T,ITGOA,20,EA,27,EA-SB02,21|23|25|27|29|31,1,1,0,PQ,20,1,ITGOA,
medium,454548,T,ITGOA,20,EA,27,EA-SB02,21|23|25|27|29|31,4,4,0,PQ,20,3,ITGOA,
medium,454548,T,ITGOA,20,EA,33,EA-SB03,33|35|37|39|41|43,1,1,0,PQ,20,3,ITGOA,
medium,454548,T,ITGOA,20,EA,33,EA-SB03,33|35|37|39|41|43,8,8,0,PQ,20,4,ITGOA,
medium,454548,T,ITGOA,20,EA,33,EA-SB03,33|35|37|39|41|43,28,28,0,PQ,20,5,ITGOA,
medium,454548,T,ITGOA,20,EA,35,EA-SB03,33|35|37|39|41|43,1,1,0,PQ,20,2,ITGOA,
medium,454548,T,ITGOA,40,32,13,32-SB02,13|15|17|19|21|23,1,1,0,HQ,40,3,ITGOA,
medium,454548,T,ITGOA,40,32,13,32-SB02,13|15|17|19|21|23,10,10,0,HQ,40,5,ITGOA,
medium,454548,T,ITGOA,40,32,13,32-SB02,13|15|17|19|21|23,5,5,0,HQ,40,6,ITGOA,
medium,454548,T,ITGOA,40,32,21,32-SB02,13|15|17|19|21|23,3,3,0,HQ,40,1,ITGOA,
medium,454548,T,ITGOA,40,32,21,32-SB02,13|15|17|19|21|23,3,3,0,HQ,40,2,ITGOA,
medium,454548,T,ITGOA,40,32,21,32-SB02,13|15|17|19|21|23,4,4,0,HQ,40,3,ITGOA,
medium,454548,T,ITGOA,40,32,21,32-SB02,13|15|17|19|21|23,5,5,0,HQ,40,4,ITGOA,
medium,454548,T,ITGOA,40,32,61,,,1,1,0,HQ,40,6,ITGOA,
medium,454548,T,ITMIL,20,13,05,13-SB01,01|03|05|07|09|11,5,5,0,PQ,20,5,ITMIL,
medium,454548,T,ITNAP,20,13,05,13-SB01,01|03|05|07|09|11,2,2,0,PQ,20,3,ITNAP,
medium,454548,T,ITNAP,40,15,13,15-SB02,13|15|17|19|21|23,14,14,0,HQ,40,2,ITNAP,
medium,454548,T,ITNAP,40,15,21,15-SB02,13|15|17|19|21|23,1,1,0,HQ,40,3,ITNAP,
medium,454548,T,ITNAP,40,15,21,15-SB02,13|15|17|19|21|23,1,1,0,HQ,40,4,ITNAP,
medium,454548,T,ITNAP,40,15,21,15-SB02,13|15|17|19|21|23,5,5,0,HQ,40,5,ITNAP,
medium,454548,T,ITSPE,20,EA,25,EA-SB02,21|23|25|27|29|31,2,2,0,PQ,20,3,ITSPE,
medium,454548,T,ITSPE,20,EA,25,EA-SB02,21|23|25|27|29|31,18,18,0,PQ,20,5,ITSPE,
medium,454548,T,ITSPE,20,EA,27,EA-SB02,21|23|25|27|29|31,3,3,0,PQ,20,1,ITSPE,
medium,454548,T,ITSPE,20,EA,27,EA-SB02,21|23|25|27|29|31,1,1,0,PQ,20,2,ITSPE,
medium,454548,T,ITSPE,20,EA,27,EA-SB02,21|23|25|27|29|31,12,12,0,PQ,20,3,ITSPE,
medium,454548,T,ITSPE,20,EA,27,EA-SB02,21|23|25|27|29|31,9,9,0,PQ,20,4,ITSPE,
medium,454548,T,ITSPE,40,13,01,13-SB01,01|03|05|07|09|11,3,3,0,HQ,40,5,ITSPE,
medium,454548,T,ITSPE,40,13,09,13-SB01,01|03|05|07|09|11,10,10,0,HQ,40,1,ITSPE,
medium,454548,T,ITSPE,40,24,05,24-SB01,01|03|05|07|09|11,5,5,0,HQ,40,2,ITSPE,
medium,454548,T,ITSPE,40,24,13,24-SB02,13|15|17|19|21|23,2,2,0,HQ,40,4,ITSPE,
medium,454548,T,ITSPE,40,24,13,24-SB02,13|15|17|19|21|23,3,3,0,HQ,40,5,ITSPE,
medium,454548,T,ITSPE,40,24,13,24-SB02,13|15|17|19|21|23,1,1,0,HQ,40,6,ITSPE,
medium,454548,T,ITSPE,40,24,33,24-SB03,25|27|29|31|33|35,1,1,0,PQ,40,5,ITSPE,
medium,454548,T,ITTRS,20,E3,A1,,,3,3,0,PQ,20,4,ITTRS,
medium,454548,T,ITTRS,20,E3,A1,,,2,2,0,PQ,20,5,ITTRS,
medium,454548,T,ITTRS,20,E3,A7,,,14,14,0,PQ,20,3,ITTRS,
medium,454548,T,ITTRS,20,E3,A7,,,8,8,0,PQ,20,5,ITTRS,
medium,454548,T,ITTRS,20,E3,A9,,,2,2,0,PQ,20,1,ITTRS,
medium,454548,T,ITTRS,20,E3,A9,,,5,5,0,PQ,20,4,ITTRS,
medium,454548,T,ITTRS,40,15,25,15-SB03,25|27|29|31|33|35,2,2,0,HQ,40,1,ITTRS,
medium,454548,T,ITTRS,40,15,25,15-SB03,25|27|29|31|33|35,16,16,0,HQ,40,5,ITTRS,
medium,454548,T,ITTRS,40,15,53,,,1,1,0,PQ,40,1,ITTRS,
medium,454548,T,ITTRS,40,15,53,,,1,1,0,PQ,40,2,ITTRS,
medium,454548,T,ITTRS,40,15,53,,,1,1,0,PQ,40,5,ITTRS,
medium,454548,T,LKCMB,20,13,05,13-SB01,01|03|05|07|09|11,1,1,0,PQ,20,4,LKCMB,
medium,454548,T,LKCMB,20,13,05,13-SB01,01|03|05|07|09|11,1,1,0,PQ,20,5,LKCMB,
medium,454548,T,LKCMB,40,24,01,24-SB01,01|03|05|07|09|11,5,5,0,HQ,40,6,LKCMB,
medium,454548,T,PTLEI,20,13,05,13-SB01,01|03|05|07|09|11,1,1,0,PQ,20,3,PTLEI,
medium,454548,T,PTSIE,20,32,17,32-SB02,13|15|17|19|21|23,20,20,0,PQ,20,5,PTSIE,
medium,454548,T,PTSIE,20,32,19,32-SB02,13|15|17|19|21|23,1,1,0,PQ,20,2,PTSIE,
medium,454548,T,PTSIE,20,32,19,32-SB02,13|15|17|19|21|23,1,1,0,PQ,20,4,PTSIE,
medium,454548,T,PTSIE,40,32,01,32-SB01,01|03|05|07|09|11,4,4,0,PQ,40,5,PTSIE,
medium,454548,T,PTSIE,40,32,61,,,6,6,0,HQ,40,2,PTSIE,
medium,454548,T,PTSIE,40,32,61,,,1,1,0,HQ,40,5,PTSIE,
medium,454548,T,PTSIE,40,32,61,,,1,1,0,HQ,40,6,PTSIE,
medium,454548,T,SIKOP,20,32,05,32-SB01,01|03|05|07|09|11,10,10,0,PQ,20,5,SIKOP,
medium,454548,T,SIKOP,40,32,09,32-SB01,01|03|05|07|09|11,3,3,0,HQ,40,2,SIKOP,
medium,454548,T,SIKOP,40,32,09,32-SB01,01|03|05|07|09|11,4,4,0,HQ,40,3,SIKOP,
medium,454548,T,SIKOP,40,32,61,,,1,1,0,HQ,40,4,SIKOP,
medium,454548,T,SIKOP,40,32,61,,,5,5,0,HQ,40,5,SIKOP,
medium,454548,T,TRALI,20,13,07,13-SB01,01|03|05|07|09|11,5,5,0,PQ,20,4,TRALI,
medium,454548,T,TRISK,20,13,07,13-SB01,01|03|05|07|09|11,6,6,0,PQ,20,4,TRISK,
medium,454548,T,TRISK,40,13,01,13-SB01,01|03|05|07|09|11,1,1,0,HQ,40,3,TRISK,
medium,454548,T,TRIST,20,E1,99,,,4,4,0,PQ,20,1,TRIST,
medium,454548,T,TRIST,20,E1,99,,,13,13,0,PQ,20,5,TRIST,
medium,454548,T,TRIST,20,E1,C1,,,2,2,0,PQ,20,1,TRIST,
medium,454548,T,TRIST,20,E1,C1,,,5,5,0,PQ,20,2,TRIST,
medium,454548,T,TRIST,20,E2,23,E2-SB02,23|25|27|29|31|33,1,1,0,PQ,20,4,TRIST,
medium,454548,T,TRIST,20,E2,25,E2-SB02,23|25|27|29|31|33,7,7,0,PQ,20,4,TRIST,
medium,454548,T,TRIST,20,E2,49,E2-SB04,47|49|51|53|55|57,3,3,0,PQ,20,3,TRIST,
medium,454548,T,TRIST,20,E2,49,E2-SB04,47|49|51|53|55|57,7,7,0,PQ,20,5,TRIST,
medium,454548,T,TRIST,20,E2,55,E2-SB04,47|49|51|53|55|57,5,5,0,PQ,20,5,TRIST,
medium,454548,T,TRIST,20,E2,B7,,,1,1,0,PQ,20,4,TRIST,
medium,454548,T,TRIST,20,E2,B9,,,7,7,0,PQ,20,3,TRIST,
medium,454548,T,TRIST,20,E2,B9,,,13,13,0,PQ,20,4,TRIST,
medium,454548,T,TRIST,20,E2,C7,,,11,11,0,PQ,20,4,TRIST,
medium,454548,T,TRIST,20,E2,D3,,,20,20,0,PQ,20,3,TRIST,
medium,454548,T,TRIST,40,13,13,13-SB02,13|15|17|19|21|23,8,8,0,HQ,40,2,TRIST,
medium,454548,T,TRIST,40,13,13,13-SB02,13|15|17|19|21|23,4,4,0,HQ,40,5,TRIST,
medium,454548,T,TRIST,40,13,17,13-SB02,13|15|17|19|21|23,6,6,0,HQ,40,3,TRIST,
medium,454548,T,TRIST,40,13,17,13-SB02,13|15|17|19|21|23,3,3,0,HQ,40,5,TRIST,
medium,454548,T,TRIST,40,15,53,,,1,1,0,PQ,40,5,TRIST,
medium,454548,T,TRIST,40,15,53,,,1,1,0,PQ,40,6,TRIST,
medium,454548,T,TRIST,40,42,41,42-SB04,37|39|41|43|45|47,2,2,0,HQ,40,4,TRIST,
medium,454548,T,TRIST,40,42,41,42-SB04,37|39|41|43|45|47,5,5,0,HQ,40,5,TRIST,
medium,454548,T,TRIST,40,42,45,42-SB04,37|39|41|43|45|47,11,11,0,HQ,40,4,TRIST,
medium,454548,T,TRMER,20,13,07,13-SB01,01|03|05|07|09|11,2,2,0,PQ,20,5,TRMER,
medium,454548,T,TRMER,20,13,39,13-SB04,37|39|41|43|45|47,4,4,0,PQ,20,4,TRMER,
medium,454548,T,TRMER,20,13,53,,,5,5,0,PQ,20,4,TRMER,
medium,454548,T,TRMER,20,32,05,32-SB01,01|03|05|07|09|11,1,1,0,PQ,20,3,TRMER,
medium,454548,T,TRMER,20,32,05,32-SB01,01|03|05|07|09|11,1,1,0,PQ,20,5,TRMER,
medium,454548,T,TRMER,40,24,01,24-SB01,01|03|05|07|09|11,4,4,0,HQ,40,5,TRMER,
medium,454548,T,TRTEK,20,33,05,33-SB01,01|03|05|07|09|11,16,16,0,PQ,20,5,TRTEK,
medium,454548,T,TRTEK,20,33,07,33-SB01,01|03|05|07|09|11,16,16,0,PQ,20,5,TRTEK,
medium,454548,T,TRTEK,20,33,09,33-SB01,01|03|05|07|09|11,16,16,0,PQ,20,5,TRTEK,
medium,454548,T,TRTEK,20,33,15,33-SB02,13|15|17|19|21|23,19,19,0,PQ,20,5,TRTEK,
medium,454548,T,TRTEK,20,33,17,33-SB02,13|15|17|19|21|23,19,19,0,PQ,20,5,TRTEK,
medium,454548,T,TRTEK,20,33,27,33-SB03,25|27|29|31|33|35,11,11,0,PQ,20,5,TRTEK,
medium,454548,T,TRTEK,20,33,33,33-SB03,25|27|29|31|33|35,8,8,0,PQ,20,5,TRTEK,
medium,454548,T,TRTEK,20,33,35,33-SB03,25|27|29|31|33|35,9,9,0,PQ,20,5,TRTEK,
medium,454548,T,TRTEK,20,33,37,33-SB04,37|39|41|43|45|47,15,15,0,PQ,20,5,TRTEK,
medium,454548,T,TRTEK,20,33,39,33-SB04,37|39|41|43|45|47,15,15,0,PQ,20,5,TRTEK,
medium,454548,T,TRTEK,20,33,41,33-SB04,37|39|41|43|45|47,15,15,0,PQ,20,5,TRTEK,
medium,454548,T,TRTEK,20,33,43,33-SB04,37|39|41|43|45|47,14,14,0,PQ,20,5,TRTEK,
medium,454548,T,TRTEK,20,33,45,33-SB04,37|39|41|43|45|47,14,14,0,PQ,20,5,TRTEK,
medium,454548,T,TRTEK,20,33,51,33-SB05,49|51|53|55|57|59,17,17,0,PQ,20,5,TRTEK,
medium,454548,T,TRTEK,20,33,53,33-SB05,49|51|53|55|57|59,21,21,0,PQ,20,5,TRTEK,
medium,454548,T,TRTEK,20,33,55,33-SB05,49|51|53|55|57|59,21,21,0,PQ,20,5,TRTEK,
medium,454548,T,TRTEK,20,33,57,33-SB05,49|51|53|55|57|59,18,18,0,PQ,20,5,TRTEK,
medium,454548,T,TRTEK,20,33,59,33-SB05,49|51|53|55|57|59,18,18,0,PQ,20,5,TRTEK,
medium,454548,T,TRTEK,20,42,05,42-SB01,01|03|05|07|09|11,3,3,0,PQ,20,2,TRTEK,
medium,454548,T,TRTEK,20,42,05,42-SB01,01|03|05|07|09|11,2,2,0,PQ,20,5,TRTEK,
medium,454548,T,TRTEK,20,42,05,42-SB01,01|03|05|07|09|11,15,15,0,PQ,20,6,TRTEK,
medium,454548,T,TRTEK,20,42,07,42-SB01,01|03|05|07|09|11,20,20,0,PQ,20,4,TRTEK,
medium,454548,T,TRTEK,20,42,09,42-SB01,01|03|05|07|09|11,14,14,0,PQ,20,3,TRTEK,
medium,454548,T,TRTEK,20,42,13,42-SB02,13|15|17|19|21|23,21,21,0,PQ,20,5,TRTEK,
medium,454548,T,TRTEK,20,42,15,42-SB02,13|15|17|19|21|23,21,21,0,PQ,20,5,TRTEK,
medium,454548,T,TRTEK,40,33,01,33-SB01,01|03|05|07|09|11,10,10,0,HQ,40,5,TRTEK,
medium,454548,T,TRTEK,40,33,21,33-SB02,13|15|17|19|21|23,12,12,0,HQ,40,5,TRTEK,
medium,454548,T,TRTEK,40,33,29,33-SB03,25|27|29|31|33|35,1,1,0,HQ,40,5,TRTEK,
medium,454548,T,TRTEK,40,33,61,,,5,5,0,HQ,40,5,TRTEK,
medium,454548,T,TRTEK,40,42,17,42-SB02,13|15|17|19|21|23,4,4,0,HQ,40,5,TRTEK,
medium,454548,T,TRTEK,40,42,21,42-SB02,13|15|17|19|21|23,1,1,0,HQ,40,5,TRTEK,
medium,454548,T,TRTEK,40,42,21,42-SB02,13|15|17|19|21|23,15,15,0,HQ,40,6,TRTEK,
medium,454548,T,TRTEK,40,42,25,42-SB03,25|27|29|31|33|35,2,2,0,HQ,40,2,TRTEK,
medium,454548,T,TRTEK,40,42,25,42-SB03,25|27|29|31|33|35,9,9,0,HQ,40,6,TRTEK,
medium,454548,T,TRTEK,40,42,33,42-SB03,25|27|29|31|33|35,7,7,0,HQ,40,6,TRTEK,
medium,454548,T,TRTEK,40,42,37,42-SB04,37|39|41|43|45|47,6,6,0,HQ,40,2,TRTEK,
medium,454548,T,TRTEK,40,42,37,42-SB04,37|39|41|43|45|47,5,5,0,HQ,40,3,TRTEK,
medium,454548,T,TRTEK,40,42,41,42-SB04,37|39|41|43|45|47,2,2,0,HQ,40,1,TRTEK,
medium,454548,T,TRTEK,40,42,41,42-SB04,37|39|41|43|45|47,1,1,0,HQ,40,3,TRTEK,
medium,454548,T,TRTEK,40,42,41,42-SB04,37|39|41|43|45|47,2,2,0,HQ,40,4,TRTEK,
medium,454548,T,TRTEK,40,42,57,42-SB05,49|51|53|55|57|59,10,10,0,HQ,40,5,TRTEK,
medium,454548,T,TRTEK,40,54,17,54-SB02,13|15|17|19|21|23,4,4,0,HQ,40,5,TRTEK,
medium,454548,T,TRTEK,40,54,37,54-SB04,37|39|41|43|45|47,3,3,0,HQ,40,5,TRTEK,
medium,454548,T,TRTEK,40,54,45,54-SB04,37|39|41|43|45|47,6,6,0,HQ,40,5,TRTEK,
medium,454548,T,TRTEK,40,62,37,62-SB01,17|21|23|27|37|39,1,1,0,HQ,40,5,TRTEK,
medium,454548,T,TRTEK,40,62,61,,,1,1,0,HQ,40,5,TRTEK,
medium,454548,T,TRYAR,20,22,05,22-SB01,01|03|05|07|09|11,13,13,0,PQ,20,4,TRYAR,
medium,454548,T,TRYAR,20,22,07,22-SB01,01|03|05|07|09|11,4,4,0,PQ,20,4,TRYAR,
medium,454548,T,TRYAR,20,22,23,22-SB02,13|15|17|19|21|23,12,12,0,PQ,20,4,TRYAR,
medium,454548,T,TRYAR,20,22,33,22-SB03,25|27|29|31|33|35,15,15,0,PQ,20,4,TRYAR,
medium,454548,T,TRYAR,20,22,35,22-SB03,25|27|29|31|33|35,9,9,0,PQ,20,4,TRYAR,
medium,454548,T,TRYAR,20,22,37,22-SB04,37|39|41|43|45|47,16,16,0,PQ,20,4,TRYAR,
medium,454548,T,TRYAR,20,22,39,22-SB04,37|39|41|43|45|47,8,8,0,PQ,20,4,TRYAR,
medium,454548,T,TRYAR,20,22,39,22-SB04,37|39|41|43|45|47,8,8,0,PQ,20,5,TRYAR,
medium,454548,T,TRYAR,20,24,09,24-SB01,01|03|05|07|09|11,3,3,0,PQ,20,1,TRYAR,
medium,454548,T,TRYAR,20,24,09,24-SB01,01|03|05|07|09|11,1,1,0,PQ,20,5,TRYAR,
medium,454548,T,TRYAR,20,24,23,24-SB02,13|15|17|19|21|23,2,2,0,PQ,20,1,TRYAR,
medium,454548,T,TRYAR,20,24,23,24-SB02,13|15|17|19|21|23,3,3,0,PQ,20,2,TRYAR,
medium,454548,T,TRYAR,20,24,33,24-SB03,25|27|29|31|33|35,12,12,0,PQ,20,3,TRYAR,
medium,454548,T,TRYAR,20,24,35,24-SB03,25|27|29|31|33|35,15,15,0,PQ,20,3,TRYAR,
medium,454548,T,TRYAR,20,24,41,24-SB04,37|39|41|43|45|47,15,15,0,PQ,20,5,TRYAR,
medium,454548,T,TRYAR,20,24,55,24-SB05,49|51|53|55|57|59,8,8,0,PQ,20,5,TRYAR,
medium,454548,T,TRYAR,40,52,01,52-SB01,01|03|05|07|09|11,1,1,0,HQ,40,3,TRYAR,
medium,454548,T,TRYAR,40,52,01,52-SB01,01|03|05|07|09|11,2,2,0,HQ,40,5,TRYAR,
medium,454548,T,TRYAR,40,52,13,52-SB02,13|15|17|19|21|23,3,3,0,HQ,40,3,TRYAR,
medium,454548,T,TRYAR,40,52,13,52-SB02,13|15|17|19|21|23,2,2,0,HQ,40,4,TRYAR,
medium,454548,T,TRYAR,40,52,17,52-SB02,13|15|17|19|21|23,6,6,0,HQ,40,4,TRYAR,
medium,454548,T,TRYAR,40,52,25,52-SB03,25|27|29|31|33|35,9,9,0,HQ,40,3,TRYAR,
medium,454548,T,TRYAR,40,52,29,52-SB03,25|27|29|31|33|35,10,10,0,HQ,40,5,TRYAR,
medium,454548,T,TRYAR,40,52,33,52-SB03,25|27|29|31|33|35,12,12,0,HQ,40,5,TRYAR,
medium,454548,T,TRYAR,40,52,41,52-SB04,37|39|41|43|45|47,8,8,0,HQ,40,4,TRYAR,
medium,454548,T,TRYAR,40,52,45,52-SB04,37|39|41|43|45|47,3,3,0,HQ,40,2,TRYAR,
medium,454548,T,TRYAR,40,52,45,52-SB04,37|39|41|43|45|47,1,1,0,HQ,40,6,TRYAR,
medium,454548,T,TRYAR,40,52,49,52-SB05,49|51|53|55|57|59,5,5,0,HQ,40,2,TRYAR,
medium,454548,T,TRYAR,40,52,53,52-SB05,49|51|53|55|57|59,7,7,0,HQ,40,2,TRYAR,
medium,454548,T,TRYAR,40,52,61,52-SB06,61|63|65|67|69|71,1,1,0,HQ,40,1,TRYAR,
medium,454548,T,TRYAR,40,52,61,52-SB06,61|63|65|67|69|71,2,2,0,HQ,40,6,TRYAR,
medium,454548,T,TRYAR,40,52,65,52-SB06,61|63|65|67|69|71,9,9,0,HQ,40,3,TRYAR,
medium,454548,T,ZZOP1,20,13,05,13-SB01,01|03|05|07|09|11,1,1,0,PQ,20,4,ZZOP1,
medium,454548,T,ZZOP1,40,42,01,42-SB01,01|03|05|07|09|11,4,4,0,HQ,40,1,ZZOP1,
medium,454548,T,ZZOP1,40,42,01,42-SB01,01|03|05|07|09|11,2,2,0,HQ,40,3,ZZOP1,
medium,454548,T,ZZOP1,40,42,61,,,11,11,0,HQ,40,5,ZZOP1,
medium,454548,T,ZZOPT,40,24,01,24-SB01,01|03|05|07|09|11,5,5,0,HQ,40,1,ZZOPT,
medium,454548,T,ZZOPT,40,24,05,24-SB01,01|03|05|07|09|11,4,4,0,HQ,40,2,ZZOPT,
medium,454549,OF,ILHFA,20,1A,09,1A-SB01,01|03|05|07|09|11,1,1,0,PQ,20,3,ILHFA,
medium,454549,OF,ILHFA,20,1A,09,1A-SB01,01|03|05|07|09|11,1,1,0,PQ,20,4,ILHFA,
medium,454549,OF,ILHFA,40,1A,05,1A-SB01,01|03|05|07|09|11,1,1,0,HQ,40,1,ILHFA,
medium,454549,OF,ILHFA,40,1A,05,1A-SB01,01|03|05|07|09|11,2,2,0,HQ,40,5,ILHFA,
medium,454549,OF,SGSIN,20,1A,11,1A-SB01,01|03|05|07|09|11,3,3,0,PQ,20,2,SGSIN,
medium,454549,OF,SGSIN,20,1A,13,1A-SB02,13|15|17|19|21|23,1,1,0,PQ,20,1,SGSIN,
medium,454549,OF,SGSIN,20,1A,13,1A-SB02,13|15|17|19|21|23,1,1,0,PQ,20,3,SGSIN,
medium,454549,OF,TRALI,20,1A,03,1A-SB01,01|03|05|07|09|11,1,1,0,PQ,20,5,TRALI,
medium,454549,OF,TRALI,40,1A,05,1A-SB01,01|03|05|07|09|11,1,1,0,HQ,40,5,TRALI,
medium,454585,OF,BEANR,20,59,05,59-SB01,01|03|05|07|09|11,1,0,1,MIXED,MIXED,MIXED,MIXED,
medium,454585,OF,BEANR,40,59,01,59-SB01,01|03|05|07|09|11,3,0,3,MIXED,MIXED,MIXED,MIXED,
medium,454585,OF,DEHAM,20,59,29,59-SB03,25|27|29|31|33|35,7,0,7,MIXED,MIXED,MIXED,MIXED,
medium,454585,OF,DEHAM,20,59,61,59-SB06,61|63|65|67|69|71,9,0,9,MIXED,MIXED,MIXED,MIXED,
medium,454585,OF,DEHAM,40,6A,17,6A-SB02,17|19|21|23|25|27,11,0,11,MIXED,MIXED,MIXED,MIXED,
medium,454585,OF,DEHAM,40,6A,21,6A-SB02,17|19|21|23|25|27,9,0,9,MIXED,MIXED,MIXED,MIXED,
medium,454585,OF,DEHAM,40,6A,29,6A-SB03,29|31|33|35|37|39,8,0,8,MIXED,MIXED,MIXED,MIXED,
medium,454585,OF,DEHAM,40,6A,49,6A-SB04,41|43|45|47|49|51,10,0,10,MIXED,MIXED,MIXED,MIXED,
medium,454585,OF,DEHAM,40,6A,65,,,11,0,11,MIXED,MIXED,MIXED,MIXED,
medium,454585,OF,DZAAE,40,59,25,59-SB03,25|27|29|31|33|35,3,3,0,HQ,40,1,DZAAE,
medium,454585,OF,ESBC1,20,59,07,59-SB01,01|03|05|07|09|11,1,1,0,PQ,20,3,ESBC1,
medium,454585,OF,ESBC1,20,59,07,59-SB01,01|03|05|07|09|11,1,1,0,PQ,20,4,ESBC1,
medium,454585,OF,ESBC1,40,8B,09,8B-SB01,01|03|05|07|09|11,1,1,0,HQ,40,4,ESBC1,
medium,454585,OF,ESBC1,40,8B,09,8B-SB01,01|03|05|07|09|11,3,3,0,HQ,40,5,ESBC1,
medium,454585,OF,ESBC1,40,8B,13,8B-SB02,13|15|17|19|21|23,1,1,0,PQ,40,3,ESBC1,
medium,454585,OF,ESBCN,20,59,09,59-SB01,01|03|05|07|09|11,1,1,0,PQ,20,1,ESBCN,
medium,454585,OF,ESBCN,20,59,09,59-SB01,01|03|05|07|09|11,2,2,0,PQ,20,3,ESBCN,
medium,454585,OF,ESBCN,40,69,13,69-SB02,13|15|17|19|21|23,6,6,0,HQ,40,5,ESBCN,
medium,454585,OF,ESBCN,40,69,21,69-SB02,13|15|17|19|21|23,1,1,0,HQ,40,1,ESBCN,
medium,454585,OF,ESBCN,40,69,21,69-SB02,13|15|17|19|21|23,5,5,0,HQ,40,2,ESBCN,
medium,454585,OF,ESBCN,40,69,21,69-SB02,13|15|17|19|21|23,1,1,0,HQ,40,3,ESBCN,
medium,454585,OF,ESBCN,40,69,21,69-SB02,13|15|17|19|21|23,1,1,0,HQ,40,4,ESBCN,
medium,454585,OF,ESVL3,20,59,07,59-SB01,01|03|05|07|09|11,1,1,0,PQ,20,5,ESVL3,
medium,454585,OF,ESVL3,40,7A,05,7A-SB01,01|03|05|07|09|11,1,1,0,PQ,40,2,ESVL3,
medium,454585,OF,ESVL3,40,7A,13,7A-SB02,13|15|25|27|29|33,3,3,0,HQ,40,1,ESVL3,
medium,454585,OF,ESVL3,40,7A,25,7A-SB02,13|15|25|27|29|33,10,10,0,HQ,40,6,ESVL3,
medium,454585,OF,ESVL3,40,7A,33,7A-SB02,13|15|25|27|29|33,2,2,0,HQ,40,2,ESVL3,
medium,454585,OF,ESVL3,40,7A,33,7A-SB02,13|15|25|27|29|33,2,2,0,HQ,40,5,ESVL3,
medium,454585,OF,ESVLC,20,59,07,59-SB01,01|03|05|07|09|11,1,1,0,PQ,20,1,ESVLC,
medium,454585,OF,ESVLC,20,59,07,59-SB01,01|03|05|07|09|11,1,1,0,PQ,20,3,ESVLC,
medium,454585,OF,ESVLC,40,29,25,29-SB03,25|27|29|31|33|35,7,7,0,HQ,40,1,ESVLC,
medium,454585,OF,ESVLC,40,29,25,29-SB03,25|27|29|31|33|35,4,4,0,HQ,40,2,ESVLC,
medium,454585,OF,ESVLC,40,29,25,29-SB03,25|27|29|31|33|35,2,2,0,HQ,40,3,ESVLC,
medium,454585,OF,ESVLC,40,29,25,29-SB03,25|27|29|31|33|35,1,1,0,HQ,40,4,ESVLC,
medium,454585,OF,ESVLC,40,29,29,29-SB03,25|27|29|31|33|35,1,1,0,HQ,40,4,ESVLC,
medium,454585,OF,ESVLC,40,4B,21,4B-SB02,13|15|17|19|21|23,14,14,0,HQ,40,5,ESVLC,
medium,454585,OF,ESVLC,40,59,25,59-SB03,25|27|29|31|33|35,1,1,0,HQ,40,5,ESVLC,
medium,454585,OF,FRFOS,40,59,13,59-SB02,13|15|17|19|21|23,1,1,0,HQ,40,2,FRFOS,
medium,454585,OF,FRFOS,40,59,13,59-SB02,13|15|17|19|21|23,1,1,0,HQ,40,4,FRFOS,
medium,454585,OF,FRFOS,40,59,17,59-SB02,13|15|17|19|21|23,1,1,0,PQ,40,3,FRFOS,
medium,454585,OF,FRLEH,20,59,21,59-SB02,13|15|17|19|21|23,9,0,9,MIXED,MIXED,MIXED,MIXED,
medium,454585,OF,FRLEH,40,55,05,55-SB01,01|03|05|07|09|11,6,0,6,MIXED,MIXED,MIXED,MIXED,
medium,454585,OF,FRLEH,40,59,01,59-SB01,01|03|05|07|09|11,10,0,10,MIXED,MIXED,MIXED,MIXED,
medium,454585,OF,FRLEH,40,59,61,59-SB06,61|63|65|67|69|71,3,0,3,MIXED,MIXED,MIXED,MIXED,
medium,454585,OF,FRLEH,40,59,65,59-SB06,61|63|65|67|69|71,6,0,6,MIXED,MIXED,MIXED,MIXED,
medium,454585,OF,FRLEH,40,69,09,69-SB01,01|03|05|07|09|11,4,0,4,MIXED,MIXED,MIXED,MIXED,
medium,454585,OF,FRLEH,40,7A,09,7A-SB01,01|03|05|07|09|11,4,0,4,MIXED,MIXED,MIXED,MIXED,
medium,454585,OF,FRLEH,40,7A,39,7A-SB03,35|39|41|47|49|53,4,0,4,MIXED,MIXED,MIXED,MIXED,
medium,454585,OF,FRLEH,40,7A,47,7A-SB03,35|39|41|47|49|53,1,0,1,MIXED,MIXED,MIXED,MIXED,
medium,454585,OF,FRLEH,40,7A,61,7A-SB04,55|57|61|63|69|71,1,0,1,MIXED,MIXED,MIXED,MIXED,
medium,454585,OF,FRLEH,40,8B,05,8B-SB01,01|03|05|07|09|11,8,0,8,MIXED,MIXED,MIXED,MIXED,
medium,454585,OF,FRLEH,40,8B,65,8B-SB05,57|59|61|63|65|67,5,0,5,MIXED,MIXED,MIXED,MIXED,
medium,454585,OF,ITGIT,20,59,07,59-SB01,01|03|05|07|09|11,1,1,0,PQ,20,1,ITGIT,
medium,454585,OF,ITGIT,40,29,25,29-SB03,25|27|29|31|33|35,3,3,0,HQ,40,4,ITGIT,
medium,454585,OF,ITGIT,40,38,05,38-SB01,05|07|09|11|13|15,4,4,0,HQ,40,2,ITGIT,
medium,454585,OF,ITGIT,40,4B,25,4B-SB03,25|27|29|31|33|35,20,20,0,HQ,40,1,ITGIT,
medium,454585,OF,ITGIT,40,59,57,59-SB05,49|51|53|55|57|59,6,6,0,HQ,40,1,ITGIT,
medium,454585,OF,ITGIT,40,7A,01,7A-SB01,01|03|05|07|09|11,9,9,0,HQ,40,1,ITGIT,
medium,454585,OF,ITGIT,40,8B,09,8B-SB01,01|03|05|07|09|11,3,3,0,HQ,40,1,ITGIT,
medium,454585,OF,MACAS,40,8B,69,,,1,1,0,HQ,40,1,MACAS,
medium,454585,OF,NLRTM,20,59,05,59-SB01,01|03|05|07|09|11,3,0,3,MIXED,MIXED,MIXED,MIXED,
medium,454585,OF,NLRTM,40,8B,05,8B-SB01,01|03|05|07|09|11,4,0,4,MIXED,MIXED,MIXED,MIXED,
medium,454585,OF,PTSIE,20,59,11,59-SB01,01|03|05|07|09|11,5,0,5,MIXED,MIXED,MIXED,MIXED,
medium,454585,OF,PTSIE,40,7A,61,7A-SB04,55|57|61|63|69|71,3,0,3,MIXED,MIXED,MIXED,MIXED,
medium,454585,OF,PTSIE,40,7A,69,7A-SB04,55|57|61|63|69|71,21,0,21,MIXED,MIXED,MIXED,MIXED,
medium,454585,OF,PTVSI,20,59,05,59-SB01,01|03|05|07|09|11,4,0,4,MIXED,MIXED,MIXED,MIXED,
medium,454585,OF,PTVSI,40,69,25,69-SB03,25|27|29|31|33|35,13,0,13,MIXED,MIXED,MIXED,MIXED,
medium,454585,OF,SGSIN,40,8B,01,8B-SB01,01|03|05|07|09|11,3,0,3,MIXED,MIXED,MIXED,MIXED,
medium,454585,OF,ZZOP1,40,69,21,69-SB02,13|15|17|19|21|23,8,8,0,HQ,40,1,ZZOP1,
medium,454585,OF,ZZOP1,40,8B,09,8B-SB01,01|03|05|07|09|11,5,5,0,HQ,40,2,ZZOP1,
medium,454585,OF,ZZOP1,40,8B,09,8B-SB01,01|03|05|07|09|11,1,1,0,HQ,40,3,ZZOP1,
medium,454585,OF,ZZOPT,40,59,25,59-SB03,25|27|29|31|33|35,1,1,0,HQ,40,5,ZZOPT,
medium,454585,OF,ZZOPT,40,7A,01,7A-SB01,01|03|05|07|09|11,1,1,0,HQ,40,3,ZZOPT,
medium,454585,OF,ZZOPT,40,8B,17,8B-SB02,13|15|17|19|21|23,8,8,0,HQ,40,1,ZZOPT,
medium,454585,OF,ZZOPT,40,8B,21,8B-SB02,13|15|17|19|21|23,2,2,0,HQ,40,2,ZZOPT,
medium,454585,OF,ZZOPT,40,8B,21,8B-SB02,13|15|17|19|21|23,2,2,0,HQ,40,4,ZZOPT,
medium,454585,OF,ZZOPT,40,8B,21,8B-SB02,13|15|17|19|21|23,1,1,0,HQ,40,5,ZZOPT,
medium,454710,OF,ESAGP,20,8A,05,8A-SB01,01|03|05|07|09|11,1,1,0,PQ,20,1,ESAGP,
medium,454710,OF,ESAGP,20,8A,05,8A-SB01,01|03|05|07|09|11,1,1,0,PQ,20,2,ESAGP,
medium,454710,OF,ESAGP,40,8B,69,,,2,2,0,HQ,40,2,ESAGP,
medium,454710,OF,ESAGP,40,8B,69,,,1,1,0,HQ,40,4,ESAGP,
medium,454710,OF,ITGOA,20,8A,05,8A-SB01,01|03|05|07|09|11,8,8,0,PQ,20,5,ITGOA,
medium,454710,OF,ITGOA,20,8B,13,8B-SB02,13|15|17|19|21|23,2,2,0,PQ,20,1,ITGOA,
medium,454710,OF,ITGOA,20,8B,13,8B-SB02,13|15|17|19|21|23,2,2,0,PQ,20,3,ITGOA,
medium,454710,OF,ITGOA,20,8B,13,8B-SB02,13|15|17|19|21|23,1,1,0,PQ,20,4,ITGOA,
medium,454710,OF,ITGOA,40,8A,17,8A-SB02,13|15|17|19|21|23,3,3,0,HQ,40,1,ITGOA,
medium,454710,OF,ITGOA,40,8A,17,8A-SB02,13|15|17|19|21|23,1,1,0,HQ,40,2,ITGOA,
medium,454710,OF,ITGOA,40,8A,49,8A-SB05,49|51|53|55|57|59,6,6,0,HQ,40,1,ITGOA,
medium,454710,OF,ITGOA,40,8A,53,8A-SB05,49|51|53|55|57|59,15,15,0,HQ,40,2,ITGOA,
medium,454710,OF,ITGOA,40,8A,57,8A-SB05,49|51|53|55|57|59,5,5,0,HQ,40,3,ITGOA,
medium,454710,OF,ITGOA,40,8B,41,8B-SB03,25|27|37|39|41|43,5,5,0,HQ,40,4,ITGOA,
medium,454710,OF,ITGOA,40,8B,41,8B-SB03,25|27|37|39|41|43,5,5,0,HQ,40,5,ITGOA,
medium,454710,OF,ITGOA,40,8B,45,8B-SB04,45|47|49|51|53|55,1,1,0,PQ,40,1,ITGOA,
medium,454710,OF,ITGOA,40,8B,45,8B-SB04,45|47|49|51|53|55,1,1,0,PQ,40,2,ITGOA,
medium,454710,OF,ITGOA,40,8B,45,8B-SB04,45|47|49|51|53|55,1,1,0,PQ,40,4,ITGOA,
medium,454710,OF,ITGOA,40,8B,45,8B-SB04,45|47|49|51|53|55,1,1,0,PQ,40,6,ITGOA,
medium,454710,OF,ITNAP,20,8A,05,8A-SB01,01|03|05|07|09|11,3,3,0,PQ,20,1,ITNAP,
medium,454710,OF,ITNAP,20,8A,05,8A-SB01,01|03|05|07|09|11,2,2,0,PQ,20,2,ITNAP,
medium,454710,OF,ITNAP,40,8B,45,8B-SB04,45|47|49|51|53|55,2,2,0,PQ,40,1,ITNAP,
medium,454710,OF,ITNAP,40,8B,49,8B-SB04,45|47|49|51|53|55,7,7,0,HQ,40,1,ITNAP,
medium,454710,OF,ITNAP,40,8B,53,8B-SB04,45|47|49|51|53|55,6,6,0,PQ,40,2,ITNAP,
medium,454710,OF,ITNAP,40,8B,57,8B-SB05,57|59|61|63|65|67,4,4,0,HQ,40,2,ITNAP,
medium,454710,OF,ITNAP,40,8B,61,8B-SB05,57|59|61|63|65|67,4,4,0,HQ,40,3,ITNAP,
medium,454710,OF,ITNAP,40,8B,61,8B-SB05,57|59|61|63|65|67,4,4,0,HQ,40,5,ITNAP,
medium,454710,OF,ITNAP,40,E5,19,E5-SB01,09|11|13|15|17|19,1,1,0,HQ,40,4,ITNAP,
medium,454710,OF,ITNAP,40,E5,95,,,1,1,0,PQ,40,1,ITNAP,
medium,454710,OF,ITSPE,20,8B,15,8B-SB02,13|15|17|19|21|23,5,5,0,PQ,20,5,ITSPE,
medium,454710,OF,ITSPE,20,8B,25,8B-SB03,25|27|37|39|41|43,4,4,0,PQ,20,1,ITSPE,
medium,454710,OF,ITSPE,20,8B,25,8B-SB03,25|27|37|39|41|43,3,3,0,PQ,20,4,ITSPE,
medium,454710,OF,ITSPE,20,8B,27,8B-SB03,25|27|37|39|41|43,2,2,0,PQ,20,2,ITSPE,
medium,454710,OF,ITSPE,20,8B,27,8B-SB03,25|27|37|39|41|43,4,4,0,PQ,20,3,ITSPE,
medium,454710,OF,ITSPE,40,8A,09,8A-SB01,01|03|05|07|09|11,1,1,0,HQ,40,1,ITSPE,
medium,454710,OF,ITSPE,40,8A,09,8A-SB01,01|03|05|07|09|11,3,3,0,HQ,40,2,ITSPE,
medium,454710,OF,ITSPE,40,8A,09,8A-SB01,01|03|05|07|09|11,2,2,0,HQ,40,4,ITSPE,
medium,454710,OF,ITSPE,40,8A,13,8A-SB02,13|15|17|19|21|23,1,1,0,PQ,40,1,ITSPE,
medium,454710,OF,ITSPE,40,8A,13,8A-SB02,13|15|17|19|21|23,2,2,0,PQ,40,3,ITSPE,
medium,454710,OF,ITSPE,40,8A,17,8A-SB02,13|15|17|19|21|23,1,1,0,HQ,40,3,ITSPE,
medium,454710,OF,ITSPE,40,8A,17,8A-SB02,13|15|17|19|21|23,1,1,0,HQ,40,5,ITSPE,
medium,454710,OF,ITSPE,40,8A,21,8A-SB02,13|15|17|19|21|23,1,1,0,PQ,40,2,ITSPE,
medium,454710,OF,ITSPE,40,8A,21,8A-SB02,13|15|17|19|21|23,1,1,0,PQ,40,4,ITSPE,
medium,454710,OF,SGSIN,20,8A,33,8A-SB03,25|27|29|31|33|35,12,12,0,PQ,20,4,SGSIN,
medium,454710,OF,SGSIN,40,8B,69,,,2,2,0,HQ,40,4,SGSIN,
